🚀 Starting server on port 8029
Listening on http://0.0.0.0:8029/ (http://localhost:8029/)
99
parse block 292702132,cost:63 ms
parse block 292702131,cost:46 ms
parse block 292702130,cost:42 ms
parse block 292702129,cost:38 ms
parse block 292702128,cost:75 ms
parse block 292702127,cost:14 ms
parse block 292702126,cost:52 ms
parse block 292702125,cost:57 ms
parse block 292702124,cost:30 ms
quoteSymbol not support 984GBL7PhceChtN64NWLdBb49rSQXX7ozpdkEbR1pump, skipping transaction 6NktxcSMgTP3EoMSYtaVHtiBVDZeDBqGq2LMAvZ9igcWKw2riyr2TBisfCufW5YRLEtsM7o48qfZNB5tqBT9p4Y
parse block 292702123,cost:65 ms
parse block 292702122,cost:58 ms
parse block 292702121,cost:51 ms
parse block 292702120,cost:34 ms
parse block 292702119,cost:51 ms
parse block 292702118,cost:91 ms
parse block 292702117,cost:33 ms
parse block 292702116,cost:44 ms
parse block 292702115,cost:36 ms
parse block 292702114,cost:25 ms
parse block 292702113,cost:31 ms
parse block 292702112,cost:30 ms
parse block 292702111,cost:47 ms
parse block 292702110,cost:20 ms
parse block 292702109,cost:26 ms
parse block 292702108,cost:57 ms
parse block 292702107,cost:61 ms
parse block 292702106,cost:69 ms
parse block 292702105,cost:59 ms
parse block 292702104,cost:33 ms
parse block 292702103,cost:42 ms
parse block 292702102,cost:68 ms
parse block 292702101,cost:39 ms
parse block 292702100,cost:61 ms
parse block 292702099,cost:33 ms
parse block 292702098,cost:52 ms
parse block 292702097,cost:30 ms
parse block 292702096,cost:115 ms
parse block 292702095,cost:39 ms
parse block 292702094,cost:122 ms
parse block 292702093,cost:12 ms
parse block 292702092,cost:21 ms
parse block 292702091,cost:1 ms
parse block 292702090,cost:51 ms
parse block 292702089,cost:26 ms
parse block 292702088,cost:2 ms
parse block 292702087,cost:61 ms
parse block 292702086,cost:65 ms
parse block 292702085,cost:23 ms
parse block 292702084,cost:34 ms
parse block 292702083,cost:53 ms
parse block 292702082,cost:50 ms
parse block 292702081,cost:39 ms
parse block 292702080,cost:63 ms
parse block 292702079,cost:13 ms
parse block 292702078,cost:10 ms
parse block 292702077,cost:31 ms
parse block 292702075,cost:14 ms
parse block 292702074,cost:15 ms
parse block 292702073,cost:21 ms
parse block 292702072,cost:27 ms
parse block 292702071,cost:47 ms
parse block 292702070,cost:4 ms
parse block 292702069,cost:71 ms
parse block 292702068,cost:21 ms
parse block 292702067,cost:83 ms
parse block 292702066,cost:98 ms
parse block 292702065,cost:58 ms
parse block 292702064,cost:46 ms
parse block 292702063,cost:50 ms
parse block 292702062,cost:60 ms
parse block 292702061,cost:35 ms
parse block 292702060,cost:58 ms
parse block 292702059,cost:47 ms
parse block 292702058,cost:19 ms
parse block 292702057,cost:41 ms
parse block 292702056,cost:49 ms
parse block 292702055,cost:16 ms
parse block 292702054,cost:15 ms
parse block 292702053,cost:32 ms
parse block 292702052,cost:58 ms
parse block 292702051,cost:26 ms
parse block 292702050,cost:49 ms
parse block 292702049,cost:32 ms
parse block 292702048,cost:36 ms
parse block 292702047,cost:47 ms
parse block 292702046,cost:72 ms
parse block 292702045,cost:51 ms
parse block 292702044,cost:48 ms
parse block 292702043,cost:76 ms
parse block 292702042,cost:52 ms
parse block 292702041,cost:58 ms
parse block 292702040,cost:76 ms
parse block 292702039,cost:10 ms
parse block 292702038,cost:16 ms
parse block 292702037,cost:42 ms
parse block 292702036,cost:51 ms
parse block 292702035,cost:57 ms
parse block 292702034,cost:25 ms
parse block 292702033,cost:10 ms
Invalid tokenAmount: 0, skipping transaction 5S8KUPjMfARBZRi3sDAjUgZjDMLZGy2ydX33GdJDeBntvtm52RTy1h7ThLyqk7jM6GisykhhWU8L4Qbu8Ju9JJFE
quoteSymbol not support SRMuApVNdxXokk5GT7XD5cUUgXMBCoAz2LHeuAoKWRt, skipping transaction 5fLM9ZXf7PMjTJCHEpscQKUzQ4rdfmSe4ArmcCiCRq976L5B4sHZT9T9cfFZ6Dz9AFowLVwZ9oAxJUWWbJaqu7UB
Invalid tokenAmount: 0, skipping transaction 4mSetPSPoyDDkAW8DUqUTvjRBZHDTLR2GfYQr5Nupw97q5fHEYyTbEKaSvyGz5fhozo59tmwJxXwQquvH5FfoztZ
quoteSymbol not support CAj9eUiAFFZbFQtFSQ1SB2FXUKjq819coeoKN4gkpump, skipping transaction WVRGZ247Xkam1THHBVcTvJxy7Xpb6fCavPLep3b7TcYidqVbFztaxbS7T66qizwD6HnD2k5AHWiqzzFiPoAq1KV
Invalid tokenAmount: 0, skipping transaction 5c52BXkqiypGPi2XQ6kqinuvRv65AwqRhto4m46NAT45wKYYGAmHmvFiiBYcaJEDvxLzQiu1mgHBpXc7KduHxpwU
Invalid tokenAmount: 0, skipping transaction 4gtxrv1TEztGZmcUDgRESVu66PijsqiqrBNw8NWyTen4Q6R6m8SBeig78Rz3zoEBbs1So9Aw8gk56n4gJR1UAFoD
Invalid quoteAddress: undefined, skipping transaction 45qGyXq4kCd2i7ERNXv4UPC1pEt7Mh6jYvKQ3UFxGGqrYMRUXVuvVZxuVjnKq2XCh9kWABoUTiTQ5kbA1K2KHp8Q
Invalid tokenAmount: 0, skipping transaction 2vRUz1AmJVUvvvXuMcn3gtjuXpL5JEHDMamx3pfaF9QtLysfpwnmdchLXnZDD9NHAofNYqT6vTVh3yTh6AEMUtj8
Invalid quoteAddress: undefined, skipping transaction 5QkQ4FY3YMht6c4XcQCddm8m6oVxa67NFZ1FM9JsYuVMKUCNyp1DZrxjKYVxMj5pgwFCkxeTSsH48xQHbhwuP2VS
Invalid quoteAddress: undefined, skipping transaction 3b1meCuyr2hNjyGGiB2nYubxUjisJ51kYXXks9LjZpXp17wWr3nhXySwCnF1Ys3mphfzFoRaKYB3V28QwZrA8NN3
Invalid tokenAmount: 0, skipping transaction 3JteWxCiNE9HgPxBtcEm2ACz13YTVsow9geK7mr2KMHb8FFvWBMczbXVknqXpsqB3P5TSMrQM17xXEyQhhSTqWn5
Invalid tokenAmount: 0, skipping transaction 3YtUfj5zQPaMyAwrHAnYbEKT57hAWcj1uVR6EtxuyKzJxJ22fSpgWSf3ivoLyV5bNcyrxRLthQDRwnsvXN38F4ea
Invalid quoteAddress: undefined, skipping transaction pr9mB9FYQMYqhCmWQVv2cYhraPe89399PHwiVJBbsXLnoW2axxgwtprZeLjFzSEbK5pheB8DKrTps57miSZHTJn
quoteSymbol not support Cq1y5UdQfqf1JMFw98iEYHRXm1VY7aLxhdShxGbffp7e, skipping transaction 2P9ECuxzbGtnTidGejFLSJa4kQueebyxMwpPHvoQ8rKA7XwRNpvkn8kE8aL9feJ39R7gPJ5XzeSxZEGknMLg4A33
Invalid tokenAmount: 0, skipping transaction 5ZTfsfqjwBVX5mBUbucTqL4ytdFFKf89eK87dYU1g17oSEdrzUgDvxz55d71mKsyDaLj5GiH57JVdx2ViyJovEqH
✅ 插入 10086 条记录到 solana_history_data_new
HIGH PERFORMANCE: parse 99 blocks, cost: 4818 ms
[Port 8029] server total use, cost: 4818 ms
88
parse block 292698732,cost:13 ms
parse block 292698731,cost:5 ms
parse block 292698730,cost:0 ms
parse block 292698729,cost:3 ms
parse block 292698728,cost:8 ms
parse block 292698727,cost:75 ms
parse block 292698726,cost:18 ms
parse block 292698725,cost:29 ms
parse block 292698724,cost:59 ms
parse block 292698723,cost:57 ms
parse block 292698722,cost:49 ms
parse block 292698721,cost:24 ms
parse block 292698720,cost:81 ms
parse block 292698719,cost:22 ms
parse block 292698718,cost:34 ms
parse block 292698717,cost:46 ms
parse block 292698716,cost:32 ms
parse block 292698715,cost:48 ms
parse block 292698714,cost:51 ms
parse block 292698713,cost:53 ms
parse block 292698712,cost:85 ms
parse block 292698707,cost:19 ms
parse block 292698706,cost:77 ms
parse block 292698705,cost:39 ms
parse block 292698704,cost:32 ms
parse block 292698703,cost:26 ms
parse block 292698702,cost:49 ms
parse block 292698701,cost:47 ms
parse block 292698700,cost:41 ms
parse block 292698699,cost:59 ms
parse block 292698698,cost:103 ms
parse block 292698697,cost:48 ms
parse block 292698696,cost:17 ms
parse block 292698695,cost:60 ms
parse block 292698694,cost:17 ms
parse block 292698693,cost:47 ms
parse block 292698692,cost:27 ms
parse block 292698691,cost:67 ms
parse block 292698690,cost:53 ms
parse block 292698689,cost:42 ms
parse block 292698688,cost:30 ms
parse block 292698687,cost:44 ms
parse block 292698686,cost:41 ms
parse block 292698685,cost:12 ms
parse block 292698684,cost:48 ms
parse block 292698683,cost:9 ms
parse block 292698682,cost:83 ms
parse block 292698681,cost:61 ms
parse block 292698680,cost:85 ms
parse block 292698679,cost:46 ms
parse block 292698678,cost:45 ms
parse block 292698677,cost:51 ms
parse block 292698676,cost:70 ms
parse block 292698675,cost:30 ms
parse block 292698674,cost:84 ms
parse block 292698673,cost:44 ms
parse block 292698672,cost:29 ms
parse block 292698671,cost:83 ms
parse block 292698670,cost:44 ms
parse block 292698669,cost:42 ms
parse block 292698668,cost:21 ms
parse block 292698667,cost:55 ms
parse block 292698666,cost:56 ms
parse block 292698665,cost:46 ms
parse block 292698664,cost:33 ms
parse block 292698663,cost:45 ms
parse block 292698662,cost:28 ms
parse block 292698661,cost:30 ms
parse block 292698660,cost:56 ms
parse block 292698659,cost:28 ms
parse block 292698658,cost:23 ms
parse block 292698657,cost:101 ms
parse block 292698652,cost:86 ms
parse block 292698647,cost:27 ms
parse block 292698646,cost:27 ms
parse block 292698645,cost:50 ms
parse block 292698644,cost:7 ms
parse block 292698643,cost:33 ms
parse block 292698642,cost:29 ms
parse block 292698641,cost:40 ms
parse block 292698640,cost:46 ms
parse block 292698639,cost:44 ms
parse block 292698638,cost:74 ms
parse block 292698637,cost:9 ms
parse block 292698636,cost:39 ms
parse block 292698635,cost:59 ms
parse block 292698634,cost:27 ms
parse block 292698633,cost:43 ms
Invalid tokenAmount: 0, skipping transaction 2o6dHwH8DgteaeaFT4Y6Gp1yNQa9qR63nGDQWZVj4HUi4ZMiwVhQPkMWp54QBecyoZChauuEhgmp2Xxnzm8aA69s
quoteSymbol not support 4k3Dyjzvzp8eMZWUXbBCjEvwSkkk59S5iCNLY3QrkX6R, skipping transaction 4vgny14w6cLxSs6RxT21cJ4CCrvdVhV3QhTZQLrPGqy9DCcHFBoVyG65mRUP3bJBbEKAt3GkcU2GeqPNVDsv3qFy
quoteSymbol not support 4k3Dyjzvzp8eMZWUXbBCjEvwSkkk59S5iCNLY3QrkX6R, skipping transaction 3KdA9bFo9X3gqegW6MhjE13rrvHF8vTvMnktYUGrSwBRB8ceFi1hUE2mwckxeu12REbxnGB48Dy9iBqR5kYg9EsH
quoteSymbol not support 4k3Dyjzvzp8eMZWUXbBCjEvwSkkk59S5iCNLY3QrkX6R, skipping transaction 2K8rQgbPVMcQaqC7N2yEx8AnRaguivMUHGqd8D8oXTmWfhxaJ7pLfKoCL3ohN3VUcH4HeWvuogQa9wh44T2tnb7J
quoteSymbol not support 4k3Dyjzvzp8eMZWUXbBCjEvwSkkk59S5iCNLY3QrkX6R, skipping transaction 5C1v5PWb5xPBXAJJffoHyEGCxxTieMHoPDxMdvwxpiAd41aXJUWudeCbL6znDJKyK8CBazLFD6CCRW9yXTZDGKNj
Invalid quoteAmount: 0, skipping transaction 25WK3BorwDMw7HDQAveenzjwZQa13K6hnZzRN3jGFZ2rbhXkVKaCgy7zsh3wBEHpna7jrWbNQA1yFwZAR47wofaZ
Invalid tokenAmount: 0, skipping transaction 65bg2immYTZqSN9X4eDES4Yi1CW7ze8CZXUhfaTc28WeoyKtkJA18j5AYM59qRawrH3rb4Vji9yv8cRZCVqLeNMQ
Invalid quoteAddress: undefined, skipping transaction 4CdvwiS922pziZ4mnrAiugfoB6XjSDzL9GPZcVxXQ16rVdU8WVdTFHjeWyR8AP3mDzfQLcaqu252QZAzG24bJqkb
Invalid tokenAmount: 0, skipping transaction 3nbWG7UFPtZSyqWLUPdVn37DsyUMoLxVkEKhc6LQ99dVfwgiQ6KMxWxAsaqy68Zmuw9XushfRqPkcPSKhhVtaQT9
quoteSymbol not support 9wZVZFxeH3wchyC8cNKiTzcV3CbVjKiydppVxnh7rECS, skipping transaction 2ZA5e19JpGCYLWEE4vmjiXQ2C3BYitaFArpELpvGASumUffUUaVqXt2kTVrVAQGphicrTLzTNjKHJKR9zLeiBE42
quoteSymbol not support jtojtomepa8beP8AuQc6eXt5FriJwfFMwQx2v2f9mCL, skipping transaction 5HC8QwHDYiaPnZdWUcj5CDePfhQuUwsFDwE9GrevqEN6hiNqhNvkQ3Xz9QYDS2FzEhReGBqCVWrNNbbA7vhbqb2m
quoteSymbol not support 4k3Dyjzvzp8eMZWUXbBCjEvwSkkk59S5iCNLY3QrkX6R, skipping transaction 4mhDiUrsd9rWred3fgPRafWQeR1CA6zkbruaye4oZ99UiidBzan6ry3oyi9o4Uk5AuxuQ6T2FzpbNSaMY4ZH9XBC
quoteSymbol not support Bb1ZokLUdoJ8Dj8Uok75MLLnUqaGYvojqUDzceg2H93z, skipping transaction YtD5tAng2CBeyVM56be683eXMeCGP6ehrsU7mXRJPcyVvYfYmgFfe3wPAZD4zPXnrvs3yS9aytYxVBZFZQFWpxn
quoteSymbol not support jtojtomepa8beP8AuQc6eXt5FriJwfFMwQx2v2f9mCL, skipping transaction 5ebycoywEtSfwYzxhAizdy2jVZ57FtnWyRV7CZNhsrUPZUZkCQoA4ngTMxG6ZPQ1Aocb2y3F211ToCVA8oRtLFXb
quoteSymbol not support jtojtomepa8beP8AuQc6eXt5FriJwfFMwQx2v2f9mCL, skipping transaction 3uQGuA82DqHGnSLmsDRdkMLVqzW95c7XqeLK8GsKV5QEw2ZaAuXBRAigpMaGheqjRuVrk9NcZkaE2kAT27hcqEGc
quoteSymbol not support CgC2GUe2GFxab4FhsU83sAJfJ9L1GSjBbaaXFX43GHge, skipping transaction 4foxQfwyWWHcAoruAD1CaxLuvYfiVUUmcamPukMchuLc1nh5ccN9FLZerDcubGiySMsoNhYxc6HnPtWaaQXDCVGx
quoteSymbol not support CgC2GUe2GFxab4FhsU83sAJfJ9L1GSjBbaaXFX43GHge, skipping transaction 4VdhSZ7wS48jqdytD3B6SwGnA3FHybEUvT1AXVFsGmvNeBy83sMHbtgofC5ZdWths6kAM2oJ9KHJDsbZZjD8FkiQ
quoteSymbol not support 4y9E3tJpGNzRr1592oWTPECgyp2VDSc1Bf3DqAm5FZsK, skipping transaction 4327bieWRWuHEZBA7CXSkEqnoar5bZzozfybDiAHiLcUHp9t43NLpjfXAgDVF65u2QLvSwcYBJeHr33imL2DPCDz
✅ 插入 6995 条记录到 solana_history_data_new
HIGH PERFORMANCE: parse 88 blocks, cost: 4197 ms
[Port 8029] server total use, cost: 4197 ms
96
parse block 292697132,cost:72 ms
parse block 292697131,cost:2 ms
parse block 292697130,cost:39 ms
parse block 292697129,cost:71 ms
parse block 292697128,cost:70 ms
parse block 292697127,cost:55 ms
parse block 292697126,cost:42 ms
parse block 292697125,cost:52 ms
parse block 292697124,cost:81 ms
parse block 292697123,cost:35 ms
parse block 292697122,cost:64 ms
parse block 292697121,cost:32 ms
parse block 292697120,cost:34 ms
parse block 292697119,cost:47 ms
parse block 292697118,cost:23 ms
parse block 292697117,cost:39 ms
parse block 292697116,cost:62 ms
parse block 292697115,cost:61 ms
parse block 292697114,cost:51 ms
parse block 292697113,cost:50 ms
parse block 292697112,cost:34 ms
parse block 292697111,cost:29 ms
parse block 292697110,cost:44 ms
parse block 292697109,cost:19 ms
parse block 292697108,cost:64 ms
parse block 292697107,cost:57 ms
parse block 292697106,cost:53 ms
parse block 292697105,cost:49 ms
parse block 292697104,cost:54 ms
parse block 292697103,cost:76 ms
parse block 292697102,cost:54 ms
parse block 292697101,cost:34 ms
parse block 292697100,cost:55 ms
parse block 292697099,cost:25 ms
parse block 292697098,cost:30 ms
parse block 292697097,cost:31 ms
parse block 292697096,cost:78 ms
parse block 292697095,cost:38 ms
parse block 292697094,cost:61 ms
parse block 292697093,cost:35 ms
parse block 292697092,cost:36 ms
parse block 292697091,cost:72 ms
parse block 292697090,cost:33 ms
parse block 292697089,cost:34 ms
parse block 292697088,cost:65 ms
parse block 292697087,cost:60 ms
parse block 292697086,cost:62 ms
parse block 292697085,cost:41 ms
parse block 292697084,cost:86 ms
parse block 292697083,cost:45 ms
parse block 292697082,cost:79 ms
parse block 292697081,cost:59 ms
parse block 292697080,cost:54 ms
parse block 292697079,cost:40 ms
parse block 292697078,cost:22 ms
parse block 292697077,cost:32 ms
parse block 292697076,cost:78 ms
parse block 292697075,cost:76 ms
parse block 292697074,cost:84 ms
parse block 292697073,cost:45 ms
parse block 292697072,cost:36 ms
parse block 292697071,cost:32 ms
parse block 292697070,cost:51 ms
parse block 292697069,cost:22 ms
parse block 292697068,cost:57 ms
parse block 292697067,cost:66 ms
parse block 292697066,cost:31 ms
parse block 292697065,cost:25 ms
parse block 292697064,cost:47 ms
parse block 292697063,cost:43 ms
parse block 292697062,cost:53 ms
parse block 292697061,cost:32 ms
parse block 292697060,cost:58 ms
parse block 292697059,cost:22 ms
parse block 292697058,cost:26 ms
parse block 292697057,cost:46 ms
parse block 292697056,cost:15 ms
parse block 292697055,cost:39 ms
parse block 292697054,cost:41 ms
parse block 292697053,cost:32 ms
parse block 292697052,cost:38 ms
parse block 292697051,cost:19 ms
parse block 292697050,cost:34 ms
parse block 292697049,cost:28 ms
parse block 292697048,cost:56 ms
parse block 292697047,cost:68 ms
parse block 292697046,cost:53 ms
parse block 292697045,cost:46 ms
parse block 292697044,cost:110 ms
parse block 292697039,cost:54 ms
parse block 292697038,cost:41 ms
parse block 292697037,cost:60 ms
parse block 292697036,cost:43 ms
parse block 292697035,cost:47 ms
parse block 292697034,cost:49 ms
parse block 292697033,cost:33 ms
quoteSymbol not support 4k3Dyjzvzp8eMZWUXbBCjEvwSkkk59S5iCNLY3QrkX6R, skipping transaction 4CfoNveLfPBiidoUWS8ZWMaEQxGfGxpZdUYZPTuTSKwhyFRBYxwg1AazpRBsamkvqDFRuZ1CXyFQem8Rg1E4yrxZ
quoteSymbol not support 3WPep4ufaToK1aS5s8BL9inzeUrt4DYaQCiic6ZkkC1U, skipping transaction iyTLqKj4utSP4XCDyD1aA27JUGraRp64x9qpEmzKGkrpTUWSvRoKvMZgaieJTci59is2DrN4zYC4NDzmZXMbrfw
Invalid tokenAmount: 0, skipping transaction 2AKhb4TCNmhzjF1SCXnmvS9gqcYSNJzKihTMTCyNTMMC45c5UykW1kT9E2MW4ryAQZPKxfs9PeQApnwQxT5ymbZe
Invalid tokenAmount: 0, skipping transaction 54aiKNWji9XTSkCxkBUf6eEaUN6qfR8tQ1y58aD3L2bZgr4NHUVeuMzNFL8mgiKSar2XmXB8SbBjt2pgw42HrBtH
Invalid quoteAmount: 0, skipping transaction 3QVvs1FYo15HvWiHivafuCaKqBygqK3QyFtcdU7ovgFJpbi6g2uSsCjazEV4u7RuE7SqNdoaTWJusdRyEUUFjnAa
quoteSymbol not support 7GCihgDB8fe6KNjn2MYtkzZcRjQy3t9GHdC8uHYmW2hr, skipping transaction 3zccNMYuyrAjjchapgMKaDJ65v6Ydzcns4qkzDvFUkvpSTKvRpq5697PrhgjWDN7ykRpreYj7QAKGjUFASMo3NS2
quoteSymbol not support 6QVcbM9NSRhdSj93A9qbC7z8Bs7LRyPXQbaFFrGVyCf7, skipping transaction FBH34K9WcK2V1WxJWh249Hdaq4kLMpHsupy7raQjdcMW82kudDFPcFptT9hyvyRppAPzqPwusJ7X4S45kvJUccB
quoteSymbol not support 4k3Dyjzvzp8eMZWUXbBCjEvwSkkk59S5iCNLY3QrkX6R, skipping transaction 6Y7752yZxmzWfFzb3BiC2FcUqu3kiRerV26cee9z1X8CwWYfNqek67ikr9WZrkn3R9f7DGrEiAMNvWVLQXB6M91
quoteSymbol not support 5hNH9FH4AgQ9AVp7vVxydyvSH6MXUpqAFvss1YgZpump, skipping transaction 2a4BeoaEWBKm6x9JvHTdKGhnedX6Lu39cg74p2gqpgwGMTQRWFw6AftxU31i5wBfsBh4DAFSto5S2tbC4GGJGF5V
Invalid quoteAmount: 0, skipping transaction kAP4wom7Qqh7U1z82wD8EGNaKqDzenXbhQW7hweHC4UejAy3BbN7kYKTAnDdqmNs2keMHzwxTE4EHPCSsfyvjCW
Invalid tokenAmount: 0, skipping transaction 47pM9uM4tHGFk4726NPQPXNUrEE8YV9dsDoMpS9TSkD16NtbttjYLFWb1AoJBUooiMR5WL1cpiLVZ7JNvwbectkT
quoteSymbol not support 11W8vakvavnP9aryEK8jmDDsdeWE6S6SGu8Fjkipump, skipping transaction 2wxB4myvw2tEAb6x5FSKacKtsd6nX2rSKN3jgPVZ7dKwuYtHU5mPy6XY64uJiRTMtMFFu2uUdryHFmUjFjqYc53b
Invalid quoteAmount: 0, skipping transaction 37Tz4fuVfuCpszAyeYs1xcdtqQa5mSPJj3b1ymzxDN3qhpcvh5m6YNnMWWGVr1fMpkPGSSS8Kfc1nz9PrYBPPCKH
quoteSymbol not support 2DfxrMSigiH2PwtB288dSjHTTrKUQ46DiTzeaFXn5fcF, skipping transaction bvVcbnp3EVgVYJGp8gUKVLRrHCxKEA1yTRefoGnosL4mXjxCYQxWvqf8B13tJ2HUBh4L4953i3HHDmAmZUq6dQT
quoteSymbol not support GVTEszhnfHZxHGWa7okpHuiiTT6xEstFxC6g2agWbfAZ, skipping transaction 5mmb23EW5QZjGTN6ZRKMo1uztNaRr5NsWiEz9sgyLVFUw34RHcresZ4q1R89zRx1axgRuhLo8wGq1SQDXUdGu9CZ
quoteSymbol not support 2ViLHyok8gMXwDvaSd8UsbnnRVj58pACKFNTbfeFpump, skipping transaction 4QURTF4oTsMia8VCN9dUJvykBuBdrhJDpfXqMs3B3TjHQHBt8N8MqvZpDoQb51CrEvZSfqkgTQHf1DaNJHva63df
quoteSymbol not support zVTMqmViptbSiVf1Hert3qrXK1FjcZujzxhgPbbpump, skipping transaction 5Jovvp7rdHbHgH9PYXht9euTtULTutwCgzirAntAaUmqKHs6K98gSsKCe3VMJ7Adyym6rS6fDtaigxuXY8xKHkHP
Invalid tokenAmount: 0, skipping transaction 4PZqxMYCbSDLTdWHCokMhSUFzg6ZkJt1Cgamhk8TiwhcX9TwRRsA6ZRmCZfr49M94QY6WEHRG1o6ofHdK1HL9Xwd
✅ 插入 9922 条记录到 solana_history_data_new
HIGH PERFORMANCE: parse 96 blocks, cost: 5007 ms
[Port 8029] server total use, cost: 5007 ms
89
parse block 292693232,cost:60 ms
parse block 292693231,cost:41 ms
parse block 292693230,cost:49 ms
parse block 292693229,cost:31 ms
parse block 292693228,cost:50 ms
parse block 292693227,cost:58 ms
parse block 292693226,cost:64 ms
parse block 292693225,cost:31 ms
parse block 292693224,cost:32 ms
parse block 292693223,cost:74 ms
parse block 292693222,cost:50 ms
parse block 292693221,cost:42 ms
parse block 292693220,cost:51 ms
parse block 292693219,cost:17 ms
parse block 292693218,cost:22 ms
parse block 292693217,cost:76 ms
parse block 292693216,cost:124 ms
parse block 292693211,cost:62 ms
parse block 292693210,cost:27 ms
parse block 292693209,cost:17 ms
parse block 292693208,cost:9 ms
parse block 292693207,cost:59 ms
parse block 292693206,cost:52 ms
parse block 292693205,cost:73 ms
parse block 292693204,cost:31 ms
parse block 292693203,cost:21 ms
parse block 292693202,cost:41 ms
parse block 292693201,cost:35 ms
parse block 292693200,cost:33 ms
parse block 292693199,cost:54 ms
parse block 292693198,cost:104 ms
parse block 292693197,cost:32 ms
parse block 292693196,cost:38 ms
parse block 292693195,cost:61 ms
parse block 292693194,cost:41 ms
parse block 292693193,cost:34 ms
parse block 292693192,cost:37 ms
parse block 292693191,cost:61 ms
parse block 292693190,cost:83 ms
parse block 292693189,cost:61 ms
parse block 292693188,cost:46 ms
parse block 292693187,cost:34 ms
parse block 292693186,cost:45 ms
parse block 292693185,cost:44 ms
parse block 292693184,cost:32 ms
parse block 292693183,cost:39 ms
parse block 292693182,cost:65 ms
parse block 292693181,cost:63 ms
parse block 292693180,cost:62 ms
parse block 292693179,cost:37 ms
parse block 292693178,cost:45 ms
parse block 292693177,cost:37 ms
parse block 292693176,cost:37 ms
parse block 292693175,cost:38 ms
parse block 292693174,cost:52 ms
parse block 292693173,cost:19 ms
parse block 292693172,cost:71 ms
parse block 292693171,cost:36 ms
parse block 292693170,cost:35 ms
parse block 292693162,cost:13 ms
parse block 292693161,cost:25 ms
parse block 292693160,cost:68 ms
parse block 292693159,cost:12 ms
parse block 292693158,cost:23 ms
parse block 292693157,cost:16 ms
parse block 292693156,cost:43 ms
parse block 292693155,cost:42 ms
parse block 292693154,cost:60 ms
parse block 292693153,cost:64 ms
parse block 292693152,cost:13 ms
parse block 292693151,cost:49 ms
parse block 292693150,cost:44 ms
parse block 292693149,cost:52 ms
parse block 292693148,cost:36 ms
parse block 292693147,cost:29 ms
parse block 292693146,cost:72 ms
parse block 292693145,cost:18 ms
quoteSymbol not support J1toso1uCk3RLmjorhTtrVwY9HJ7X8V9yYac6Y7kGCPn, skipping transaction 5aUsxYkj6nPT4kUhdQYiBuTJDr1Qm5o14BNZKc4VpYNz3fqJk95i6jcLHiUZeC9rzDLTEfGL11Nf7Trjv3YdTFnq
parse block 292693144,cost:35 ms
parse block 292693143,cost:54 ms
parse block 292693142,cost:45 ms
parse block 292693141,cost:58 ms
parse block 292693140,cost:15 ms
parse block 292693139,cost:68 ms
parse block 292693138,cost:81 ms
parse block 292693137,cost:46 ms
parse block 292693136,cost:46 ms
parse block 292693135,cost:10 ms
parse block 292693134,cost:15 ms
parse block 292693133,cost:14 ms
quoteSymbol not support J1toso1uCk3RLmjorhTtrVwY9HJ7X8V9yYac6Y7kGCPn, skipping transaction 5t9sGp6V48ZpQCr4siEgjCxFLv7PzYA6bRb4qdec1X2cKYFJSqTc3dZZHFDVeaYfMH5DsEZrn9V4gPXdshk76Ed1
quoteSymbol not support DzdZ85vgihPv6V5nGhjKwNAaLh3JWHGa2Z3vmFYNpump, skipping transaction 37r46t5UKzYtUyKyyr5TXnYdaiAkTGC8QLFjD4Ps3bWPUxtoFnHDs8y26xQ8JWmYpQ225AnfEQsEFJggVFwzf6aU
Invalid tokenAmount: 0, skipping transaction 293ZFEZDngHixpWAwxJ1ci98PgkKmFfsmTfNkiNsqvu3vyZbLkVBBAFprdkfecsNSyiM4tjnxe6sQ2EjtDBsJ96z
Invalid quoteAddress: undefined, skipping transaction 54hXEcY3HCRmWCNYSW4Y5kSk3QmG27i72uppQ588LWsr4wEwaY6EmhfhQ7eTrk8HNq5mvuFhPuEDNSysKt77LJSb
Invalid tokenAmount: 0, skipping transaction 2f5RnBYYExh4sbnYerfLkid7T1DWXk4uEwrW1JtN5fgBXaYzQioQeXyBJFTZZuXRnUgTacZ2pJrFQQdmLEsSRWk
quoteSymbol not support 8jnGePqBBq1KQfPvqA7zAZySiFTyy8tv2zA8u6nHhsdo, skipping transaction 5diueTwyN68huTMn2ZG5Zp3CSjT5FZxo1aduGkeby9bavKsqdDTPQx59K7PGATxuAvVdbQP3e6UAKiEU5UWkbBty
Invalid quoteAmount: 0, skipping transaction wM6v9gwLTAFGhhSqrzQ3FBCEuuqADxF6e9MsWQ4CmAp7m4qPweYegM2hKwWALZorCZFMg5Tcw9KE1FVHFgKABhp
Invalid quoteAmount: 0, skipping transaction 2KAv8xaJYX8ZZX5g8VGVMZ1CpN4hSFKFLLLECNTgKL4wdAvMPsqG9fBG9j6wP239dy9hARv26kdseuayPhhwTpEG
Invalid tokenAmount: 0, skipping transaction 4iYXyWwhCNqtUTMJY85C38VjcpWkL8pGntaQLaDn5HQCKoGii6DhjPjHiWN4LmxtJqjzsykgw6iqLe2afAdUDvrg
Invalid tokenAmount: 0, skipping transaction VhueMxEzGgCw7acmcHu8WZUNgu89GfEDWzq8wSgJrK2aJJgbwdvmegqUNUYMhyE1n2TQxK2b1Tuj1Sr2KDuA6d6
Invalid tokenAmount: 0, skipping transaction 3ViwPCVcMaiLxxQibHdHxVHvY7aZMKVoYFsQGP8kukv5JPTYdRWnP9D6Mt897xhEyEPheQufHU9bGBwqkNxTVSVC
quoteSymbol not support AZsHEMXd36Bj1EMNXhowJajpUXzrKcK57wW4ZGXVa7yR, skipping transaction 4wj8jxjZ72hNULawJRWgfVhMqeMqjEzNBZFK4GDGjSuCpwsWvLW3TXF4Bu3BaWucXfdXTwoDrNwo12EpEQAwmb63
Invalid quoteAmount: 0, skipping transaction 3QbtPbg7ydUY7aHcMJjhwdd197x9aTgqiN7DoxC3RqybLjQxg7ZbWigKaFmQJg53qgkQ9BcnXVZCNutxJGFePUa7
Invalid tokenAmount: 0, skipping transaction 21dhpsQAwF3TQqnJFi5Aib6wxR7kN33sL9N1cQEPjCgTr8tovi8R8ssFVmo83aHEhhpuyxaspywocEjZ9ExEFS9S
Invalid quoteAmount: 0, skipping transaction 56WWBxcLALce91DSpN1jC6XqWmpMV7od4UNSmnGHSyjcd9bHPDs26HrvjijQrova8ksP69cWQyRJErncfMWa7BoJ
quoteSymbol not support 2TgzyxGRfCz7EJQb7daUz6sZgwvVYkZBdJtFDeHopump, skipping transaction 3cDB4g7UzATdecGtNmBZxakLfeHMnyviWVyRzZw5ktkrMKyKk1cWPvHQN4STocKA8RzM525YpQdZR5vhZp55Ucnn
✅ 插入 7943 条记录到 solana_history_data_new
HIGH PERFORMANCE: parse 89 blocks, cost: 4370 ms
[Port 8029] server total use, cost: 4370 ms
96
parse block 292691332,cost:85 ms
parse block 292691331,cost:2 ms
parse block 292691330,cost:5 ms
parse block 292691329,cost:3 ms
parse block 292691328,cost:86 ms
parse block 292691327,cost:0 ms
parse block 292691326,cost:47 ms
parse block 292691325,cost:26 ms
parse block 292691324,cost:78 ms
parse block 292691323,cost:23 ms
parse block 292691322,cost:18 ms
parse block 292691321,cost:71 ms
parse block 292691320,cost:36 ms
parse block 292691319,cost:41 ms
parse block 292691318,cost:55 ms
parse block 292691317,cost:87 ms
parse block 292691316,cost:68 ms
parse block 292691315,cost:47 ms
parse block 292691314,cost:6 ms
parse block 292691313,cost:25 ms
parse block 292691312,cost:22 ms
parse block 292691311,cost:28 ms
parse block 292691310,cost:60 ms
parse block 292691309,cost:94 ms
parse block 292691308,cost:15 ms
parse block 292691303,cost:98 ms
parse block 292691302,cost:50 ms
parse block 292691301,cost:32 ms
parse block 292691300,cost:30 ms
parse block 292691299,cost:5 ms
parse block 292691298,cost:32 ms
parse block 292691297,cost:37 ms
parse block 292691296,cost:96 ms
parse block 292691295,cost:18 ms
parse block 292691294,cost:36 ms
parse block 292691293,cost:36 ms
parse block 292691292,cost:82 ms
parse block 292691291,cost:58 ms
parse block 292691290,cost:24 ms
parse block 292691289,cost:49 ms
parse block 292691288,cost:66 ms
parse block 292691287,cost:10 ms
parse block 292691286,cost:10 ms
parse block 292691285,cost:53 ms
parse block 292691284,cost:45 ms
parse block 292691283,cost:67 ms
parse block 292691282,cost:37 ms
parse block 292691281,cost:23 ms
parse block 292691280,cost:68 ms
parse block 292691279,cost:19 ms
parse block 292691278,cost:19 ms
parse block 292691277,cost:36 ms
parse block 292691276,cost:53 ms
parse block 292691275,cost:29 ms
parse block 292691274,cost:97 ms
parse block 292691273,cost:59 ms
parse block 292691272,cost:70 ms
parse block 292691271,cost:32 ms
parse block 292691270,cost:32 ms
parse block 292691269,cost:45 ms
parse block 292691268,cost:41 ms
parse block 292691267,cost:72 ms
parse block 292691266,cost:50 ms
parse block 292691265,cost:48 ms
parse block 292691264,cost:58 ms
parse block 292691263,cost:23 ms
parse block 292691262,cost:17 ms
parse block 292691261,cost:47 ms
parse block 292691260,cost:59 ms
parse block 292691259,cost:52 ms
parse block 292691258,cost:42 ms
parse block 292691257,cost:41 ms
parse block 292691256,cost:71 ms
parse block 292691255,cost:5 ms
parse block 292691254,cost:12 ms
parse block 292691253,cost:30 ms
parse block 292691252,cost:32 ms
parse block 292691251,cost:18 ms
parse block 292691250,cost:54 ms
parse block 292691249,cost:49 ms
parse block 292691248,cost:81 ms
parse block 292691247,cost:73 ms
parse block 292691246,cost:30 ms
parse block 292691245,cost:36 ms
parse block 292691244,cost:26 ms
parse block 292691243,cost:37 ms
parse block 292691242,cost:43 ms
parse block 292691241,cost:38 ms
parse block 292691240,cost:30 ms
parse block 292691239,cost:55 ms
parse block 292691238,cost:24 ms
parse block 292691237,cost:36 ms
parse block 292691236,cost:64 ms
parse block 292691235,cost:35 ms
parse block 292691234,cost:42 ms
parse block 292691233,cost:55 ms
quoteSymbol not support 7GCihgDB8fe6KNjn2MYtkzZcRjQy3t9GHdC8uHYmW2hr, skipping transaction 47USDMPzKkU6SpRcCCc4KVd7R1QE8fj66DAMqpeMRkst3JsMQfrkNF6W2odsf9fxjfFNZ3GYHKRQz2PGqkPt5RL5
quoteSymbol not support 5RyGF7NMbhLW6chpwMSVgNxu1GMc3g12XpwJWkAVpump, skipping transaction 4tzEhf9SkPuPxuYMC9651Trf4UsnhaSf3WwQ2wi2ZTi5SN1scGBrSKdUKbngDM18CPpLkPnqcfFUbhpahADGEZbP
quoteSymbol not support 2niLT8fZQi8GDJQWs8SUWu3uxnRMMAwHzFPPZ8C8pump, skipping transaction 5A9hQ1WtXYLopSwncVjfAXBXZiXFWDr2g2aj94cyera3VkfdpvcY65GV9G8sqDYKtdZ5YX1RgZGwJfbt5Q6AcnuC
quoteSymbol not support Ay79xDiXeRzaSP1HHWpYppi3m8adAkDnmdkBgehqkMcs, skipping transaction ADVwf5w4JxJRYYER8EBs2gwHvZrTEReBqDWQeERcBUs3dWTafwdCrbNZHrsmJLZwk9BMHpLu38HPQSUQd34XraF
quoteSymbol not support J4kisnm6yA9gHXhyCmmoFEV8C4eTnHDKBC4Tcd6upump, skipping transaction 5KFaQ27vTE9cNqGLwefHVokfvqdWour6BRFtfQSZFjegvN5fTpR6zsLdCaFWEPiHKYR9oDDy1J514jGg9M5jD5Bn
quoteSymbol not support J4kisnm6yA9gHXhyCmmoFEV8C4eTnHDKBC4Tcd6upump, skipping transaction j2zhigkFH4RT4VPQ9teT1RmetxkoWCvBCfpmbsU79tkG8bddTa1pzUmhiHckvfo4NFkjyTnhPsXezmkKtAqaM43
Invalid quoteAmount: 0, skipping transaction 26fUGQWZyZk9xWH9vrTyB4fVGbWYRqcdCjWWsjrfqRGyXVNZf6yrYwamMZKQsox5weFPzfHbWZQBc1qT89mNF6ph
Invalid quoteAmount: 0, skipping transaction 58wjnqLGGXjm8Gcvn4oLs7pEPtRTevhM6gu1W2YTt6JmococHKNQbcgnZWF52GP27Y17cHBFWYwhpY9SDEChEdZK
quoteSymbol not support poLisWXnNRwC6oBu1vHiuKQzFjGL4XDSu4g9qjz9qVk, skipping transaction 4yd28YfyS5Z1wdQ6g3rB9ju189CrME9LHNP7XahYw7xgxcF7fnvja9C7tgvyukZK1EwBmApDTeYjcJDDf8sNU2BK
Invalid quoteAmount: 0, skipping transaction 4CVQWge9dU6hXXCYq4MPmDeevsuQYe5EqomSj5uWZqzAfB5WrP4enVSkyv4LSFNFgFHbf3Jd8LFvVzDy5T82ptRb
quoteSymbol not support GDzfemoYR5GkbK4YupYpyq3E8Du9fSfKXxKDpkdrqGjs, skipping transaction 4hybmALyPRjQf3pNs4RxVnpE9pXnahidbUDGe2DF32BoE99LmmuAvrVPiWqbsupMgNBvnLBWBwjXfvSbaSf9a75a
Invalid quoteAmount: 0, skipping transaction 4GDcL4x8ftk1AxsxHgvpPN8jcGWstRYAyMeFyTT6HUNtUGtw4aGPcTcw6SRTPeT2TwfN4DAcaKi2uB34iy2BdRKt
Invalid tokenAmount: 0, skipping transaction 2wR6j9dHT25X9expDUUpjZL2uYKt4AktugssaSmmRASbvCVEokbX5Ufimuf5hXWxayuFCeGUmJF4UCNYs2fDwuGa
quoteSymbol not support poLisWXnNRwC6oBu1vHiuKQzFjGL4XDSu4g9qjz9qVk, skipping transaction 3g1TryjyomockrAbyHdb8DwCxAHhc6HmtRenXALaM6z1QueGfKDLQ8Z824KM559HdSB1q8fF1dPEGc5uWyYGRB1A
✅ 插入 7608 条记录到 solana_history_data_new
HIGH PERFORMANCE: parse 96 blocks, cost: 4519 ms
[Port 8029] server total use, cost: 4519 ms
96
parse block 292687332,cost:61 ms
parse block 292687331,cost:16 ms
parse block 292687330,cost:14 ms
parse block 292687329,cost:28 ms
parse block 292687328,cost:42 ms
parse block 292687327,cost:31 ms
parse block 292687326,cost:32 ms
parse block 292687325,cost:56 ms
parse block 292687324,cost:71 ms
parse block 292687323,cost:20 ms
parse block 292687322,cost:2 ms
parse block 292687321,cost:13 ms
parse block 292687320,cost:55 ms
parse block 292687319,cost:37 ms
parse block 292687318,cost:34 ms
parse block 292687317,cost:22 ms
parse block 292687316,cost:89 ms
parse block 292687315,cost:37 ms
parse block 292687314,cost:21 ms
parse block 292687313,cost:32 ms
parse block 292687312,cost:52 ms
parse block 292687311,cost:59 ms
parse block 292687310,cost:25 ms
parse block 292687309,cost:39 ms
parse block 292687308,cost:26 ms
parse block 292687307,cost:52 ms
parse block 292687306,cost:54 ms
parse block 292687305,cost:31 ms
parse block 292687304,cost:83 ms
parse block 292687303,cost:26 ms
parse block 292687302,cost:33 ms
parse block 292687301,cost:28 ms
parse block 292687300,cost:45 ms
parse block 292687299,cost:58 ms
parse block 292687298,cost:25 ms
parse block 292687297,cost:23 ms
parse block 292687296,cost:55 ms
parse block 292687295,cost:55 ms
parse block 292687294,cost:30 ms
parse block 292687293,cost:50 ms
parse block 292687292,cost:63 ms
parse block 292687291,cost:26 ms
parse block 292687290,cost:45 ms
parse block 292687289,cost:68 ms
parse block 292687288,cost:38 ms
parse block 292687287,cost:20 ms
parse block 292687286,cost:50 ms
parse block 292687285,cost:24 ms
parse block 292687284,cost:34 ms
parse block 292687283,cost:14 ms
parse block 292687282,cost:57 ms
parse block 292687281,cost:53 ms
parse block 292687280,cost:68 ms
parse block 292687279,cost:32 ms
parse block 292687278,cost:30 ms
parse block 292687277,cost:27 ms
parse block 292687276,cost:52 ms
parse block 292687275,cost:35 ms
parse block 292687274,cost:32 ms
parse block 292687273,cost:37 ms
parse block 292687272,cost:92 ms
parse block 292687271,cost:14 ms
parse block 292687270,cost:24 ms
parse block 292687269,cost:129 ms
parse block 292687268,cost:36 ms
parse block 292687263,cost:24 ms
parse block 292687262,cost:40 ms
parse block 292687261,cost:54 ms
parse block 292687260,cost:91 ms
parse block 292687259,cost:53 ms
parse block 292687258,cost:49 ms
parse block 292687257,cost:40 ms
parse block 292687256,cost:37 ms
parse block 292687255,cost:37 ms
parse block 292687254,cost:17 ms
parse block 292687253,cost:36 ms
parse block 292687252,cost:46 ms
parse block 292687251,cost:55 ms
parse block 292687250,cost:50 ms
parse block 292687249,cost:24 ms
parse block 292687248,cost:59 ms
parse block 292687247,cost:35 ms
parse block 292687246,cost:23 ms
parse block 292687245,cost:25 ms
parse block 292687244,cost:32 ms
parse block 292687243,cost:66 ms
parse block 292687242,cost:66 ms
parse block 292687241,cost:60 ms
parse block 292687240,cost:36 ms
parse block 292687239,cost:46 ms
parse block 292687238,cost:74 ms
parse block 292687237,cost:34 ms
parse block 292687236,cost:44 ms
parse block 292687235,cost:43 ms
parse block 292687234,cost:51 ms
parse block 292687233,cost:34 ms
quoteSymbol not support CEdKYVwEee47oSZuq8BvwFFpwaNiYmVeFt45hSdZpump, skipping transaction 5PXtTaQUxXyzbzam8cqTR2dtMrUbXo6p6VoJj9cLFNHKQPzZhrCDsTjh8MucVaLEM1DVdv2DXdjgJaqNhvDJrvAM
Invalid quoteAmount: 0, skipping transaction 2XvnMNfM7b6K2RwkZgZq5UfgMVQGK9dS2ULCJtsX37VVEjfF4EkdHvGbR8nuGt1ALw5uUBCqCTpaUUWYd1s7Bsyc
quoteSymbol not support ED5nyyWEzpPPiWimP8vYm7sD7TD3LAt3Q3gRTWHzPJBY, skipping transaction 4Tobcw9FqKTPgo6RpnaPqnt6yxvmsfRyeDuPSLZgGcsSc9YvSBLofAHAGFR1csPErTdXgpcMTA1exyb8ns9YbCAq
quoteSymbol not support DkKWcJPjk9zU7kVeppaouTQPfYa51pXbBVhVU7U4xWJi, skipping transaction AwErtSWx8EBpZ2zsC1QhYgJNCVQqygTfgxyLytDWVkU7mUwoZu2w7m8eY3cZbnHbnhoge2tRdrhXfkxNQYHZVsh
Invalid quoteAmount: 0, skipping transaction HBT9FLNnpKJKREyH4EtiHhyF2wQTv8WKo1FNy7X1FQNsBwQExGX7JSVij6zxacbb7x5SkrjvvytMXmQMynkmURQ
quoteSymbol not support GinNabffZL4fUj9Vactxha74GDAW8kDPGaHqMtMzps2f, skipping transaction 3hdxXCuCuMrCAuFoBcrsoogyuW5wHDSNAFBqVZYhAeGE4ihdhrzEsWjbayD2j5ZEK9EqjHitgWDJnvH1urLHzdqL
quoteSymbol not support 3B5wuUrMEi5yATD7on46hKfej3pfmd7t1RKgrsN3pump, skipping transaction 3hdxXCuCuMrCAuFoBcrsoogyuW5wHDSNAFBqVZYhAeGE4ihdhrzEsWjbayD2j5ZEK9EqjHitgWDJnvH1urLHzdqL
quoteSymbol not support 2QWG3jEc5USymwekEatUWYpvB7a9BRTnpMPkE5mvpump, skipping transaction 3owNMtNEZf2C1F5ANForSGVwgqDWptrszBnGJCAAn7NCtEfHistJ53wGKQAJoUnveQAgZn14fCBTrv5U6LNfwDmi
quoteSymbol not support D32zVMPWAb4RjPJkWwCX8yGz3LLLbRW32x5Dq68txyiy, skipping transaction 2WqhkySwf4SuuumcgBb5LWsrw6eiBYe8Tt7Q4mJied7bgDvPcYgvYZVNi9WtsjeABLUTpsHwyMX6zVs2pKwC2gzD
quoteSymbol not support 5hNH9FH4AgQ9AVp7vVxydyvSH6MXUpqAFvss1YgZpump, skipping transaction 4tCuCumRAgMvyDagZ8DCS8pAzpTRFhrp5ThrBCJqzpLXPQbNqA3qxHgUAP5Btan2rQVNYNuxJJJEQAXbRmhjyYL4
quoteSymbol not support EgxEnP82FzkeokZKh11WqLwS2zE9Zj7M8FKGvMSKpump, skipping transaction 66BhdpXkAcFCcBvrNbEAqkcafjD64mps79UnqZWoNeeN1VCv5PUouU6HtC3n2tVDqD7sYR4Dby3ir2fH9QfqitJN
quoteSymbol not support Dk1gzfVtwF18vb5ptaaj66XomzvBGQ2fesK7btntpump, skipping transaction 5USEd6Ez7CsjG7KAqP341FNMobrh9q1YBdjUqN2tD3hA9bZpEQbtvfvBWeJk4TzSCwQScGgf4sNYuVE4oSgC8BKd
quoteSymbol not support A8C3xuqscfmyLrte3VmTqrAq8kgMASius9AFNANwpump, skipping transaction 5QSDFCjyutkFBCSytBp3Z9VfmTB1oWEeNMHgGMECYHvDWmHuL4PUryEk772YYj7oCX8UwUXW2SLXovMqfe9GLont
Invalid quoteAmount: 0, skipping transaction 4PzN5rdC7ABhgZjvdMsRezhRupqJTn9eQ1RCULH4QvtpMaJPuRPxCcF8Ep2U8Hp7Jia6xPRYPXdBjb8GYkHSwNkQ
quoteSymbol not support 5VaPFKEAzyxoWUz9PgvpnsCdT3x6q4YpnHm5zcvPpump, skipping transaction 3ZCYUvDoT9V5AtGALge3gjYEBGYUERoPuwAMuxDAGfAGCjRZgAyC4VMLXY6jPwyJn4n4wr64omZGrB8udC7wSw3o
Invalid tokenAmount: 0, skipping transaction 3uV8Eo1yVtHwjKvEY3dA4kVmYQmECM1LhFNcn4159baryMxonuoDWej6MHAQpFJWpQY1u2zht2AMXFTu3bQUtHw1
✅ 插入 8515 条记录到 solana_history_data_new
HIGH PERFORMANCE: parse 96 blocks, cost: 4506 ms
[Port 8029] server total use, cost: 4506 ms
100
parse block 292685132,cost:45 ms
parse block 292685131,cost:65 ms
parse block 292685130,cost:57 ms
parse block 292685129,cost:24 ms
parse block 292685128,cost:35 ms
parse block 292685127,cost:51 ms
parse block 292685126,cost:62 ms
parse block 292685125,cost:37 ms
parse block 292685124,cost:40 ms
parse block 292685123,cost:43 ms
parse block 292685122,cost:36 ms
parse block 292685121,cost:34 ms
parse block 292685120,cost:47 ms
parse block 292685119,cost:37 ms
parse block 292685118,cost:62 ms
parse block 292685117,cost:7 ms
parse block 292685116,cost:12 ms
parse block 292685115,cost:74 ms
parse block 292685114,cost:72 ms
parse block 292685113,cost:7 ms
parse block 292685112,cost:39 ms
parse block 292685111,cost:39 ms
parse block 292685110,cost:72 ms
parse block 292685109,cost:70 ms
parse block 292685108,cost:59 ms
parse block 292685107,cost:44 ms
parse block 292685106,cost:15 ms
parse block 292685105,cost:22 ms
parse block 292685104,cost:31 ms
parse block 292685103,cost:27 ms
parse block 292685102,cost:31 ms
parse block 292685101,cost:21 ms
parse block 292685100,cost:33 ms
parse block 292685099,cost:36 ms
parse block 292685098,cost:37 ms
parse block 292685097,cost:42 ms
parse block 292685096,cost:34 ms
parse block 292685095,cost:32 ms
parse block 292685094,cost:40 ms
parse block 292685093,cost:20 ms
parse block 292685092,cost:43 ms
parse block 292685091,cost:52 ms
parse block 292685090,cost:44 ms
parse block 292685089,cost:34 ms
parse block 292685088,cost:32 ms
parse block 292685087,cost:70 ms
parse block 292685086,cost:18 ms
parse block 292685085,cost:64 ms
parse block 292685084,cost:48 ms
parse block 292685083,cost:37 ms
parse block 292685082,cost:39 ms
parse block 292685081,cost:16 ms
parse block 292685080,cost:71 ms
parse block 292685079,cost:10 ms
parse block 292685078,cost:38 ms
parse block 292685077,cost:20 ms
parse block 292685076,cost:12 ms
parse block 292685075,cost:65 ms
parse block 292685074,cost:27 ms
parse block 292685073,cost:31 ms
parse block 292685072,cost:49 ms
parse block 292685071,cost:37 ms
parse block 292685070,cost:19 ms
parse block 292685069,cost:25 ms
parse block 292685068,cost:58 ms
parse block 292685067,cost:19 ms
parse block 292685066,cost:29 ms
parse block 292685065,cost:47 ms
parse block 292685064,cost:47 ms
parse block 292685063,cost:35 ms
parse block 292685062,cost:39 ms
parse block 292685061,cost:26 ms
parse block 292685060,cost:50 ms
parse block 292685059,cost:45 ms
parse block 292685058,cost:25 ms
parse block 292685057,cost:23 ms
parse block 292685056,cost:36 ms
parse block 292685055,cost:88 ms
parse block 292685054,cost:44 ms
parse block 292685053,cost:52 ms
parse block 292685052,cost:70 ms
parse block 292685051,cost:10 ms
parse block 292685050,cost:35 ms
parse block 292685049,cost:28 ms
parse block 292685048,cost:29 ms
parse block 292685047,cost:48 ms
parse block 292685046,cost:15 ms
parse block 292685045,cost:32 ms
parse block 292685044,cost:66 ms
parse block 292685043,cost:42 ms
parse block 292685042,cost:47 ms
parse block 292685041,cost:18 ms
parse block 292685040,cost:63 ms
parse block 292685039,cost:39 ms
parse block 292685038,cost:39 ms
parse block 292685037,cost:97 ms
parse block 292685036,cost:37 ms
parse block 292685035,cost:29 ms
parse block 292685034,cost:37 ms
parse block 292685033,cost:31 ms
Invalid tokenAmount: 0, skipping transaction 4VWyita383Phvu4BZ5119FMbvca2AaBpXtEAE3JrsLnxYQFBiWNh37FKpjSVaDnHypRH1RheFyd7Q5X7QEfDNfPf
quoteSymbol not support 2kBzHjLgm9rwrbZikLk1dkx1Bt56Spc4cjdYH8Hh89Em, skipping transaction HjDsCtCBH8AsWtkXWqdPQp6uJsxwY29xfnJFap1MKtxoDLZfwm9Ae5FGpJMehLPz8Wvg2uJ8jKgP2NqHByqWu4A
Invalid quoteAmount: 0, skipping transaction 4xEbwMFGm3NmbxjFZrMVrWBcWuCyvXH6c21WwnHCxsp3jW22w98u2yQY3YKg4ibqnhGXZQDHTSByg8VD2spHx9Dw
quoteSymbol not support HZ1JovNiVvGrGNiiYvEozEVgZ58xaU3RKwX8eACQBCt3, skipping transaction UX43QCiJNHCJgREkeccZDzy7ARYnAtsSY1Aq6UBwmVYcJnJdp7WBc2L5qu5aLbdKts6zS8a5iCxr68D261WTFGD
quoteSymbol not support Dk1gzfVtwF18vb5ptaaj66XomzvBGQ2fesK7btntpump, skipping transaction ffUaD4s7xCFTKw5gjSYm676HaziX9L8bPaGiaa4WppYotg8drGsUkedYgD1F1asUecgS4iFooWns36jd5xmQkrh
quoteSymbol not support J3NKxxXZcnNiMjKw9hYb2K4LUxgwB6t1FtPtQVsv3KFr, skipping transaction 2AyCHWDq15TZ2ZjXqtf3wduFiGCM5585pt3MdM6KYKbzzUihRwjWJKt1kaZXHScyTVwS3aaBH63NKFzYCYX28hhm
quoteSymbol not support 3S8qX1MsMqRbiwKg2cQyx7nis1oHMgaCuc9c4VfvVdPN, skipping transaction 4Q6vipQMP6T9v1UywR15RMBMRP54TG91Nrc8Jd8gUUJsQU4pvyy5S9xTzWhvhb2sV2q2Sej1DgzPq3aGAQQWtE4V
Invalid quoteAmount: 0, skipping transaction 48TsS4DZu3qEKk3jzTs5kr5gEqvnL8Ayn8PNT7Y2cXmd7ATNvcNiwrS46zZmLby5kiCsaaTDxNvuAfyvvsqKcgTQ
Invalid tokenAmount: 0, skipping transaction 5oafyHbrciVdLhGbpKSeRmFAUV7oNyC4AqusNYasTQS2NcBaJQrYFGt923kBPsUGrzAmS3GVWfKbKry4W1SjwQtG
Invalid tokenAmount: 0, skipping transaction 5R1Fgfj2X719LpdcWa49nBwzfPJyAYhjoDMnLLzFvdumTwBYvXCGTHEdD5gDhG1uhZZFYy5ht5AN5bEJGF3CQCqR
quoteSymbol not support DAw6u6P5fh3iA5cQcyuCQ8Z69Jt2aWvSVyDX27espump, skipping transaction 4HaNtRAQyiEC87K7SYYP7ETRtfyzD6BcdyEFksHhAkn1LqXYfHfJ7WesC92tojoNCh6P8zf5uQQQejeuJaqTPQXt
quoteSymbol not support 5UEfLLjvDqQKJE3ftBvtPN58yNqwjQ9LoL2gfksLxbXh, skipping transaction 53yxZGUpkJdqwQ15W8ZGZntxi8ANogEfNgvjc9YSvxL2cYHWWTak837aNmTVxhK1zbkoai16iud4XnRTYdyK5fG8
quoteSymbol not support 63LfDmNb3MQ8mw9MtZ2To9bEA2M71kZUUGq5tiJxcqj9, skipping transaction 2z5jYqDx8tPHB6GUCWLgovhBq67wS7Kpy5vSZnpBVf8F5cNHb6qwoQJUjUhkv2YDnDNH5R23sC1wxAupW3xvcXtQ
quoteSymbol not support 63LfDmNb3MQ8mw9MtZ2To9bEA2M71kZUUGq5tiJxcqj9, skipping transaction 5L8JczUSa6JYdbGNAKFb5RCwuTc6yhv6RYP1AbosEPsd5oxAnY4Az28t1WbRJh9wjXGePeZkFjKmyhc3Y3wmEPiP
quoteSymbol not support Dk1gzfVtwF18vb5ptaaj66XomzvBGQ2fesK7btntpump, skipping transaction 4sC2WSAfs3joUxf4zNyDSCpmoNYGchsJ751CooJDv7y8TQLtLir8MyPGrx9VJupn8gMdm2x4tcf4YthShHRwCXpQ
quoteSymbol not support B2BsVuodH2eBGRnFckRYYW6yjur7Tn8cCxaSE2Xrnj5V, skipping transaction 3hZkGPeSXqMf1LGjdHu1akuyayVqiKTHz9eSNNA1Z5vz2ZpqjpVNjdQvWwTbVYfhiGPTv2nk17UULxjG9PypyRLf
quoteSymbol not support 5hNH9FH4AgQ9AVp7vVxydyvSH6MXUpqAFvss1YgZpump, skipping transaction 5svNogkQNo4ApuyXnTm9MnuK2NAtDTM3HG8fVu38iu9jFqH4hnKCo75BDEBgKFo3N78E9z4d9cJDNyWGm2TNjFy2
quoteSymbol not support Axg4qtUZtPXDxUTQcUn4wVoRpZ1HSSJH4h8wRTkQpump, skipping transaction 3ZodxX4WLghUf7tvxWivmMNoPvzCJSs6AXh1Kmp2j5A1B5GhAX3Wbdz2B5a3FXiSj3NK74JW9cWhy1ivEZ1mof26
Invalid quoteAmount: 0, skipping transaction t994FxSL8VksunovmEQdWV6zZ6DrVXtjoZeVwXxJBXWqzMWmqe3r3YzANc1Q186awVgueD6CGqMTnUoFa24B4TT
✅ 插入 7485 条记录到 solana_history_data_new
HIGH PERFORMANCE: parse 100 blocks, cost: 4377 ms
[Port 8029] server total use, cost: 4377 ms
96
parse block 292681132,cost:31 ms
parse block 292681131,cost:44 ms
parse block 292681130,cost:47 ms
parse block 292681129,cost:26 ms
parse block 292681128,cost:40 ms
parse block 292681127,cost:35 ms
parse block 292681126,cost:44 ms
parse block 292681125,cost:47 ms
parse block 292681124,cost:69 ms
parse block 292681123,cost:25 ms
parse block 292681122,cost:91 ms
parse block 292681121,cost:39 ms
parse block 292681120,cost:34 ms
parse block 292681119,cost:51 ms
parse block 292681118,cost:48 ms
parse block 292681117,cost:73 ms
parse block 292681116,cost:54 ms
parse block 292681115,cost:50 ms
parse block 292681114,cost:29 ms
parse block 292681113,cost:50 ms
parse block 292681112,cost:61 ms
parse block 292681111,cost:17 ms
parse block 292681110,cost:13 ms
parse block 292681109,cost:33 ms
parse block 292681108,cost:69 ms
parse block 292681107,cost:1 ms
parse block 292681106,cost:26 ms
parse block 292681105,cost:10 ms
parse block 292681104,cost:78 ms
parse block 292681103,cost:17 ms
parse block 292681102,cost:37 ms
parse block 292681101,cost:46 ms
parse block 292681100,cost:125 ms
parse block 292681095,cost:30 ms
parse block 292681094,cost:56 ms
parse block 292681093,cost:47 ms
parse block 292681092,cost:88 ms
parse block 292681091,cost:43 ms
parse block 292681090,cost:63 ms
parse block 292681089,cost:8 ms
parse block 292681088,cost:74 ms
parse block 292681087,cost:29 ms
parse block 292681086,cost:54 ms
parse block 292681085,cost:25 ms
parse block 292681084,cost:41 ms
parse block 292681083,cost:44 ms
parse block 292681082,cost:35 ms
parse block 292681081,cost:45 ms
parse block 292681080,cost:35 ms
parse block 292681079,cost:63 ms
parse block 292681078,cost:23 ms
parse block 292681077,cost:33 ms
parse block 292681076,cost:76 ms
parse block 292681075,cost:18 ms
parse block 292681074,cost:47 ms
parse block 292681073,cost:31 ms
parse block 292681072,cost:41 ms
parse block 292681071,cost:57 ms
parse block 292681070,cost:39 ms
parse block 292681069,cost:58 ms
parse block 292681068,cost:37 ms
parse block 292681067,cost:53 ms
parse block 292681066,cost:65 ms
parse block 292681065,cost:19 ms
parse block 292681064,cost:19 ms
parse block 292681063,cost:39 ms
parse block 292681062,cost:43 ms
parse block 292681061,cost:22 ms
parse block 292681060,cost:34 ms
parse block 292681059,cost:71 ms
parse block 292681058,cost:33 ms
parse block 292681057,cost:37 ms
parse block 292681056,cost:31 ms
parse block 292681055,cost:48 ms
parse block 292681054,cost:48 ms
parse block 292681053,cost:24 ms
parse block 292681052,cost:93 ms
parse block 292681051,cost:20 ms
parse block 292681050,cost:27 ms
parse block 292681049,cost:17 ms
parse block 292681048,cost:16 ms
parse block 292681047,cost:18 ms
parse block 292681046,cost:38 ms
parse block 292681045,cost:13 ms
parse block 292681044,cost:42 ms
parse block 292681043,cost:20 ms
parse block 292681042,cost:63 ms
parse block 292681041,cost:29 ms
parse block 292681040,cost:39 ms
parse block 292681039,cost:44 ms
parse block 292681038,cost:38 ms
parse block 292681037,cost:31 ms
parse block 292681036,cost:47 ms
parse block 292681035,cost:32 ms
parse block 292681034,cost:61 ms
parse block 292681033,cost:72 ms
Invalid tokenAmount: 0, skipping transaction 2SqJd1Mzrci512aGkpQyA3QdUw1kQYFj8Dier5L8eX7dZ7eSsGj62U8iVu8m1mweYfLHroHicakAd5AFvNukESMC
quoteSymbol not support BDeeKZMJ2fMJum4zzHBunJ6vLJkLEFdFMuZFXG17b1t7, skipping transaction 2RuaE6fpsbQu4umzNPYKHRLnu9ABn4GVKw17ZSis1DMaiHXS8qKsrjR6sucRYyChbYiu1syago3r8eMorzYWe1L7
quoteSymbol not support EGJNUmvYftgxPDD39ETZmMeS5Stch9j83tU83zBNpump, skipping transaction 5ZNeurLbunCBiWhyMQDvZUzLwFBg8ttpgP9iNAm74uAQj6UMrsS5zoMdTHpQtz4tZbBJhhBw2qne3k7nATqeMo1Y
quoteSymbol not support orcaEKTdK7LKz57vaAYr9QeNsVEPfiu6QeMU1kektZE, skipping transaction 4rJ5LTfiPfA2WAi3u4wp3Bu1e2ohqb1SBfRetsGjAAG7dGQERAwh3dHsC5EugA9A2ohsCRujCQpauFGnM1Aok5nB
quoteSymbol not support orcaEKTdK7LKz57vaAYr9QeNsVEPfiu6QeMU1kektZE, skipping transaction 4rJ5LTfiPfA2WAi3u4wp3Bu1e2ohqb1SBfRetsGjAAG7dGQERAwh3dHsC5EugA9A2ohsCRujCQpauFGnM1Aok5nB
quoteSymbol not support orcaEKTdK7LKz57vaAYr9QeNsVEPfiu6QeMU1kektZE, skipping transaction 4rJ5LTfiPfA2WAi3u4wp3Bu1e2ohqb1SBfRetsGjAAG7dGQERAwh3dHsC5EugA9A2ohsCRujCQpauFGnM1Aok5nB
quoteSymbol not support EGJNUmvYftgxPDD39ETZmMeS5Stch9j83tU83zBNpump, skipping transaction 2oZgMAASPpxvxg76y7ENz2PZMbite4SP4c1WBuJHXkG2aaH5UR7kmdoh7HpQBLpREttVT3kEorx4fNiZX3qSQkQe
quoteSymbol not support A8C3xuqscfmyLrte3VmTqrAq8kgMASius9AFNANwpump, skipping transaction 4dw9wwRWpXeFVAyHFtWvsVTXK6Ct87cELefuoNYuSctjNtT7JcCHYbNiUKcteSJ5MFGKPV4dHaU7W5UHgv8BWQaB
quoteSymbol not support orcaEKTdK7LKz57vaAYr9QeNsVEPfiu6QeMU1kektZE, skipping transaction KHtGKNHL1LfGXfxbEVnWcCx9jQAqT2XNryNq2LFLn6yqmBXJDB3GMrZ3JPt4kX9PnAq4XU2dNP5dAtU2hoApLKg
quoteSymbol not support orcaEKTdK7LKz57vaAYr9QeNsVEPfiu6QeMU1kektZE, skipping transaction KHtGKNHL1LfGXfxbEVnWcCx9jQAqT2XNryNq2LFLn6yqmBXJDB3GMrZ3JPt4kX9PnAq4XU2dNP5dAtU2hoApLKg
Invalid tokenAmount: 0, skipping transaction XCsKqhbRcRDYStSVfdaQVavPCbS6DoHoZzxwHyjBWcZCg8TndArhB2VmSr8SXWDxegyJUQEcxCCzALtPkDEvyg2
quoteSymbol not support ED5nyyWEzpPPiWimP8vYm7sD7TD3LAt3Q3gRTWHzPJBY, skipping transaction 4wLptZthHR7J4YPKNG3aiXzUQHK4at9ZMv5cGqEKzSVvvV2XA8wQUeABr835GUDSzvrXHPpBcyv4iuMJaRqcY4zq
Invalid quoteAmount: 0, skipping transaction dxRnuotAH9ZX2hwMdG4ZocdZBeQiGsEAbcSxvMG5LpZXbp6zuJdLjhCYCNpg5dgy8qUjacQuWNkLf6swsHBjF72
Invalid tokenAmount: 0, skipping transaction 4cKT323NihUDQ95T8osJAsGnMEym1B42wuJh6oTjZJpWC3YL1wNFbJmbjJer8EmMUSzTEXEQpvEMT6C4NnrhK6H6
quoteSymbol not support EGJNUmvYftgxPDD39ETZmMeS5Stch9j83tU83zBNpump, skipping transaction 2B5aGbNHTFkjpJNcWTDwahbXjAQjbpumaTNsFXXuGbHbWfQBMipE92eJtdnHWs6ZRWebU8F5anfRk645M2xq1Uom
✅ 插入 7665 条记录到 solana_history_data_new
HIGH PERFORMANCE: parse 96 blocks, cost: 4479 ms
[Port 8029] server total use, cost: 4492 ms
96
parse block 292678332,cost:32 ms
parse block 292678331,cost:61 ms
parse block 292678330,cost:64 ms
parse block 292678329,cost:34 ms
parse block 292678328,cost:31 ms
parse block 292678327,cost:65 ms
parse block 292678326,cost:92 ms
parse block 292678325,cost:43 ms
parse block 292678324,cost:62 ms
parse block 292678323,cost:34 ms
parse block 292678322,cost:46 ms
parse block 292678321,cost:22 ms
parse block 292678320,cost:79 ms
parse block 292678319,cost:42 ms
parse block 292678318,cost:50 ms
parse block 292678317,cost:20 ms
parse block 292678316,cost:42 ms
parse block 292678315,cost:22 ms
parse block 292678314,cost:79 ms
parse block 292678313,cost:17 ms
parse block 292678312,cost:21 ms
parse block 292678311,cost:54 ms
parse block 292678310,cost:36 ms
parse block 292678309,cost:75 ms
parse block 292678308,cost:57 ms
parse block 292678307,cost:57 ms
parse block 292678306,cost:11 ms
parse block 292678305,cost:25 ms
parse block 292678304,cost:73 ms
parse block 292678303,cost:24 ms
parse block 292678302,cost:8 ms
parse block 292678301,cost:15 ms
parse block 292678300,cost:17 ms
parse block 292678299,cost:81 ms
parse block 292678298,cost:36 ms
parse block 292678297,cost:44 ms
parse block 292678296,cost:40 ms
parse block 292678295,cost:56 ms
parse block 292678294,cost:37 ms
parse block 292678293,cost:38 ms
parse block 292678292,cost:49 ms
parse block 292678291,cost:43 ms
parse block 292678290,cost:35 ms
parse block 292678289,cost:39 ms
parse block 292678288,cost:38 ms
parse block 292678287,cost:50 ms
parse block 292678286,cost:60 ms
parse block 292678285,cost:49 ms
parse block 292678284,cost:1 ms
parse block 292678283,cost:55 ms
parse block 292678282,cost:62 ms
parse block 292678281,cost:18 ms
parse block 292678280,cost:31 ms
parse block 292678279,cost:43 ms
parse block 292678278,cost:51 ms
parse block 292678277,cost:19 ms
parse block 292678276,cost:58 ms
parse block 292678275,cost:32 ms
parse block 292678274,cost:48 ms
parse block 292678273,cost:53 ms
parse block 292678272,cost:61 ms
parse block 292678271,cost:66 ms
parse block 292678270,cost:25 ms
parse block 292678269,cost:39 ms
parse block 292678268,cost:40 ms
parse block 292678263,cost:48 ms
parse block 292678262,cost:54 ms
parse block 292678261,cost:34 ms
parse block 292678260,cost:62 ms
parse block 292678259,cost:75 ms
parse block 292678258,cost:55 ms
parse block 292678257,cost:40 ms
parse block 292678256,cost:32 ms
parse block 292678255,cost:53 ms
parse block 292678254,cost:32 ms
parse block 292678253,cost:32 ms
parse block 292678252,cost:40 ms
parse block 292678251,cost:20 ms
parse block 292678250,cost:67 ms
parse block 292678249,cost:28 ms
parse block 292678248,cost:43 ms
parse block 292678247,cost:21 ms
parse block 292678246,cost:31 ms
parse block 292678245,cost:42 ms
parse block 292678244,cost:9 ms
parse block 292678243,cost:38 ms
parse block 292678242,cost:25 ms
parse block 292678241,cost:26 ms
parse block 292678240,cost:24 ms
parse block 292678239,cost:35 ms
parse block 292678238,cost:45 ms
parse block 292678237,cost:68 ms
parse block 292678236,cost:32 ms
parse block 292678235,cost:42 ms
parse block 292678234,cost:20 ms
parse block 292678233,cost:34 ms
Invalid tokenAmount: 0, skipping transaction 3fA76PYnHhaLfKMMA8noiaCtmYCcXXrgFJQbjKDpu3m3neTu39GrYnYBGenRh7jBJ9EuNoMBAS2ixo2JdPPHEnny
quoteSymbol not support ED5nyyWEzpPPiWimP8vYm7sD7TD3LAt3Q3gRTWHzPJBY, skipping transaction 2C3NfrwhSDWg1Diyy4RuDzgB2po3eAGa56FJnbAkWyUkhJjHAzM5LPUZFSAp1EXPBU7TiqDeZizxhG1HGE24kJQa
Invalid tokenAmount: 0, skipping transaction 3vM3qThRH2WNbPmGHttxreU6fACvWczxZyekstp6nDdqqJ9F2g4DEczWBVcSxUmcQpunH1HgNsr4CD73e32FYQo6
quoteSymbol not support 5RyGF7NMbhLW6chpwMSVgNxu1GMc3g12XpwJWkAVpump, skipping transaction 4QPiMU5r1fg5U4RUPiKNevTs1pCgb7xEF5vkJzw92zjHS8cb6XiefkC32kwbcXxBjZ3h9kc1jjVx9vt4ReMyWrFk
Invalid tokenAmount: 0, skipping transaction 2bZTdry8AXgZFnChi8HDgCNchCwnEKaxHUFr5eRCWsK9d9JZTwYhjuq6szEyUMxirchU1QeHP1xd7DhpUSoafka3
quoteSymbol not support 5RyGF7NMbhLW6chpwMSVgNxu1GMc3g12XpwJWkAVpump, skipping transaction 4k2Vxue6vnvjREg4YbZdbaYKU8ufTDs6XeCEHMkp2cb8uPkoFc7D7hMbvciSqk7WkgsehbSLjuaPjPUp5xQe9vkg
quoteSymbol not support ATLASXmbPQxBUYbxPsV97usA3fPQYEqzQBUHgiFCUsXx, skipping transaction oYEJTViAA1eX8nY3QerEfDmWtk81meCFUgmZTdNVyQMm1T5tafCufkJEbwsokP1ZtX9v1itSbYN9DiNkxjSbf6g
quoteSymbol not support ErVrf7WrMS8Rw4b6ZkYSVR5TvMjKRMjSLH8cwT7jmbgp, skipping transaction 2NL3YuZJKghEUg4wqwH1yDru2nZL2fg19Fe3f3bAQkcyHHxM4SuemA8tdWqE5CGmweFCJut6n1A72t4MgeisSZhG
quoteSymbol not support DUp2qMMGuACziKeyZRtH9cuKyqtYpqJ24iZg6tVLpump, skipping transaction 5EtGMHSB5N2hFUdGvxBC2kQDTYiJUpCuSSZkyWJPYL71x5H3hLi2FJvHKJUNDekJf3EusWJ4KqkqFNwsoXgiaLDK
quoteSymbol not support 9Z5KMxPfZDon5UhMb1mPNqgKq25cU652RJdS1aBapump, skipping transaction 3QJU6fGLXrmJgxhbeK8CNnj5GE8G5TAuv2eujEiaw3vPMeb6Jv16yVHCiM42e45EgAxZAXCgGJeVjpv59fSQKwTk
Invalid tokenAmount: 0, skipping transaction 3wtR4vKimxrzNU2P74KP8knof9numf75gAbDBFszNJNNN3FAfYhjAP7xNmeU3Y8LqDDTEghiUqff3fFAqtHzfZQN
✅ 插入 8175 条记录到 solana_history_data_new
HIGH PERFORMANCE: parse 96 blocks, cost: 4446 ms
[Port 8029] server total use, cost: 4446 ms
99
parse block 292674232,cost:45 ms
parse block 292674231,cost:50 ms
parse block 292674230,cost:29 ms
parse block 292674229,cost:78 ms
parse block 292674228,cost:49 ms
parse block 292674227,cost:21 ms
parse block 292674226,cost:25 ms
parse block 292674225,cost:70 ms
parse block 292674224,cost:49 ms
parse block 292674223,cost:28 ms
parse block 292674222,cost:17 ms
parse block 292674221,cost:38 ms
parse block 292674220,cost:41 ms
parse block 292674219,cost:49 ms
parse block 292674218,cost:34 ms
parse block 292674217,cost:31 ms
parse block 292674216,cost:53 ms
parse block 292674215,cost:42 ms
parse block 292674214,cost:29 ms
parse block 292674213,cost:60 ms
parse block 292674212,cost:37 ms
parse block 292674211,cost:60 ms
parse block 292674210,cost:23 ms
parse block 292674209,cost:15 ms
parse block 292674208,cost:39 ms
parse block 292674207,cost:72 ms
parse block 292674206,cost:71 ms
parse block 292674205,cost:28 ms
parse block 292674204,cost:26 ms
parse block 292674203,cost:31 ms
parse block 292674202,cost:30 ms
parse block 292674201,cost:29 ms
parse block 292674200,cost:30 ms
parse block 292674199,cost:28 ms
parse block 292674198,cost:46 ms
parse block 292674197,cost:40 ms
parse block 292674196,cost:31 ms
parse block 292674195,cost:78 ms
parse block 292674194,cost:53 ms
parse block 292674193,cost:23 ms
parse block 292674192,cost:47 ms
parse block 292674191,cost:103 ms
parse block 292674190,cost:15 ms
parse block 292674189,cost:5 ms
parse block 292674188,cost:9 ms
parse block 292674187,cost:37 ms
parse block 292674186,cost:38 ms
parse block 292674185,cost:37 ms
parse block 292674184,cost:51 ms
parse block 292674183,cost:46 ms
parse block 292674182,cost:35 ms
parse block 292674181,cost:10 ms
parse block 292674180,cost:41 ms
parse block 292674179,cost:39 ms
parse block 292674178,cost:30 ms
parse block 292674177,cost:60 ms
parse block 292674176,cost:30 ms
parse block 292674175,cost:42 ms
parse block 292674174,cost:16 ms
parse block 292674173,cost:38 ms
parse block 292674172,cost:85 ms
parse block 292674171,cost:4 ms
parse block 292674170,cost:4 ms
parse block 292674169,cost:11 ms
parse block 292674168,cost:3 ms
parse block 292674167,cost:26 ms
parse block 292674166,cost:28 ms
parse block 292674165,cost:62 ms
parse block 292674164,cost:46 ms
parse block 292674163,cost:9 ms
parse block 292674162,cost:10 ms
parse block 292674161,cost:24 ms
parse block 292674160,cost:23 ms
parse block 292674159,cost:50 ms
parse block 292674158,cost:28 ms
parse block 292674157,cost:101 ms
parse block 292674156,cost:39 ms
parse block 292674155,cost:6 ms
parse block 292674154,cost:41 ms
parse block 292674153,cost:40 ms
parse block 292674152,cost:35 ms
parse block 292674151,cost:27 ms
parse block 292674150,cost:59 ms
parse block 292674149,cost:68 ms
parse block 292674148,cost:29 ms
parse block 292674147,cost:18 ms
parse block 292674146,cost:55 ms
parse block 292674145,cost:40 ms
parse block 292674144,cost:7 ms
parse block 292674143,cost:33 ms
parse block 292674142,cost:22 ms
parse block 292674141,cost:33 ms
parse block 292674140,cost:76 ms
parse block 292674139,cost:61 ms
parse block 292674138,cost:51 ms
parse block 292674137,cost:35 ms
parse block 292674135,cost:109 ms
parse block 292674134,cost:39 ms
parse block 292674133,cost:11 ms
quoteSymbol not support J1toso1uCk3RLmjorhTtrVwY9HJ7X8V9yYac6Y7kGCPn, skipping transaction 2TFHAPUYLDZN2xpBhjYYzQU35JMhCisGSvY6AgZyHySszNHK1hQonXatN8JDM1iBZ6iww49ZukSPTwaegWmUWgAJ
Invalid quoteAmount: 0, skipping transaction 29QQKxCUXYaRVbkgQtKHHfzbKhgqZnftKQeC9RC7CWZzdzbsiVKH74UqcfPa1ywgMWMGrKsVvAKjQsrpjrYDz4nW
quoteSymbol not support J1toso1uCk3RLmjorhTtrVwY9HJ7X8V9yYac6Y7kGCPn, skipping transaction 5icw5Vy2jPoNmxfBUo1ED4nxLEU7GT267zT1LKAhMCuK9xdFRuSvZijT9HB1DrCSHvEcmccZhsXA8AhfSMvVuE8X
quoteSymbol not support 22qRbva3CSFSnT1ym68nai6KkRTadqym8J417uRSvoqo, skipping transaction 5QpQ1LEmGbwiFdcYffdddZ4PZNLSiY6mqMiWJSXpNPKUudiryePawgy8zDMsbqHMrcK5h7JMLeuehcK1sQ7dHJQi
quoteSymbol not support J1toso1uCk3RLmjorhTtrVwY9HJ7X8V9yYac6Y7kGCPn, skipping transaction 5Db7CVH1xbvu6g7AwMTk2iVnSPTayS22GGcjr19eAAS1Vnme7zysBhHBVM4CzesFMgmbAWsVtKm9cW92HvXvFKXw
Invalid quoteAmount: 0, skipping transaction 4WwY3i7dn4uChsiNugjvvvknK6hoSAsUQExXQA3crSzdaAucvNrDHkTbZJxpnDmYGW7DPSszJ7JDurDAaUeUYNPv
Invalid quoteAmount: 0, skipping transaction 4y3GU9Dr7aUJqqKw1ZijLs9DMQhrMsx7BHkSUZQNDaX2nhAkM5xyUkYazhfaDQi4BqvJ1kygBnY25txvUcm6D11X
quoteSymbol not support J1toso1uCk3RLmjorhTtrVwY9HJ7X8V9yYac6Y7kGCPn, skipping transaction RFuTYsN8sUac9vVX3ftNnZoiH7RTXXLigHRbWv4c36km2ZH9MP2LPNqf6vxJaZCZVj9XBiZTKndC2z3cwizDHy2
quoteSymbol not support J1toso1uCk3RLmjorhTtrVwY9HJ7X8V9yYac6Y7kGCPn, skipping transaction 55kuskM8tJ7oownygrkLdMNd89eWfUN1qGmPBb7vuYkjt8eLrKMvo4uypyhMGViUCohmEcCeRaCrUjAz938DQhPp
Invalid quoteAmount: 0, skipping transaction Wqk1LREqk5cxQpeWRHzqcyFSvEhCU1nQrHzQZKoczgkdAkzChi79rNLX4hFeCB2BEqHu4AU43y5gcMR9bzAVoBy
quoteSymbol not support 5oVNBeEEQvYi1cX3ir8Dx5n1P7pdxydbGF2X4TxVusJm, skipping transaction 4jbZBg4xc15SFMh33r8hDKFvQE4MUP1u1di5z5aaNSQsKns1NzAhGv2BDxVZdbJeqbHweS9WSpaWQUiyntJuBmms
quoteSymbol not support 3nLCAweLTygjRpKwEt1nQzPyf7tJjgbEboo2iR2cfgTp, skipping transaction 4JUhJk83U2LnFnA7deZWTkHEUrLgCQzdmvvqzmgfihwrRGGVAA9HAKUpzbFsRsssxYUVMCsy7mywsPBQAGLQndBX
Invalid quoteAmount: 0, skipping transaction 3wQTwCmdK6o6PiytKwu6AF1rvTAwb1FqzAkpxiTyCyeu2JLBjha29TsZRuFcsKZbDoBS6gKvBs7tUh8of3w8r18U
Invalid quoteAddress: undefined, skipping transaction Q3VhjhXcQDtyuNvDRnke5p7wPsM5jaYFV2z99jZo7awZNwktN8w2cuzUQXeay6BMi7cmbHhdyqJFrREryo4nB1c
quoteSymbol not support ATLASXmbPQxBUYbxPsV97usA3fPQYEqzQBUHgiFCUsXx, skipping transaction yazeA1mQ3x25hX9VuNrz4DPxDVEXmddtu44VwZmakizCUczAB4J73SrMDiWJdBUuGPhjkULUoZT5DA7WHSqtGuG
✅ 插入 5779 条记录到 solana_history_data_new
HIGH PERFORMANCE: parse 99 blocks, cost: 4166 ms
[Port 8029] server total use, cost: 4166 ms
100
parse block 292672232,cost:32 ms
parse block 292672231,cost:41 ms
parse block 292672230,cost:24 ms
parse block 292672229,cost:33 ms
parse block 292672228,cost:32 ms
parse block 292672227,cost:32 ms
parse block 292672226,cost:22 ms
parse block 292672225,cost:36 ms
parse block 292672224,cost:40 ms
parse block 292672223,cost:17 ms
parse block 292672222,cost:31 ms
parse block 292672221,cost:27 ms
quoteSymbol not support J1toso1uCk3RLmjorhTtrVwY9HJ7X8V9yYac6Y7kGCPn, skipping transaction BQbMePm4g5cUPAz2RMjYpfTgJN9J2tRzFRisnx6rG1fBBi8uzpZg49etEPrTG1vqu7ZkXivrLWfmRZsaz3W9ox3
parse block 292672220,cost:57 ms
parse block 292672219,cost:63 ms
parse block 292672218,cost:36 ms
parse block 292672217,cost:56 ms
parse block 292672216,cost:30 ms
parse block 292672215,cost:37 ms
parse block 292672214,cost:41 ms
parse block 292672213,cost:24 ms
parse block 292672212,cost:50 ms
parse block 292672211,cost:12 ms
parse block 292672210,cost:13 ms
parse block 292672209,cost:46 ms
parse block 292672208,cost:28 ms
parse block 292672207,cost:37 ms
parse block 292672206,cost:34 ms
parse block 292672205,cost:36 ms
parse block 292672204,cost:36 ms
parse block 292672203,cost:32 ms
parse block 292672202,cost:43 ms
parse block 292672201,cost:46 ms
parse block 292672200,cost:19 ms
parse block 292672199,cost:33 ms
parse block 292672198,cost:41 ms
parse block 292672197,cost:61 ms
parse block 292672196,cost:19 ms
parse block 292672195,cost:24 ms
parse block 292672194,cost:33 ms
parse block 292672193,cost:23 ms
parse block 292672192,cost:33 ms
parse block 292672191,cost:31 ms
parse block 292672190,cost:47 ms
parse block 292672189,cost:22 ms
parse block 292672188,cost:69 ms
parse block 292672187,cost:34 ms
parse block 292672186,cost:41 ms
parse block 292672185,cost:36 ms
parse block 292672184,cost:51 ms
parse block 292672183,cost:37 ms
parse block 292672182,cost:25 ms
parse block 292672181,cost:40 ms
parse block 292672180,cost:34 ms
parse block 292672179,cost:39 ms
parse block 292672178,cost:40 ms
parse block 292672177,cost:26 ms
parse block 292672176,cost:58 ms
parse block 292672175,cost:23 ms
parse block 292672174,cost:15 ms
parse block 292672173,cost:36 ms
parse block 292672172,cost:25 ms
parse block 292672171,cost:51 ms
parse block 292672170,cost:22 ms
parse block 292672169,cost:37 ms
parse block 292672168,cost:34 ms
parse block 292672167,cost:31 ms
parse block 292672166,cost:35 ms
parse block 292672165,cost:20 ms
parse block 292672164,cost:33 ms
parse block 292672163,cost:42 ms
parse block 292672162,cost:38 ms
parse block 292672161,cost:35 ms
parse block 292672160,cost:35 ms
parse block 292672159,cost:39 ms
parse block 292672158,cost:44 ms
parse block 292672157,cost:34 ms
parse block 292672156,cost:48 ms
parse block 292672155,cost:45 ms
parse block 292672154,cost:43 ms
parse block 292672153,cost:38 ms
parse block 292672152,cost:24 ms
parse block 292672151,cost:37 ms
parse block 292672150,cost:37 ms
parse block 292672149,cost:45 ms
parse block 292672148,cost:32 ms
parse block 292672147,cost:31 ms
parse block 292672146,cost:26 ms
parse block 292672145,cost:16 ms
parse block 292672144,cost:52 ms
parse block 292672143,cost:52 ms
parse block 292672142,cost:37 ms
parse block 292672141,cost:15 ms
parse block 292672140,cost:30 ms
parse block 292672139,cost:29 ms
parse block 292672138,cost:39 ms
parse block 292672137,cost:32 ms
parse block 292672136,cost:30 ms
parse block 292672135,cost:75 ms
parse block 292672134,cost:33 ms
parse block 292672133,cost:39 ms
quoteSymbol not support J1toso1uCk3RLmjorhTtrVwY9HJ7X8V9yYac6Y7kGCPn, skipping transaction 46m6KMo8RaRFxgwJdA6egs9nvYqNb4Qu2SfSUFpAn9k5RfbEaBrzPyN8MZfD5AYSVWdn44iMRUBCcnUWeLF9VPh2
Invalid quoteAmount: 0, skipping transaction 3JZB2r5cGvHNDn6wbqhKHUfuR2Nti4kUZN6EVU7G5B1mjM7hzm3UKUVRQ5Fw5xZ6R49BBt6uCrMDAEKmaYRHqCbB
quoteSymbol not support J1toso1uCk3RLmjorhTtrVwY9HJ7X8V9yYac6Y7kGCPn, skipping transaction uDvtmot7ajq2eHhJ5kJkLpUPK739hAgGwdGnVM89GZ5in7uyFmLM9igCoucGYNteNRgjJswzxrDNY3v73Jqkiig
quoteSymbol not support 34a8ALsPmbWxp7D3bQ6erERrCLz1ahr6u6o66Udmpump, skipping transaction 5vHqEBy2PPjFXsgrZhaGpourvMMD1vbvTBJXCu7ECPxxf168wfjuGLtsmYpo8B9MRJEwYGu9QC1XN9ESY4BKuhjk
quoteSymbol not support J1toso1uCk3RLmjorhTtrVwY9HJ7X8V9yYac6Y7kGCPn, skipping transaction 55Te5DxxtK3NE1HzKED3RiUAyE8fv8VHzhjp661EV8PP5uRfBRd72WTaQ2HmngyqKs8PukEn4pgzwBzZ7RDGX3Rt
quoteSymbol not support J1toso1uCk3RLmjorhTtrVwY9HJ7X8V9yYac6Y7kGCPn, skipping transaction Lhkt5Z12UarPeyQqxq2goSMaKSvAXPFYJPgQpKTKFFJjxNnRQGUrzj6eN6pizRPnPKv4iyF5gTDepyrGE4oLCXw
quoteSymbol not support WENWENvqqNya429ubCdR81ZmD69brwQaaBYY6p3LCpk, skipping transaction v2vhjH7vDErrso5NFF8qiuFScc5acQFHGTXb2R48scndGfeCDjrVzPSykyd4HmfJV6ZU3HfrsaDkoMFc7hG4ee6
quoteSymbol not support ATLASXmbPQxBUYbxPsV97usA3fPQYEqzQBUHgiFCUsXx, skipping transaction 4uwmwQVMRp7wFm5GqZStQvTevuYS8oKR9rpB6eUYJqY7pQ5nSFuwhREToWX73DPpBMUwsKCsEEPCzGD2Ljbd5HWQ
Invalid quoteAddress: undefined, skipping transaction 5pAjBsJoapAy1KbXtrQQrwpSzeJ7YL7i5CFZERdcLqoauhHMe6H9DRxsPZ5sRQmev4BrQD45UwiKA8UeqkFroY9Y
Invalid quoteAmount: 0, skipping transaction 5ctzh1oWt2AzrpaF1M8x46Bo58XPHBTdMXskBFp4YXiwTnnUw64PUgPipG1VY22JoE8jrvGQPjrUpwkewc6SGW6E
quoteSymbol not support J1toso1uCk3RLmjorhTtrVwY9HJ7X8V9yYac6Y7kGCPn, skipping transaction 44XSuDUR75sxLAdoqPXiST1Lnxi71uGQ1G2dTcizzLYg13cgsutLukhoq3H5aqrFtfCX4SpKacMfknEZzzeZwBUp
quoteSymbol not support 3NZ9JMVBmGAqocybic2c7LQCJScmgsAZ6vQqTDzcqmJh, skipping transaction WkgUNz8df12eQPu3si12TGmr9E9wyV2FSsy2XsdnKTVRdhrk4rPJWHALxy5nHC5nY1MDUc2rCv2hsgdFjmoWEkK
quoteSymbol not support J1toso1uCk3RLmjorhTtrVwY9HJ7X8V9yYac6Y7kGCPn, skipping transaction 5B5V6N8Dwv6PGQ5kanspRoagYgFM6iz1yBmSn6sVSoHsfS2M7rSfdWL85QeX59BzXCCz6A3tNK3cKgWFYAdohTcR
quoteSymbol not support J1toso1uCk3RLmjorhTtrVwY9HJ7X8V9yYac6Y7kGCPn, skipping transaction 2G2txgRqRXEYpMCQgadDamFAB4JehkD9wwVwyi7mhUjUkeBRUq1VPzCTM4YeH2Sn4Q1SDTpgTifAsbqrH1sF37DF
quoteSymbol not support J1toso1uCk3RLmjorhTtrVwY9HJ7X8V9yYac6Y7kGCPn, skipping transaction 5x6jso1edwkFCYdHEQsVcFBKcy4ewbkdn5SNdYfgNnVyvw6FvcN4mxqYet7dJVgvcDDmNxCxB8cVzUvV3ZtHhTZ2
quoteSymbol not support J1toso1uCk3RLmjorhTtrVwY9HJ7X8V9yYac6Y7kGCPn, skipping transaction ovMuaP1UN181gzrB8iUCuZSfiHFfEeH3BpaUxFFfjzwbqu7z3riEN3CGgrka6TkG5GEJ3vwR8NKjoHKq2idEDYk
quoteSymbol not support J1toso1uCk3RLmjorhTtrVwY9HJ7X8V9yYac6Y7kGCPn, skipping transaction 4g77CdwDKCKeSA2WPrkyofPPLGj7ZkfxTiQrjHPjVZpEsHrbA3PQ1QtyeEpLEPkRGa2AGy7H7a2ZWj6snQa9M273
quoteSymbol not support J1toso1uCk3RLmjorhTtrVwY9HJ7X8V9yYac6Y7kGCPn, skipping transaction 3zVnyJrHKGEcA3Hixhiy8XSdEoxhkZP7u7EBzcE1xgMW64gNQdheytuEGiJj9GZEDgigToeWJA4H9WkX2TsA4pYU
quoteSymbol not support J1toso1uCk3RLmjorhTtrVwY9HJ7X8V9yYac6Y7kGCPn, skipping transaction 7rsGvASAHZ3HvYXhjwjK7oiWBxsnjvoHcn7XGBUnMTNVWxWwF322b2WcEa68XYQoaTCoH4ovtq15AhL6mUKx8TB
Invalid tokenAmount: 0, skipping transaction 3ZL9rdH4MjRnJFwGEekKWDmWxZed42yd8JjScioMbfqJsCejbrxfXP8XAY88xoXAWVZK5eyAcx5ST61Xw93YPAEz
✅ 插入 6157 条记录到 solana_history_data_new
HIGH PERFORMANCE: parse 100 blocks, cost: 3914 ms
[Port 8029] server total use, cost: 3930 ms
96
parse block 292669232,cost:21 ms
parse block 292669231,cost:58 ms
parse block 292669230,cost:22 ms
parse block 292669229,cost:34 ms
parse block 292669228,cost:31 ms
parse block 292669227,cost:12 ms
parse block 292669226,cost:74 ms
parse block 292669225,cost:22 ms
parse block 292669224,cost:71 ms
parse block 292669223,cost:37 ms
parse block 292669222,cost:62 ms
parse block 292669221,cost:23 ms
parse block 292669220,cost:22 ms
parse block 292669215,cost:45 ms
parse block 292669214,cost:53 ms
parse block 292669213,cost:28 ms
parse block 292669212,cost:61 ms
parse block 292669211,cost:60 ms
parse block 292669210,cost:17 ms
parse block 292669209,cost:18 ms
parse block 292669208,cost:53 ms
parse block 292669207,cost:26 ms
parse block 292669206,cost:30 ms
parse block 292669205,cost:26 ms
parse block 292669204,cost:19 ms
parse block 292669203,cost:42 ms
parse block 292669202,cost:25 ms
parse block 292669201,cost:54 ms
parse block 292669200,cost:65 ms
parse block 292669199,cost:31 ms
parse block 292669198,cost:13 ms
parse block 292669197,cost:11 ms
parse block 292669196,cost:33 ms
parse block 292669195,cost:30 ms
parse block 292669194,cost:14 ms
parse block 292669193,cost:48 ms
parse block 292669192,cost:30 ms
parse block 292669191,cost:32 ms
parse block 292669190,cost:25 ms
parse block 292669189,cost:37 ms
parse block 292669188,cost:17 ms
parse block 292669187,cost:55 ms
parse block 292669186,cost:31 ms
parse block 292669185,cost:25 ms
parse block 292669184,cost:26 ms
parse block 292669183,cost:47 ms
parse block 292669182,cost:36 ms
parse block 292669181,cost:40 ms
parse block 292669180,cost:46 ms
parse block 292669179,cost:24 ms
parse block 292669178,cost:34 ms
parse block 292669177,cost:14 ms
parse block 292669176,cost:21 ms
parse block 292669175,cost:43 ms
parse block 292669174,cost:22 ms
parse block 292669173,cost:14 ms
parse block 292669172,cost:57 ms
parse block 292669171,cost:36 ms
parse block 292669170,cost:29 ms
parse block 292669169,cost:42 ms
parse block 292669168,cost:19 ms
parse block 292669167,cost:26 ms
parse block 292669166,cost:45 ms
parse block 292669165,cost:40 ms
parse block 292669164,cost:24 ms
parse block 292669163,cost:42 ms
parse block 292669162,cost:43 ms
parse block 292669161,cost:55 ms
parse block 292669160,cost:32 ms
parse block 292669159,cost:44 ms
parse block 292669158,cost:34 ms
parse block 292669157,cost:23 ms
parse block 292669156,cost:44 ms
parse block 292669155,cost:28 ms
parse block 292669154,cost:36 ms
parse block 292669153,cost:40 ms
parse block 292669152,cost:22 ms
parse block 292669151,cost:39 ms
parse block 292669150,cost:22 ms
parse block 292669149,cost:18 ms
parse block 292669148,cost:31 ms
parse block 292669147,cost:51 ms
parse block 292669146,cost:36 ms
parse block 292669145,cost:22 ms
parse block 292669144,cost:59 ms
parse block 292669143,cost:24 ms
parse block 292669142,cost:10 ms
parse block 292669141,cost:23 ms
parse block 292669140,cost:25 ms
parse block 292669139,cost:31 ms
parse block 292669138,cost:38 ms
parse block 292669137,cost:50 ms
parse block 292669136,cost:66 ms
parse block 292669135,cost:11 ms
parse block 292669134,cost:12 ms
parse block 292669133,cost:8 ms
quoteSymbol not support J1toso1uCk3RLmjorhTtrVwY9HJ7X8V9yYac6Y7kGCPn, skipping transaction 3AS46oTkJ78vvBrvR661wQfLbHxWmxm7m5746faaTzqDRta385JJBpM5Vb86FDdgpnLE99zTZZ2RBNbWYow7WVVQ
quoteSymbol not support EMfk4dC6LGE6pqtZBwX8xKsZundUMcb5K7J2v1eDpump, skipping transaction kJD1oyNk4ABRDXQu5MTmyHtvptiK9eQrhkbxr1ywMi9jhiKDGYheZKagWYWj4kEtyFLjvoiwDY8qVqEx8pdYBJB
Invalid tokenAmount: 0, skipping transaction 4NxXzuiTNianEQ6nGQuKZNb37PNVdWyP644C9Fb86T73mYjdZNgTHWfTsPLg19HQixq2FEXQgRGnTmqTCUiuLSsX
Invalid quoteAmount: 0, skipping transaction 5XzWoynZTrUfEEYHHSgEMM55c658dE5JRypgGpqXYsfrT8QLjWvVGc5tZV59qFZMu7xoC5zTd77yrFhvrzgfAupo
✅ 插入 5133 条记录到 solana_history_data_new
HIGH PERFORMANCE: parse 96 blocks, cost: 3608 ms
[Port 8029] server total use, cost: 3608 ms
100
parse block 292666632,cost:36 ms
parse block 292666631,cost:28 ms
parse block 292666630,cost:46 ms
parse block 292666629,cost:34 ms
parse block 292666628,cost:55 ms
parse block 292666627,cost:9 ms
parse block 292666626,cost:22 ms
parse block 292666625,cost:17 ms
parse block 292666624,cost:17 ms
parse block 292666623,cost:41 ms
parse block 292666622,cost:41 ms
parse block 292666621,cost:18 ms
parse block 292666620,cost:31 ms
parse block 292666619,cost:21 ms
parse block 292666618,cost:48 ms
parse block 292666617,cost:17 ms
parse block 292666616,cost:64 ms
parse block 292666615,cost:19 ms
parse block 292666614,cost:46 ms
parse block 292666613,cost:40 ms
parse block 292666612,cost:30 ms
parse block 292666611,cost:52 ms
parse block 292666610,cost:55 ms
parse block 292666609,cost:33 ms
parse block 292666608,cost:44 ms
parse block 292666607,cost:38 ms
parse block 292666606,cost:42 ms
parse block 292666605,cost:62 ms
parse block 292666604,cost:45 ms
parse block 292666603,cost:42 ms
parse block 292666602,cost:45 ms
parse block 292666601,cost:85 ms
parse block 292666600,cost:54 ms
parse block 292666599,cost:12 ms
parse block 292666598,cost:15 ms
parse block 292666597,cost:33 ms
parse block 292666596,cost:11 ms
parse block 292666595,cost:41 ms
parse block 292666594,cost:57 ms
parse block 292666593,cost:21 ms
parse block 292666592,cost:43 ms
parse block 292666591,cost:41 ms
parse block 292666590,cost:22 ms
parse block 292666589,cost:24 ms
parse block 292666588,cost:54 ms
parse block 292666587,cost:80 ms
parse block 292666586,cost:53 ms
parse block 292666585,cost:31 ms
parse block 292666584,cost:28 ms
parse block 292666583,cost:67 ms
parse block 292666582,cost:46 ms
parse block 292666581,cost:41 ms
parse block 292666580,cost:62 ms
parse block 292666579,cost:41 ms
parse block 292666578,cost:39 ms
parse block 292666577,cost:27 ms
parse block 292666576,cost:33 ms
parse block 292666575,cost:45 ms
parse block 292666574,cost:63 ms
parse block 292666573,cost:26 ms
parse block 292666572,cost:33 ms
parse block 292666571,cost:46 ms
parse block 292666570,cost:47 ms
parse block 292666569,cost:32 ms
parse block 292666568,cost:59 ms
parse block 292666567,cost:29 ms
parse block 292666566,cost:41 ms
parse block 292666565,cost:42 ms
parse block 292666564,cost:28 ms
parse block 292666563,cost:41 ms
parse block 292666562,cost:31 ms
parse block 292666561,cost:25 ms
parse block 292666560,cost:27 ms
parse block 292666559,cost:38 ms
parse block 292666558,cost:44 ms
parse block 292666557,cost:68 ms
parse block 292666556,cost:61 ms
parse block 292666555,cost:10 ms
parse block 292666554,cost:13 ms
parse block 292666553,cost:23 ms
parse block 292666552,cost:16 ms
parse block 292666551,cost:31 ms
parse block 292666550,cost:31 ms
parse block 292666549,cost:33 ms
parse block 292666548,cost:56 ms
parse block 292666547,cost:48 ms
parse block 292666546,cost:33 ms
parse block 292666545,cost:28 ms
parse block 292666544,cost:45 ms
parse block 292666543,cost:29 ms
parse block 292666542,cost:47 ms
parse block 292666541,cost:46 ms
parse block 292666540,cost:80 ms
parse block 292666539,cost:18 ms
parse block 292666538,cost:41 ms
parse block 292666537,cost:39 ms
parse block 292666536,cost:5 ms
parse block 292666535,cost:56 ms
parse block 292666534,cost:31 ms
parse block 292666533,cost:49 ms
quoteSymbol not support AiYhnwWiqbdSiEHgAzqrurcdoZx4V21mnuMt5ps2pump, skipping transaction 3GLUQ6Ajj8sfU7tpTXqGq1XM76Yca81t3fz67jdMjTFkx1mrAAAq713iNnRNjf1cyi7BWc48e65wpgncaTiUMsjF
quoteSymbol not support 2c2VFPgtLV6y1CCGbG4jaYqcMv3xLyzUukyVX1XMpump, skipping transaction 65G3DHXVLq3hyJtmt9PAxPXY1mnRYp3rRosnpMwRwHUN7731pEai4Cez8cq2d6Gc2R1qmhRyokcxADk52S3KGZqq
quoteSymbol not support H8LW3afnmHYhvhLydBPsFNfUF1JTPpNt6VoeYzutpump, skipping transaction 53q1dHj9pGb8HZpUWJYaXih1tevpsSgpHLZZEW7mRiJqx3Hn1eTd5WzDy2FFwnRuh2G3e4LveboFmUkrCJCJKLJ9
quoteSymbol not support CPPRnoJkkLX7diVC68u5qy4GwhB2oRYdBbbJY97Npump, skipping transaction 3JqHVae6m8DZzy3Yfgg4hbtiLov57V8wRnCyPu8i2jSkP2xwui5wiUb55u96YFfBSay6HFZ6KuHgLGoZYr5XLSLT
quoteSymbol not support FN9E6nBK1D3TReLtyHMEVNa3eVHnGTtx9fRpAdSRTeQ5, skipping transaction 4cWekUDxhqRJwkZqsRS81FxV2JFpPYccRvFKYuCa6Pa2xmve3TDYk8npQsJCUijXVPyQ6fbUAbwdaJD6kXLwhHf
quoteSymbol not support AzfhkfRCsGY8BpQk7yUoyZTFDX5ytF4vC1YiAeuk5otm, skipping transaction 5UW2cXTjfT5DN83KdS4yGJ8FFrwQzi3r2V4GQbyxYf4oRstVZWwb4YStRJSduixb4W7kGcqWkXVtwDXvKwrvDyuH
Invalid tokenAmount: 0, skipping transaction PGMgqY9E6Xs8ncEMcWtmQj4FAB75qjAQWXzyDqESc7LSkgrKhNniFcFHsyDQxKcE17gHu9BiAUyCQW3dwa1kBkH
quoteSymbol not support 7hXig6qiJuJ2Tmu3RFikNFDMPF8CWbMuCrU1QpTopump, skipping transaction YrTCFG43WbcmpzHVFsTRGZY2FSQFruifo7AqBYUWt27c8qHTfUdve5ipDvMqhWY5cNrF5o3axj2jWfGDckAtvZf
quoteSymbol not support 9DZvu8yahirm6NagRa7Cm484VbUwZYKRm3xvpMrbpump, skipping transaction 5MGSXAVUstbAfjduwBv1VHnbvaVJmuPyPZkctvMNt48oFmnE1z6sy6ySW5pJgaEAvp3TtbQrD35ghbyrGBG6ESpg
Invalid tokenAmount: 0, skipping transaction 371A64pWziHKTPeD2MvCJqkEAJ6Miv11KX8dT838ThctkWwCThKVhgzp42nTXzP1ejuqkG127FC3pyCVQDR1oJug
✅ 插入 7954 条记录到 solana_history_data_new
HIGH PERFORMANCE: parse 100 blocks, cost: 4236 ms
[Port 8029] server total use, cost: 4236 ms
99
parse block 292662432,cost:29 ms
parse block 292662431,cost:49 ms
parse block 292662430,cost:44 ms
parse block 292662429,cost:84 ms
parse block 292662428,cost:29 ms
parse block 292662427,cost:33 ms
parse block 292662426,cost:36 ms
parse block 292662425,cost:33 ms
parse block 292662424,cost:35 ms
parse block 292662423,cost:62 ms
parse block 292662422,cost:52 ms
parse block 292662421,cost:45 ms
parse block 292662419,cost:28 ms
parse block 292662418,cost:21 ms
parse block 292662417,cost:22 ms
parse block 292662416,cost:34 ms
parse block 292662415,cost:25 ms
parse block 292662414,cost:43 ms
parse block 292662413,cost:35 ms
parse block 292662412,cost:67 ms
parse block 292662411,cost:30 ms
parse block 292662410,cost:44 ms
parse block 292662409,cost:26 ms
parse block 292662408,cost:46 ms
parse block 292662407,cost:12 ms
parse block 292662406,cost:21 ms
parse block 292662405,cost:22 ms
parse block 292662404,cost:30 ms
parse block 292662403,cost:17 ms
parse block 292662402,cost:27 ms
parse block 292662401,cost:36 ms
parse block 292662400,cost:54 ms
parse block 292662399,cost:48 ms
parse block 292662398,cost:25 ms
parse block 292662397,cost:44 ms
parse block 292662396,cost:38 ms
parse block 292662395,cost:20 ms
parse block 292662394,cost:35 ms
parse block 292662393,cost:41 ms
parse block 292662392,cost:31 ms
parse block 292662391,cost:25 ms
parse block 292662390,cost:27 ms
parse block 292662389,cost:57 ms
parse block 292662388,cost:23 ms
parse block 292662387,cost:26 ms
parse block 292662386,cost:18 ms
parse block 292662385,cost:28 ms
parse block 292662384,cost:32 ms
quoteSymbol not support C8tEY82inN7mgCoBatacvVyeufBd1f1wEdPPtsL4pump, skipping transaction 2uLATRFAxUAixVeU7UDmEsagQvmM5AeKrHGiQeg3gx2dVWjXPgXs8v13iAeNeXqaW1M6eVmr2kgRfqpJHruSejuy
parse block 292662383,cost:40 ms
parse block 292662382,cost:12 ms
parse block 292662381,cost:25 ms
parse block 292662380,cost:32 ms
parse block 292662379,cost:10 ms
parse block 292662378,cost:49 ms
parse block 292662377,cost:18 ms
parse block 292662376,cost:30 ms
parse block 292662375,cost:46 ms
parse block 292662374,cost:47 ms
parse block 292662373,cost:23 ms
parse block 292662372,cost:44 ms
parse block 292662371,cost:23 ms
parse block 292662370,cost:32 ms
parse block 292662369,cost:35 ms
parse block 292662368,cost:24 ms
parse block 292662367,cost:13 ms
parse block 292662366,cost:28 ms
parse block 292662365,cost:48 ms
parse block 292662364,cost:41 ms
parse block 292662363,cost:67 ms
parse block 292662362,cost:39 ms
parse block 292662361,cost:25 ms
parse block 292662360,cost:40 ms
parse block 292662359,cost:42 ms
parse block 292662358,cost:24 ms
parse block 292662357,cost:28 ms
parse block 292662356,cost:29 ms
parse block 292662355,cost:23 ms
parse block 292662354,cost:31 ms
parse block 292662353,cost:33 ms
parse block 292662352,cost:57 ms
parse block 292662351,cost:67 ms
parse block 292662350,cost:50 ms
parse block 292662349,cost:40 ms
parse block 292662348,cost:37 ms
parse block 292662347,cost:25 ms
parse block 292662346,cost:19 ms
parse block 292662345,cost:25 ms
parse block 292662344,cost:25 ms
parse block 292662343,cost:21 ms
parse block 292662342,cost:24 ms
parse block 292662341,cost:52 ms
parse block 292662340,cost:35 ms
parse block 292662339,cost:17 ms
parse block 292662338,cost:29 ms
parse block 292662337,cost:40 ms
parse block 292662336,cost:30 ms
parse block 292662335,cost:23 ms
parse block 292662334,cost:38 ms
parse block 292662333,cost:46 ms
Invalid tokenAmount: 0, skipping transaction kfdNrJbFrxyHoGuVpfkHTtq69pzi26R9szNEja4kouyfwcsnnyWPVhDsr1yhFp21T5SF4RphGxFe8j6oqu66wba
Invalid quoteAmount: 0, skipping transaction 4xMx72a6QfYtjq9M43n5ceJ1YE93gq7uvQKa13pWGB8BKqx7nP1XLnNWktFzy619wEHEXVMQSCeFEj3sNSsw6Hoy
Invalid tokenAmount: 0, skipping transaction 55X38LpjNuZhaaLUPnTFdeng45nfQiCxkizy8h81dxkZyex7jJTLAbeakjRVrUNrWZW8gDPvGmkAyaevErbh5ejj
Invalid quoteAmount: 0, skipping transaction uwWrp5TEvqMYDU5qVttWj8JTDzH7zSDRkdad6AvQRC1FPZEXHaSzJLo77EeAtn6dJcn6CZwZJ5U96dg5x8DmDeq
quoteSymbol not support 5cVX5zZadatkA5dEouuBXBjMDRqQsiyXVeFZpMr5pump, skipping transaction 5BZxvftmQ8UK2fQ5MebZtXobJxtgPoE56nKdyjbU8BD3F8psax3388W6yVwfBjLMJr21T5yabCjt8dRSZDXE8Q1Z
quoteSymbol not support BPJx87mrwhLV6Sp2F7WLEwQycDdZMrncGUKTqKbNpump, skipping transaction 5cYofj9ZPvasdQzKThgbH3wgLDWVgRPAA9LxS7pe2rZwGeXKAW16gR9ymwoydncnUYixeYCCANrgsAuiaP6Bw6Pk
Invalid tokenAmount: 0, skipping transaction h58jttk9kDUB3mMasqVJmiWcipqw3ggypqrwJu58T81sUjK1TV7T8GHTrRXGAQoeYJpKBPiT4r9RodXUrySE3Zd
quoteSymbol not support 7vfCXTUXx5WJV5JADk17DUJ4ksgau7utNKj4b963voxs, skipping transaction 3QbNz6YB5uxjGW1byMTriMKCTAEijv6RzGVTFiz3PCm4R2faMywxdhCriXreLf1DVYhmo35MdsvPrwdJaxwoWAFh
quoteSymbol not support EWGhKWVET7dRB4Sy6gzDWT4mSyqknfkWhuR38JoZCnDP, skipping transaction 3bA5wLEH9FzW23dxKiq96BiR7UhU74gBpJjcbxbAiUM3PQhQukEcZRSokrNLndbWruaaNFD6E1dMJEDkVku8cVgK
quoteSymbol not support 993dVFL2uXWYeoXuEBFXR4BijeXdTv4s6BzsCjJZuwqk, skipping transaction 4XfvsVbwGzh7Zqz4qrMPJ843G2nA3BGKqNd3nW8FZQjZvm4bkvadreApGBxbYg65Dw1Sv6MxyaWc5zLLvgsATSLV
✅ 插入 6354 条记录到 solana_history_data_new
HIGH PERFORMANCE: parse 99 blocks, cost: 3763 ms
[Port 8029] server total use, cost: 3763 ms
100
parse block 292660432,cost:66 ms
parse block 292660431,cost:27 ms
parse block 292660430,cost:22 ms
parse block 292660429,cost:50 ms
parse block 292660428,cost:15 ms
parse block 292660427,cost:21 ms
parse block 292660426,cost:30 ms
parse block 292660425,cost:20 ms
parse block 292660424,cost:23 ms
parse block 292660423,cost:22 ms
parse block 292660422,cost:16 ms
parse block 292660421,cost:23 ms
parse block 292660420,cost:40 ms
parse block 292660419,cost:34 ms
parse block 292660418,cost:33 ms
parse block 292660417,cost:34 ms
parse block 292660416,cost:49 ms
parse block 292660415,cost:47 ms
parse block 292660414,cost:42 ms
parse block 292660413,cost:24 ms
parse block 292660412,cost:34 ms
parse block 292660411,cost:29 ms
parse block 292660410,cost:26 ms
parse block 292660409,cost:25 ms
parse block 292660408,cost:62 ms
parse block 292660407,cost:42 ms
parse block 292660406,cost:44 ms
parse block 292660405,cost:7 ms
parse block 292660404,cost:31 ms
parse block 292660403,cost:28 ms
parse block 292660402,cost:12 ms
parse block 292660401,cost:55 ms
parse block 292660400,cost:20 ms
parse block 292660399,cost:15 ms
parse block 292660398,cost:31 ms
parse block 292660397,cost:39 ms
parse block 292660396,cost:52 ms
parse block 292660395,cost:67 ms
parse block 292660394,cost:29 ms
parse block 292660393,cost:1 ms
parse block 292660392,cost:21 ms
parse block 292660391,cost:34 ms
parse block 292660390,cost:33 ms
parse block 292660389,cost:19 ms
parse block 292660388,cost:25 ms
parse block 292660387,cost:33 ms
parse block 292660386,cost:26 ms
parse block 292660385,cost:45 ms
parse block 292660384,cost:22 ms
parse block 292660383,cost:38 ms
parse block 292660382,cost:43 ms
parse block 292660381,cost:51 ms
parse block 292660380,cost:37 ms
parse block 292660379,cost:26 ms
parse block 292660378,cost:33 ms
parse block 292660377,cost:49 ms
parse block 292660376,cost:31 ms
parse block 292660375,cost:28 ms
parse block 292660374,cost:31 ms
parse block 292660373,cost:26 ms
parse block 292660372,cost:29 ms
parse block 292660371,cost:32 ms
parse block 292660370,cost:29 ms
parse block 292660369,cost:49 ms
parse block 292660368,cost:35 ms
parse block 292660367,cost:27 ms
parse block 292660366,cost:40 ms
parse block 292660365,cost:15 ms
parse block 292660364,cost:19 ms
parse block 292660363,cost:30 ms
parse block 292660362,cost:52 ms
parse block 292660361,cost:22 ms
parse block 292660360,cost:44 ms
parse block 292660359,cost:36 ms
parse block 292660358,cost:24 ms
parse block 292660357,cost:55 ms
parse block 292660356,cost:45 ms
parse block 292660355,cost:26 ms
parse block 292660354,cost:33 ms
parse block 292660353,cost:61 ms
parse block 292660352,cost:35 ms
parse block 292660351,cost:55 ms
parse block 292660350,cost:46 ms
parse block 292660349,cost:39 ms
parse block 292660348,cost:62 ms
parse block 292660347,cost:23 ms
parse block 292660346,cost:11 ms
parse block 292660345,cost:10 ms
parse block 292660344,cost:8 ms
parse block 292660343,cost:54 ms
parse block 292660342,cost:55 ms
parse block 292660341,cost:20 ms
parse block 292660340,cost:54 ms
parse block 292660339,cost:29 ms
parse block 292660338,cost:47 ms
parse block 292660337,cost:39 ms
parse block 292660336,cost:72 ms
parse block 292660335,cost:79 ms
parse block 292660334,cost:21 ms
parse block 292660333,cost:1 ms
Invalid quoteAmount: 0, skipping transaction 2n2poWaQNiQx7FtWYuB4pz7Dw3gHRoTjXRDX9DwaNPun1jTLw1qXTszfiPPhqDkoNn1E6Hk66HkZo7zQFqyzgJgg
quoteSymbol not support J1toso1uCk3RLmjorhTtrVwY9HJ7X8V9yYac6Y7kGCPn, skipping transaction 2LAZaFZ8y9TyuGiBULFh53VFpwf9CAYXLRhXRYfuBTxBfu3rgVVrzyCLhQdSp6isjoUV9iCHHT1beRy1fPWDoPFy
quoteSymbol not support AtakVE4hj5KgbS58YzmCYrUwRqMNCnwaamUckk2Zpump, skipping transaction 5f2zp7Fbrkax6v2ShFPt96aHkcQpbJ3yBkW8S31nUsH17bqaqThJvG8qZRjqmYPuDvvTQ24JgkGTbHMTYXBaXhBf
Invalid quoteAddress: undefined, skipping transaction xXx26UzeGF51EYcmZ3dTyKFDXzpBHPbuPbeoQqVmuQcLaJdYsP6jSXsdSUxu1Dh48azQmwBTXQaj9eHctLquTvV
quoteSymbol not support 41wBNxjPMdRShuf3Qa37xwFQCYziMgiiwzxFWqsapump, skipping transaction 3kSAqnJsFzf6pSi2GtFjHKxtwwncGKrLyLG9iboqwmmi67se9bKTPwhov2J1Ub5gYVmW4mSbjmSEjhgcYfQWq9Ka
quoteSymbol not support C8tEY82inN7mgCoBatacvVyeufBd1f1wEdPPtsL4pump, skipping transaction 4sP1Jkvkb6xL4k2X5DaJcgS2g3z9BNcGct9tsZ84E2BZ6MiPGuH49WDWRj9UgZph1yi78hXt7dXe1u366yM1iF8L
Invalid tokenAmount: 0, skipping transaction 4JjwT4VPRfuRHwMexRU4UacbmXiA8Grhi8UYte3B8XFM2C6ResJyZM7fYZxfcEbsM1rUMDhhGkyDR9mWxQ4Hv93H
quoteSymbol not support 3J6ZAHwGvqhCYkBzeMjTBRhC56QnT7zcMPxYV4GAPjxu, skipping transaction 3tivCyj3L2sAPLAbRyS4YPz5Y8RbXG5nfJvCb9CaNGfhMi2ERRrtGYG4WSy7V5CosXwDuXB184HjcrF3yQg9cN9g
quoteSymbol not support H8LW3afnmHYhvhLydBPsFNfUF1JTPpNt6VoeYzutpump, skipping transaction 3JZbJoizcE42et27XSMB9t9swUgE6MeW7TwkTqBYy7R87RixpvFP4Gn6quzbj4sGpvhWaWh1PigP2tRhsBHPvmxw
quoteSymbol not support AtakVE4hj5KgbS58YzmCYrUwRqMNCnwaamUckk2Zpump, skipping transaction 3tqaTFHv7wEo1tfHpEEK8qqonWENGVXKHEXWMdqUuvcSjV7MFDNCtFwd5saKidArRwmSoC2DcVxgXqp4drXruhUT
quoteSymbol not support J1toso1uCk3RLmjorhTtrVwY9HJ7X8V9yYac6Y7kGCPn, skipping transaction A47w2H6GsUDo8NArHaBv3dZkAwtsEiDrDz96SYNsrtiUtbkni7DZrMN1WAuiPhPV3m6Fs4Cgj7sbwZfPHQiGUJU
quoteSymbol not support J1toso1uCk3RLmjorhTtrVwY9HJ7X8V9yYac6Y7kGCPn, skipping transaction 2AVjunmMGRhTSZTEkqRW4mswug5Vfv1FgY59K9d4hN6Q4H5gaJBHfnDtN7Z3Zw37u7qSW7Z2M2SKmtExWdXGRqnY
✅ 插入 6206 条记录到 solana_history_data_new
HIGH PERFORMANCE: parse 100 blocks, cost: 3769 ms
[Port 8029] server total use, cost: 3788 ms
100
parse block 292655932,cost:52 ms
parse block 292655931,cost:28 ms
parse block 292655930,cost:41 ms
parse block 292655929,cost:31 ms
parse block 292655928,cost:24 ms
parse block 292655927,cost:38 ms
parse block 292655926,cost:39 ms
parse block 292655925,cost:39 ms
parse block 292655924,cost:46 ms
parse block 292655923,cost:49 ms
parse block 292655922,cost:48 ms
parse block 292655921,cost:110 ms
parse block 292655920,cost:0 ms
parse block 292655919,cost:17 ms
parse block 292655918,cost:23 ms
parse block 292655917,cost:27 ms
parse block 292655916,cost:13 ms
parse block 292655915,cost:38 ms
parse block 292655914,cost:44 ms
parse block 292655913,cost:52 ms
parse block 292655912,cost:19 ms
parse block 292655911,cost:32 ms
parse block 292655910,cost:28 ms
parse block 292655909,cost:34 ms
parse block 292655908,cost:58 ms
parse block 292655907,cost:56 ms
parse block 292655906,cost:16 ms
parse block 292655905,cost:47 ms
parse block 292655904,cost:67 ms
parse block 292655903,cost:31 ms
parse block 292655902,cost:24 ms
parse block 292655901,cost:44 ms
parse block 292655900,cost:16 ms
parse block 292655899,cost:45 ms
parse block 292655898,cost:38 ms
parse block 292655897,cost:28 ms
parse block 292655896,cost:69 ms
parse block 292655895,cost:50 ms
parse block 292655894,cost:23 ms
parse block 292655893,cost:38 ms
parse block 292655892,cost:47 ms
parse block 292655891,cost:24 ms
parse block 292655890,cost:38 ms
parse block 292655889,cost:54 ms
parse block 292655888,cost:31 ms
parse block 292655887,cost:30 ms
parse block 292655886,cost:42 ms
parse block 292655885,cost:64 ms
parse block 292655884,cost:59 ms
parse block 292655883,cost:55 ms
parse block 292655882,cost:25 ms
parse block 292655881,cost:33 ms
parse block 292655880,cost:20 ms
parse block 292655879,cost:48 ms
parse block 292655878,cost:21 ms
parse block 292655877,cost:29 ms
parse block 292655876,cost:49 ms
parse block 292655875,cost:32 ms
parse block 292655874,cost:28 ms
parse block 292655873,cost:60 ms
parse block 292655872,cost:38 ms
parse block 292655871,cost:36 ms
parse block 292655870,cost:41 ms
parse block 292655869,cost:30 ms
parse block 292655868,cost:31 ms
parse block 292655867,cost:34 ms
parse block 292655866,cost:37 ms
parse block 292655865,cost:26 ms
parse block 292655864,cost:84 ms
parse block 292655863,cost:70 ms
parse block 292655862,cost:20 ms
parse block 292655861,cost:14 ms
parse block 292655860,cost:24 ms
parse block 292655859,cost:42 ms
parse block 292655858,cost:84 ms
parse block 292655857,cost:23 ms
parse block 292655856,cost:15 ms
parse block 292655855,cost:36 ms
parse block 292655854,cost:14 ms
parse block 292655853,cost:40 ms
parse block 292655852,cost:24 ms
parse block 292655851,cost:65 ms
parse block 292655850,cost:38 ms
parse block 292655849,cost:49 ms
parse block 292655848,cost:41 ms
parse block 292655847,cost:25 ms
parse block 292655846,cost:29 ms
parse block 292655845,cost:15 ms
parse block 292655844,cost:21 ms
parse block 292655843,cost:62 ms
parse block 292655842,cost:41 ms
parse block 292655841,cost:49 ms
parse block 292655840,cost:49 ms
parse block 292655839,cost:28 ms
parse block 292655838,cost:22 ms
parse block 292655837,cost:37 ms
parse block 292655836,cost:72 ms
parse block 292655835,cost:15 ms
parse block 292655834,cost:25 ms
parse block 292655833,cost:41 ms
quoteSymbol not support DUp2qMMGuACziKeyZRtH9cuKyqtYpqJ24iZg6tVLpump, skipping transaction G4jFJMeGXbQdQBz6wHjzXkaHzGcpvBwTSDLD43MVes9u6nVfN1ZKf2rQwvnKcipRAUBpdX75Pt2iiRJ5rZxuDRN
Invalid tokenAmount: 0, skipping transaction 2XW2dEGGEN9TawyaFzzX98qoGC9RWWcAe6rTJcVLCcgFkdXUnRSHvxpofx4uXyr4M1Ajxg39R6Md2kLivfhnDZkP
quoteSymbol not support AtakVE4hj5KgbS58YzmCYrUwRqMNCnwaamUckk2Zpump, skipping transaction 3EkS8uAgqWXsXNsdqpwSLTCSvkynk4UKyDqNwN5xEfv1KYKF6rUmrSFFjfzdgVGERATZsKP6tUgU8tJQcWXG1pqW
Invalid tokenAmount: 0, skipping transaction 4RpHwsSh6MdJmbGHJZim9Fj6cr8Etxs8X4UWWezRMw8BfXZjihhKYge4CsphgQL7osseP79ntueC6PysTxMsvU3U
Invalid tokenAmount: 0, skipping transaction 63rFZxicynAfJQsUh6KUd5CK1HENpbBqfLcu84NCEZqP3sPr1ygrCvwvCpvoPiiwvPuPRKEiAP43A3SqNKsFLjTV
quoteSymbol not support BiQASes3tDqxP7XqrmVF9BveXLiKgCRQgto1yYGKnGB6, skipping transaction 2HQpZACnzKuMzM1n1xkhyaDBmmf9wxRu7bNdUVFXvTiD4sibZ1m8PXkshj61nYU17AY4h7Scnn5kizAA2ajEGWu7
Invalid quoteAddress: undefined, skipping transaction i7b8kmzReUxSsj2SmtPPDxZyC2PDNozcdvpJfy6MTJDGFdHGZtXY8C95hmc2t4uwK7SCnkfjMs95ysNJRzNqyAo
quoteSymbol not support BiQASes3tDqxP7XqrmVF9BveXLiKgCRQgto1yYGKnGB6, skipping transaction 4pWDMNwA1s5ZjEoPVnCtzdHGHqYMWCv96kiP1c2XkiDYBMPwxJjCyoU5nfdhdPj9J16o1KCgV3Mu5bJEbE8nEkC7
Invalid tokenAmount: 0, skipping transaction 5RM5CSRmQXcJGzLqN2kxeMA7x5tHYtXKuKt9onDs3gr4VYtppwyQ3oDUPPAsUV1feBEaKmyzbNmf1Ygj3Mw7MaEx
Invalid quoteAmount: 0, skipping transaction 4SsWaAk9eib8UEy3ddrJfxtMGBp3uhzW9EKyo8QfnXjy6C2ZuCgmiMU1CKEH6pwYydtMnT3X9ojDvmXXjH4DX3LU
quoteSymbol not support AtakVE4hj5KgbS58YzmCYrUwRqMNCnwaamUckk2Zpump, skipping transaction 3AUk8HU4PbutcUVdEFyHTAM3YhsFB8wuKN2nv1aKcctLiWvnaKUM6wM4GivqvAJKfmrvyw5bi6CYFgC6KWfptiV1
Invalid quoteAmount: 0, skipping transaction 2zxKAFx42Nsw6rGbRuuYh6R75QbvxPtwgdN9mZbrVUB3jHVNJxEFWLAVdcLPGLyScXeepUorwchLjztAfPFjEMBE
Invalid quoteAmount: 0, skipping transaction 4MHdFFMVsAdqeKa92YMTgJfmTEA4ymWev9pZ19KYpUNQURiPFCS9ZNKKNc9StSAmDHVk4P656PudYiFHqstm3Voy
quoteSymbol not support 9kahs6tASfXb8wXhC9g54mYA7e33XzmksYdpjQBDpump, skipping transaction 41nUBEqZkAgfd73v4Lvfxwwt4HMCUnd5YJ35KjwKH5Msd7uN8u2y73zi9peQ3RpnqpCEw7M1vB1X4MGUnZRmZr4r
✅ 插入 6610 条记录到 solana_history_data_new
HIGH PERFORMANCE: parse 100 blocks, cost: 4173 ms
[Port 8029] server total use, cost: 4173 ms
100
parse block 292654932,cost:29 ms
parse block 292654931,cost:57 ms
parse block 292654930,cost:40 ms
parse block 292654929,cost:68 ms
parse block 292654928,cost:16 ms
parse block 292654927,cost:32 ms
parse block 292654926,cost:44 ms
parse block 292654925,cost:36 ms
parse block 292654924,cost:22 ms
parse block 292654923,cost:37 ms
parse block 292654922,cost:24 ms
parse block 292654921,cost:23 ms
parse block 292654920,cost:23 ms
parse block 292654919,cost:47 ms
parse block 292654918,cost:38 ms
parse block 292654917,cost:32 ms
parse block 292654916,cost:46 ms
parse block 292654915,cost:56 ms
parse block 292654914,cost:33 ms
parse block 292654913,cost:35 ms
parse block 292654912,cost:11 ms
parse block 292654911,cost:21 ms
parse block 292654910,cost:23 ms
parse block 292654909,cost:20 ms
parse block 292654908,cost:52 ms
parse block 292654907,cost:45 ms
parse block 292654906,cost:45 ms
parse block 292654905,cost:17 ms
parse block 292654904,cost:103 ms
parse block 292654903,cost:5 ms
Invalid tokenAmount: 0, skipping transaction sdygWG885Y8PJxxHdQgtKETWXGfz1UpgnewmKQYPrnNxAmg8j1tXyAWtztyzLGXjCpjTkpE6pdi39fFrKPXvU2K
parse block 292654902,cost:20 ms
parse block 292654901,cost:23 ms
parse block 292654900,cost:11 ms
parse block 292654899,cost:19 ms
parse block 292654898,cost:43 ms
parse block 292654897,cost:59 ms
parse block 292654896,cost:23 ms
parse block 292654895,cost:44 ms
parse block 292654894,cost:28 ms
parse block 292654893,cost:30 ms
parse block 292654892,cost:43 ms
parse block 292654891,cost:50 ms
parse block 292654890,cost:31 ms
parse block 292654889,cost:25 ms
parse block 292654888,cost:43 ms
parse block 292654887,cost:36 ms
parse block 292654886,cost:48 ms
parse block 292654885,cost:32 ms
parse block 292654884,cost:61 ms
parse block 292654883,cost:7 ms
parse block 292654882,cost:17 ms
parse block 292654881,cost:16 ms
parse block 292654880,cost:2 ms
parse block 292654879,cost:42 ms
parse block 292654878,cost:27 ms
parse block 292654877,cost:27 ms
parse block 292654876,cost:46 ms
parse block 292654875,cost:90 ms
parse block 292654874,cost:24 ms
parse block 292654873,cost:33 ms
parse block 292654872,cost:32 ms
parse block 292654871,cost:32 ms
parse block 292654870,cost:15 ms
parse block 292654869,cost:26 ms
parse block 292654868,cost:35 ms
parse block 292654867,cost:66 ms
parse block 292654866,cost:16 ms
parse block 292654865,cost:33 ms
parse block 292654864,cost:36 ms
parse block 292654863,cost:53 ms
parse block 292654862,cost:44 ms
parse block 292654861,cost:33 ms
parse block 292654860,cost:29 ms
parse block 292654859,cost:17 ms
parse block 292654858,cost:30 ms
parse block 292654857,cost:17 ms
parse block 292654856,cost:26 ms
parse block 292654855,cost:42 ms
parse block 292654854,cost:46 ms
parse block 292654853,cost:44 ms
parse block 292654852,cost:62 ms
parse block 292654851,cost:19 ms
parse block 292654850,cost:30 ms
parse block 292654849,cost:31 ms
parse block 292654848,cost:60 ms
parse block 292654847,cost:39 ms
parse block 292654846,cost:22 ms
parse block 292654845,cost:17 ms
parse block 292654844,cost:5 ms
parse block 292654843,cost:25 ms
parse block 292654842,cost:26 ms
parse block 292654841,cost:50 ms
parse block 292654840,cost:53 ms
parse block 292654839,cost:35 ms
parse block 292654838,cost:24 ms
parse block 292654837,cost:12 ms
parse block 292654836,cost:21 ms
parse block 292654835,cost:41 ms
parse block 292654834,cost:34 ms
parse block 292654833,cost:39 ms
Invalid quoteAmount: 0, skipping transaction 29rHR6GNs9eutZ3JpTYaJ5f6h7AAfLgwmMMFjgszH5KobvFJbh8e76br7ZmgJgiehQnHyVPRSuEwBB2MR1jWLw2j
Invalid quoteAmount: 0, skipping transaction WbLPwXYCB5FvhWHgquiNqGJrKMCYrcajVDAbGXnUqJuDUrgB2115wR8eHtHVDf8urNSwAADjzrjiqvY683Wp7oN
Invalid tokenAmount: 0, skipping transaction 2GcY3yNaqZfJ3W7YQQH5ZhGLPrpvgtNBzMJd69eKPCjJjT8oLDyXMKiZM7hm21jUXcejYZNerPVE6SpF7FY5tg7Y
quoteSymbol not support AZsHEMXd36Bj1EMNXhowJajpUXzrKcK57wW4ZGXVa7yR, skipping transaction 26sbp5A1YzGMF5Les1BrDokqE7NBFksxXoSt7G5gUDZWa3rDZDArRiR8wSBbTGenJ3Fdx11MUdF2mnVEc2Y8v8FE
Invalid tokenAmount: 0, skipping transaction 4xmYvbik9eukkFkcpfiMDcCwbA6zQjS1hSxp4dM7P5cNJTmCviQoU5gS2nQE1nd6NZUzgteq7WB6aFdwKJ2TNSCx
quoteSymbol not support ED5nyyWEzpPPiWimP8vYm7sD7TD3LAt3Q3gRTWHzPJBY, skipping transaction 4U9AxHxna5ujJbWp5RWiVzDFufR2i3PNwKoavCDDNFYaQwStiayDjY4sH8fxeY8tKs1PpAao9jVVGsm1NFgcDGLi
quoteSymbol not support C8tEY82inN7mgCoBatacvVyeufBd1f1wEdPPtsL4pump, skipping transaction 3AVXh79FfbWy5EAwJ2AoWQyY2mpVtj9Tq9KMnvUJ2qiVYd5Y1KLWUZDK49rKe4Nekvo3NcN8kLjWAFof1DLBYnnk
Invalid tokenAmount: 0, skipping transaction 5utLfZNLvrKvAqpq9FXEqxJaa1PzMT1wf7noKr93unUGMw9fwaHK6D3PGSgeAex7R66rVAgbP2ZCB6u6dpsEm2KX
quoteSymbol not support BHvJQNZY9SwxBh96foycdVpPjbKMAmS5P7J3ogtjpump, skipping transaction 2KHE1ZBkbgYefp8PA8KTpp3nc1hvRR3cLLDPLN6nm8wjaGUipoVNQMoQXKsdTNAetL6X8sRVEnPWpWK8UwFEpchd
Invalid quoteAddress: undefined, skipping transaction 45wuSmvz6rfWV5m5LYWrFZh1sTvdyDMbJ7MYSTSz7wY9pGWJ9C1sp77crCr8iTz2dJ9x1NGNNfemPuiFSTvT6g5b
✅ 插入 5256 条记录到 solana_history_data_new
HIGH PERFORMANCE: parse 100 blocks, cost: 3759 ms
[Port 8029] server total use, cost: 3760 ms
100
parse block 292651232,cost:43 ms
parse block 292651231,cost:40 ms
parse block 292651230,cost:44 ms
parse block 292651229,cost:49 ms
parse block 292651228,cost:34 ms
parse block 292651227,cost:36 ms
parse block 292651226,cost:38 ms
parse block 292651225,cost:5 ms
parse block 292651224,cost:18 ms
parse block 292651223,cost:32 ms
parse block 292651222,cost:43 ms
parse block 292651221,cost:37 ms
parse block 292651220,cost:42 ms
parse block 292651219,cost:29 ms
parse block 292651218,cost:34 ms
parse block 292651217,cost:22 ms
parse block 292651216,cost:37 ms
parse block 292651215,cost:11 ms
parse block 292651214,cost:12 ms
parse block 292651213,cost:29 ms
parse block 292651212,cost:22 ms
parse block 292651211,cost:28 ms
parse block 292651210,cost:21 ms
parse block 292651209,cost:50 ms
parse block 292651208,cost:31 ms
parse block 292651207,cost:16 ms
parse block 292651206,cost:24 ms
parse block 292651205,cost:26 ms
parse block 292651204,cost:45 ms
parse block 292651203,cost:45 ms
parse block 292651202,cost:26 ms
parse block 292651201,cost:17 ms
parse block 292651200,cost:30 ms
parse block 292651199,cost:27 ms
parse block 292651198,cost:33 ms
parse block 292651197,cost:24 ms
parse block 292651196,cost:31 ms
parse block 292651195,cost:43 ms
parse block 292651194,cost:28 ms
parse block 292651193,cost:33 ms
parse block 292651192,cost:51 ms
parse block 292651191,cost:16 ms
parse block 292651190,cost:14 ms
parse block 292651189,cost:29 ms
parse block 292651188,cost:25 ms
parse block 292651187,cost:37 ms
parse block 292651186,cost:17 ms
parse block 292651185,cost:41 ms
parse block 292651184,cost:31 ms
parse block 292651183,cost:25 ms
parse block 292651182,cost:32 ms
parse block 292651181,cost:50 ms
parse block 292651180,cost:27 ms
parse block 292651179,cost:25 ms
parse block 292651178,cost:38 ms
parse block 292651177,cost:26 ms
parse block 292651176,cost:29 ms
parse block 292651175,cost:36 ms
parse block 292651174,cost:61 ms
parse block 292651173,cost:20 ms
parse block 292651172,cost:25 ms
parse block 292651171,cost:33 ms
parse block 292651170,cost:13 ms
parse block 292651169,cost:27 ms
parse block 292651168,cost:23 ms
parse block 292651167,cost:21 ms
parse block 292651166,cost:53 ms
parse block 292651165,cost:26 ms
parse block 292651164,cost:15 ms
parse block 292651163,cost:26 ms
Invalid quoteAmount: 0, skipping transaction ZdopJpvPZ8mtYp5zHpZaGAieC7E2JwNeeeAevGTXL5RmMKbbhBs7t1XX5neMvdbfh2WE1bepY53oVEBKaBqdoLZ
parse block 292651162,cost:18 ms
parse block 292651161,cost:47 ms
parse block 292651160,cost:41 ms
parse block 292651159,cost:57 ms
parse block 292651158,cost:27 ms
parse block 292651157,cost:18 ms
parse block 292651156,cost:31 ms
parse block 292651155,cost:7 ms
parse block 292651154,cost:7 ms
parse block 292651153,cost:15 ms
parse block 292651152,cost:17 ms
parse block 292651151,cost:40 ms
parse block 292651150,cost:40 ms
parse block 292651149,cost:22 ms
parse block 292651148,cost:46 ms
parse block 292651147,cost:22 ms
parse block 292651146,cost:26 ms
parse block 292651145,cost:34 ms
parse block 292651144,cost:51 ms
parse block 292651143,cost:17 ms
parse block 292651142,cost:16 ms
parse block 292651141,cost:1 ms
parse block 292651140,cost:44 ms
parse block 292651139,cost:25 ms
parse block 292651138,cost:24 ms
parse block 292651137,cost:22 ms
parse block 292651136,cost:60 ms
parse block 292651135,cost:22 ms
parse block 292651134,cost:29 ms
parse block 292651133,cost:38 ms
quoteSymbol not support kinXdEcpDQeHPEuQnqmUgtYykqKGVFq6CeVX5iAHJq6, skipping transaction rywXH94wVry12S8fnn8KdazaXafcbP8hbbU5UvrQm1z8qj8s27ZvvXFtTheRWc9xwGQN7jyD9GGEGkAvxVZorrR
quoteSymbol not support kinXdEcpDQeHPEuQnqmUgtYykqKGVFq6CeVX5iAHJq6, skipping transaction tVM8RQeaWnTmmwuj7zLRpQmdLbumakqR756yWt6SzX312tUun4TPGZmpyZnWGC3TJMxhcQaaqLC3HvAj78kp8AK
quoteSymbol not support AyKzKcJU3zDtBzbQ9qBdSzwBfCTe8eABfw69CSt1JxAQ, skipping transaction e78bZoZtTJRC1gBVU3ZSvT1zArPBLzvhmzaXM5FrHQcyTiUmcEE4jbLh8g7cX2ZuVAeJjbPK2rwaScPGPjBZ6R9
quoteSymbol not support kinXdEcpDQeHPEuQnqmUgtYykqKGVFq6CeVX5iAHJq6, skipping transaction 2qdWPkfmyT1eTo5bcLRxwRgaUB6LtSagoDcssLENuJqQZV1LhQsQqiFz9SkJWwwtWbnLam3dSAXQo7bux91vfknE
Invalid tokenAmount: 0, skipping transaction 3wq3soiB8pyhmrSkrzjMheL8rbBLWrWjePiH4FRYgViz7wQzK2Cxd4GLy7CTRdjLFsCHmyAExmr2XGRvmXSP4TFx
quoteSymbol not support kinXdEcpDQeHPEuQnqmUgtYykqKGVFq6CeVX5iAHJq6, skipping transaction CsdQ5LGijBo7Q6Xutm5AKuw13dL4LLaGxkCctBXUkdHwe8P1S95jjxncPo5zjBRyh7bZFgskZmhJLy3K8ugjZUk
quoteSymbol not support 6ogzHhzdrQr9Pgv6hZ2MNze7UrzBMAFyBBWUYp1Fhitx, skipping transaction 459DL75CDUccWqxXM6dDmoeGQ2g9uhZXRu7Cp9ZeQey1hz4Hkgu89AoaHmWZXTxuoWiJszAcDXmkdq2THfubwC9Q
quoteSymbol not support ke7MBNmmhXDegLgAbaVboquYiPYb1SagGpSazDapump, skipping transaction 36HXPNxA1ArBEGcR5C8FjuHBGEUTL6oSKoG87eqBWqiYRTJhCi1xfQtWWc7RBmWqzBqUR9ty4YZShtjw5a34XY6g
✅ 插入 4706 条记录到 solana_history_data_new
HIGH PERFORMANCE: parse 100 blocks, cost: 3315 ms
[Port 8029] server total use, cost: 3325 ms
99
parse block 292648232,cost:9 ms
parse block 292648231,cost:12 ms
parse block 292648230,cost:35 ms
parse block 292648229,cost:47 ms
parse block 292648228,cost:27 ms
parse block 292648227,cost:47 ms
parse block 292648226,cost:50 ms
parse block 292648225,cost:32 ms
parse block 292648224,cost:42 ms
parse block 292648223,cost:15 ms
parse block 292648222,cost:47 ms
parse block 292648221,cost:52 ms
parse block 292648220,cost:58 ms
parse block 292648219,cost:34 ms
parse block 292648218,cost:47 ms
parse block 292648217,cost:26 ms
parse block 292648216,cost:49 ms
parse block 292648215,cost:55 ms
parse block 292648214,cost:20 ms
parse block 292648213,cost:43 ms
parse block 292648212,cost:61 ms
parse block 292648211,cost:80 ms
parse block 292648210,cost:6 ms
parse block 292648209,cost:16 ms
parse block 292648208,cost:98 ms
parse block 292648207,cost:57 ms
parse block 292648206,cost:45 ms
parse block 292648205,cost:33 ms
parse block 292648204,cost:11 ms
quoteSymbol not support jtojtomepa8beP8AuQc6eXt5FriJwfFMwQx2v2f9mCL, skipping transaction 3PAG4En9sJHZfWZXRDFx3Ws594c15hhE3MAHKE5PY3jtJ65NfaXVKs4JA8YMiWYWCB9KRLxnewMwStjQayrrPVo7
parse block 292648203,cost:75 ms
parse block 292648202,cost:38 ms
parse block 292648201,cost:59 ms
parse block 292648200,cost:53 ms
parse block 292648199,cost:42 ms
parse block 292648198,cost:25 ms
parse block 292648197,cost:49 ms
parse block 292648195,cost:0 ms
parse block 292648194,cost:8 ms
parse block 292648193,cost:22 ms
parse block 292648192,cost:45 ms
parse block 292648191,cost:39 ms
parse block 292648190,cost:34 ms
parse block 292648189,cost:46 ms
parse block 292648188,cost:46 ms
parse block 292648187,cost:64 ms
parse block 292648186,cost:60 ms
parse block 292648185,cost:25 ms
parse block 292648184,cost:49 ms
parse block 292648183,cost:51 ms
parse block 292648182,cost:51 ms
parse block 292648181,cost:42 ms
parse block 292648180,cost:42 ms
parse block 292648179,cost:31 ms
parse block 292648178,cost:43 ms
parse block 292648177,cost:29 ms
parse block 292648176,cost:48 ms
parse block 292648175,cost:19 ms
parse block 292648174,cost:40 ms
parse block 292648173,cost:34 ms
parse block 292648172,cost:56 ms
parse block 292648171,cost:5 ms
parse block 292648170,cost:29 ms
parse block 292648169,cost:47 ms
parse block 292648168,cost:60 ms
parse block 292648167,cost:25 ms
parse block 292648166,cost:44 ms
parse block 292648165,cost:47 ms
parse block 292648164,cost:45 ms
parse block 292648163,cost:27 ms
parse block 292648162,cost:51 ms
parse block 292648161,cost:53 ms
parse block 292648160,cost:51 ms
parse block 292648159,cost:37 ms
parse block 292648158,cost:38 ms
parse block 292648157,cost:25 ms
parse block 292648156,cost:24 ms
parse block 292648155,cost:29 ms
parse block 292648154,cost:30 ms
parse block 292648153,cost:34 ms
parse block 292648152,cost:45 ms
parse block 292648151,cost:30 ms
parse block 292648150,cost:107 ms
parse block 292648149,cost:38 ms
parse block 292648148,cost:20 ms
parse block 292648147,cost:72 ms
parse block 292648146,cost:47 ms
parse block 292648145,cost:45 ms
parse block 292648144,cost:74 ms
parse block 292648143,cost:22 ms
parse block 292648142,cost:45 ms
parse block 292648141,cost:45 ms
parse block 292648140,cost:97 ms
parse block 292648139,cost:6 ms
parse block 292648138,cost:11 ms
parse block 292648137,cost:64 ms
parse block 292648136,cost:2 ms
parse block 292648135,cost:33 ms
parse block 292648134,cost:27 ms
parse block 292648133,cost:23 ms
Invalid tokenAmount: 0, skipping transaction 33hXum7muAzBqzWBTEZg2PGG7sLrdLZL4KDCByLdyz6irrbWNTBM2GPn5KduaZci3thc5Ne4EnJhe1Sy6rn51mD1
quoteSymbol not support 864YJRb3JAVARC4FNuDtPKFxdEsYRbB39Nwxkzudxy46, skipping transaction 5VwdNdUYd7irwPeN9LNL9CPixPNqFr3T8p1Q1gJzyceyhRzwsZfipZNKe9jvE4GZJovtGvD7xDhocY32Qq1D5dmY
Invalid quoteAmount: 0, skipping transaction 3b5ejHNhvKpNkjK9HNCCCJ83QNgm1C3yBNK72EewdKGpJQgFxEnRLTvcP51rk8aNyhkNyGrTvvHng2LSCaZkUwSY
quoteSymbol not support FzQectckWX1XLxUHNh9PfepacRG1sz8PQh4tBY5xpump, skipping transaction 22PKHH3rhhYEeWP8GoLwSggUt6QDeoX1j5frfFvBN9F9PbxuANUXZgHkfxEgwTvdrzwkTV1NCkoDVD9eJabuTTPJ
quoteSymbol not support 6asRuqr7yJtqDaqRcPBL5A3J8Q5LyuQt6tqy1N5cpump, skipping transaction mW8gtSYPogdHyQ5TEUQmB3HjiehEw2ZFaJPSy9X35psv9wPxie5wd52ovb9sPLaG5M88P1hWoS6x72cHW3Csg3T
quoteSymbol not support EbZsvn8ZiAV84GwJoDvqDpXp7TkBAVXVFDo9ee6opump, skipping transaction 2xNjWfbLJBeKF9aSU76eTHLiRP7tYyciTKQ4RR6J5DMGViwNxkmsTb3SZsboz3UajvZsxdYMrrqW8qKBfAVZMiwj
Invalid tokenAmount: 0, skipping transaction 3mDSq5oNfSjnHQbP6ubShHYH1TugMdD51J6nZYQc4rXtPEpj8k41qpD1Qpw8KuS9UbYUF1zFaM84dzuhXAJEyZYK
quoteSymbol not support 6D7NaB2xsLd7cauWu1wKk6KBsJohJmP2qZH9GEfVi5Ui, skipping transaction sTqbTjN3Sqxmufx93Ti6JVUWUzJnymqEZWGcbh4LFgtgQareZ21jg6YmzNV6xnF1cowsXrtKt58uNJ8BXfRs8x5
Invalid quoteAddress: undefined, skipping transaction 3LTLCS59Dx1YhbznvhFUuKCVdihjKSChTD2YnFr4EFyWqCFWGN8vfn7JoaCBvnibi1QLwUuSNxgwnuPYkRMCG4Gs
Invalid quoteAddress: undefined, skipping transaction 4KXb4PLwxQWvH2ds6fuqNuoxfwNuoBf2VJMpe5bob3tZhNvAYgtXRyz1TVx2jqoem2vfKG4bkm36AW7o4N7u2d5p
quoteSymbol not support DUp2qMMGuACziKeyZRtH9cuKyqtYpqJ24iZg6tVLpump, skipping transaction 3cRbmHXesu5528FwicRMeg2hCwregz3bZ11fLBvLFafp9wK9QyFoY3ow7A7Bp3JtnXKD3PYqjaiPqSn5wxHkeDzs
quoteSymbol not support 6asRuqr7yJtqDaqRcPBL5A3J8Q5LyuQt6tqy1N5cpump, skipping transaction 4WpKVWFyTCFxA89JDsCPG8yK422gnqFRDncngLuZKNtSZXWL4XL7S9rVXg9uWgyeubVvnRaCCKRiVpHkq4DwUQm4
quoteSymbol not support iQuoGfqmXh6J3PShHDntayXGVixfp44wzGkVaH8r8RE, skipping transaction 3bij4ENTLw3TnzaY9ddPJHz9FPazuHnF6iEC1JiJdaESmuS6LkkxzRobXdxLY7utttQtyFVhdWrZgAnMpWQ33ZE9
quoteSymbol not support E9aPbhb5xRVGP2L6qJixfJC5qWAzECpUFUxnGx3wUiND, skipping transaction 5GGENyvdDxJ36NxCnBaJAkB1JweG7uAkiHniPxYjcWF13fJhiKMB66Rz94icqgELfSB1KqyhbHEyXpmmGJ2EC6GA
Invalid quoteAddress: undefined, skipping transaction 4M34A6PPtf4uESPTymyj48X2zzmw2LAA1iLaCMRaabyuebDxz4YB67DzCkXvobZMD92q3CpAKuM9Vr5RsrJF6YvW
quoteSymbol not support H8LW3afnmHYhvhLydBPsFNfUF1JTPpNt6VoeYzutpump, skipping transaction 5Y7nokTjHnVtV3e2wcZaAC8hsSKMPQTPzedpzdzEMdWhTV7nHLBmEzJTrM7jUzoNXks1MqQJ16tdEnbw981bNc5B
quoteSymbol not support ED5nyyWEzpPPiWimP8vYm7sD7TD3LAt3Q3gRTWHzPJBY, skipping transaction 5eES2Lz79qwhHbz4f7Av2tfR1aeZ78AkEcPdvyrEEU7Z3RNBoTQ5Y3CcBMkPNRGQgzdp7wH6X4X1knT9HVK6UbBv
quoteSymbol not support F3vzuq4vZNGyzdaNeyKScUg7eN9Tf74gPkSjcsskpump, skipping transaction 52duWwYC2LQNqoK7P8N2fAsdWd5V99z4TVYiaYZxmRun4maoTW6FAqkf75hcFrMKzgtsHjTKKxEE1yFqQCCeHZCQ
Invalid tokenAmount: 0, skipping transaction 5CDZ7hituUShJD9jzvrZEgWeZNA1Vevqbo8Bm1cbsj6iAxdKpJwsWeHY5QuSSGwuDN2Z3WLXDqD9ftqj98gLaaqB
quoteSymbol not support HJBHJPL6QZ5wq5sXEsEmMNPLZqxJKsQBHiRF3Hj3pump, skipping transaction 3VoEyNFs3Qc1aLyqzriC5qCFi3AAfXgFdhUpXA7zoxv1mUWFof5hxQamrboTdjDZy1KRhXHAnYxxtpXUzD5gd5sQ
✅ 插入 5625 条记录到 solana_history_data_new
HIGH PERFORMANCE: parse 99 blocks, cost: 4339 ms
[Port 8029] server total use, cost: 4339 ms
100
parse block 324447533,cost:23 ms
parse block 324447532,cost:27 ms
parse block 324447531,cost:15 ms
parse block 324447530,cost:27 ms
parse block 324447529,cost:15 ms
parse block 324447528,cost:28 ms
parse block 324447527,cost:15 ms
parse block 324447526,cost:21 ms
parse block 324447525,cost:25 ms
parse block 324447524,cost:25 ms
parse block 324447523,cost:47 ms
parse block 324447522,cost:20 ms
parse block 324447521,cost:16 ms
parse block 324447520,cost:29 ms
parse block 324447519,cost:15 ms
parse block 324447518,cost:17 ms
parse block 324447517,cost:19 ms
parse block 324447516,cost:29 ms
parse block 324447515,cost:15 ms
parse block 324447514,cost:22 ms
parse block 324447513,cost:43 ms
parse block 324447512,cost:27 ms
parse block 324447511,cost:19 ms
parse block 324447510,cost:34 ms
parse block 324447509,cost:24 ms
parse block 324447508,cost:24 ms
parse block 324447507,cost:27 ms
parse block 324447506,cost:27 ms
parse block 324447505,cost:27 ms
parse block 324447504,cost:51 ms
parse block 324447503,cost:40 ms
parse block 324447502,cost:23 ms
parse block 324447501,cost:13 ms
parse block 324447500,cost:12 ms
parse block 324447499,cost:17 ms
parse block 324447498,cost:21 ms
parse block 324447497,cost:18 ms
parse block 324447496,cost:21 ms
parse block 324447495,cost:28 ms
parse block 324447494,cost:14 ms
parse block 324447493,cost:58 ms
parse block 324447492,cost:44 ms
parse block 324447491,cost:5 ms
parse block 324447490,cost:14 ms
parse block 324447489,cost:13 ms
parse block 324447488,cost:7 ms
parse block 324447487,cost:16 ms
parse block 324447486,cost:22 ms
parse block 324447485,cost:18 ms
parse block 324447484,cost:15 ms
parse block 324447483,cost:22 ms
parse block 324447482,cost:17 ms
parse block 324447481,cost:33 ms
parse block 324447480,cost:40 ms
parse block 324447479,cost:16 ms
parse block 324447478,cost:28 ms
parse block 324447477,cost:16 ms
parse block 324447476,cost:25 ms
Invalid tokenAmount: 0, skipping transaction 4pTBEfyu4vaLJiX9Y845utEdm7Wrm5aqLR5Y4oKRJpYhJvDaMyH3RSKpSSqxtwawK5ck4WEWTckASkWnbctKdRdY
parse block 324447475,cost:14 ms
parse block 324447474,cost:13 ms
parse block 324447473,cost:37 ms
parse block 324447472,cost:31 ms
parse block 324447471,cost:19 ms
parse block 324447470,cost:43 ms
parse block 324447469,cost:27 ms
parse block 324447468,cost:28 ms
parse block 324447467,cost:12 ms
parse block 324447466,cost:25 ms
parse block 324447465,cost:32 ms
parse block 324447464,cost:17 ms
parse block 324447463,cost:21 ms
parse block 324447462,cost:19 ms
parse block 324447461,cost:26 ms
parse block 324447460,cost:56 ms
parse block 324447459,cost:26 ms
parse block 324447458,cost:20 ms
parse block 324447457,cost:28 ms
parse block 324447456,cost:14 ms
parse block 324447455,cost:35 ms
parse block 324447454,cost:19 ms
parse block 324447453,cost:29 ms
parse block 324447452,cost:35 ms
parse block 324447451,cost:54 ms
parse block 324447450,cost:31 ms
parse block 324447449,cost:24 ms
parse block 324447448,cost:47 ms
parse block 324447447,cost:15 ms
parse block 324447446,cost:21 ms
parse block 324447445,cost:28 ms
parse block 324447444,cost:33 ms
parse block 324447443,cost:22 ms
parse block 324447442,cost:33 ms
parse block 324447441,cost:16 ms
parse block 324447440,cost:7 ms
parse block 324447439,cost:13 ms
parse block 324447438,cost:25 ms
parse block 324447437,cost:41 ms
parse block 324447436,cost:28 ms
parse block 324447435,cost:27 ms
parse block 324447434,cost:19 ms
quoteSymbol not support GUW492pCgvXzYwbkRo9Bv2MRDvdyVJ2R2aZ1Sd55XbEH, skipping transaction R7p7AKcGSnzaah11AzqAhtgfyDgpRXhD1F8Af8J5NbZaMRDKD6ehH5TcxuXSHpAUCoM8uwn7rYsQUkYUzY5dUn9
quoteSymbol not support DCPYHS9XGbFRFZHL4rD6XJV66TeBy1oWkBYbBQXQpump, skipping transaction 5faSJvhn7n6GejXSYjNgn6eUmiPnFqoTte6yQwxFg8WnP8rh6roZGtUi5XCZpsaDWfdAJZt43ruDZiWtgDhPG5FP
quoteSymbol not support C8e1GKLbEZKfkzhuVzbPKaspiqoyvu3ANsUZLpKYpump, skipping transaction 5PKZLfmDUL5nQzigajgHJ39Lij53ViCA82M39zRWddEct9gRaEkNbMN8cGhLqM3TLFRo4DdCyg2sAW1GuKD5bRzn
Invalid tokenAmount: 0, skipping transaction 4CgEaVBXcWprQvrERMB5xFYNJe4venbtUj71aJ7mre4qbV721trjgZoZBKgnLG2ujN3xQs3L1exQQ3inKQnwGVLq
Invalid tokenAmount: 0, skipping transaction 4G3BvyS2iAL8G9EdaY9gYUT6qkf6KSWB9FWLNmUYaC17imGKJms4V66fhFozk5ptmVjhpeNTjZ5Ve6ewxbitg95L
Invalid tokenAmount: 0, skipping transaction 3K694VFNsRQ2PK8SPVfj6PkENWMbBCV5dF7AEAVN6Mta1akGQPE552nCT6VamWuXjA8uFHhDDh4BSJAhybJtimU2
quoteSymbol not support G65iDWpEMTKzRNCdtneAce2uvvPiQBZBRMRE7N7cpump, skipping transaction 5cai4ar3GaeyYz2Puq4B7xNRDWqMNhXYE5LzPzKTV1ssjM53MbvXomMojKBZyoAwjAE553vb7n9sn3vo5J5uT8Xp
Invalid tokenAmount: 0, skipping transaction 3Q46ZyTc45Y6KBZ3sthjfA1MLbPNTK1dd46VWTJdC2ahWvkxYGbDueXGYMjXXMn4qpdjXgdUekYigP8Ev3sC5KT9
Invalid tokenAmount: 0, skipping transaction 3XM5q6NqTG2UJPbWeFYNZ4ZUczZKhPYh1kkL8jiKRa5AVDC9f4bPZnXEaZNEYcstPQBevjfkTm5XvemBeyZ3U6x9
quoteSymbol not support 54Pu4S2mxrVuhNh913WFLFpxntFG1pnXJ1Bv5C7rpump, skipping transaction 4xjLXT2iP9q2N9tHNhKAW8QCMTW4LWoVwriRvRCZgb5DdG9RapaFsDxEA2mc94ZMacskTAyLzCmBktqiY3kEdnFr
Invalid tokenAmount: 0, skipping transaction 4SkaFzETq6nAWmzQsij7dSKeR859G1X66GydoXUnSDni9EFefFiWqSDFwcLcu53FcNWuuwjd3xybKJUwpSBvmrc9
Invalid quoteAddress: undefined, skipping transaction 3kbAL4xyDrK6BARkk7pg5yJEvqAi5LtZC8akEcdXkJHeFGivFcPq5G2za236v6reQaMYrmiWVtGCcE7qFLxcH39g
quoteSymbol not support J6PoGZZ3T2VMCuAR6TQE3BUGczg673JmMBkKgASdpump, skipping transaction 4VCWrds6J4zLhsLPMfnt2Hsafj6t5zsXVmNHx24tAaZqpCevXwkEgTZ4NGQcqExni1dCVMsLbwqai4tpcX2A33hi
Invalid tokenAmount: 0, skipping transaction 2fVuLgKxPLacagrUhebAJnSv3GK6hd9kymFaMWgAxj3zcyvPMZQR7qjryvaqXFDHQriEZaauamoBAgbfqqUKAh18
Invalid tokenAmount: 0, skipping transaction 2eDy2bgZSWUsRFUZiZ4928p59w54WjacF6YAAZSYgWBhXDkf1ZBpYk5hXUnj5pfXWSJ4tNo6QF58cuzWRognGbrY
quoteSymbol not support EEPCFjEQJcfWDu5qJQ3vpjgovq4uPfByQmR2jMGaNHRs, skipping transaction 3WSyGFZMfAgotfyLG5J9Y6W6LVUkkMewTo6LkbyrhgMnnRBX2tsv4yEEr5jQyh7iUozuEENK6YmABV58nUw5KFEB
Invalid tokenAmount: 0, skipping transaction 3gFeBvsBn5unVTKcHvWp34viLQuaYtZ4wDtbcdrGZxrFQ2pL2sqQjiBbQm8HdFkg9fnr1W7dmBGzp1k6TUe4hoQ9
quoteSymbol not support 7vfCXTUXx5WJV5JADk17DUJ4ksgau7utNKj4b963voxs, skipping transaction 2h6sC6At1EYtS1joxgs3Jc5WAbQmh9wMDCN9mPwtvKgkqTUURBpVffbk8QHjPx6Q6WJmUUbrJTxUNXJGjNWVzSoQ
Invalid tokenAmount: 0, skipping transaction 5BLGQ4Qz7opAjb83Q6tpmmG9GmaxpJ4x3XN6WAgZqCfP8qiPG28NaZkFeeEJjdoLSs3nTHV497f4WxkcYj1GQZgq
quoteSymbol not support C8e1GKLbEZKfkzhuVzbPKaspiqoyvu3ANsUZLpKYpump, skipping transaction 4LUmfTbGzRbHZU7jLZhJvojy62oX4dybtoTUCpWNMQdgGwH3HvC8HuKFFBX31HNJquPYXdL1a3TQM7A385nuhkq4
quoteSymbol not support 8467ssuj6Gkw15ABv6BvxJAKnGJALXJu6dxDxt4upump, skipping transaction DB8V4Mq8h5NXAjxMRggGKNwovt9YcHkud2mw4wBtQfg26esrm9AZxpYghbN8azdTJvZNJYpvn7xepehhoTkRiK6
Invalid tokenAmount: 0, skipping transaction 3Z3XPJwqiNsMyFMnZUDYo4JLZs6MtVbe2hdyHb1mSrQBaGoQCfRPEWbb8a2Vc1fP3JbDLewsG7L1Gd2jXVdreWMN
Invalid tokenAmount: 0, skipping transaction 5oi5mHxh1iN3snVhZUSJGH6ypYx3JMQenQtGnhK8W5jU7UsX8j2Nx5GhTwaj199zB9FXMYCQbq3gfYQa7mJQWpc
Invalid tokenAmount: 0, skipping transaction 3bfoh9gjNZVnPUbXSFWqRUABJ2nVGboFSG9xw11KRSypS3pBViYkStz5Nt3bMi9cL7UkUMUMW5ewe1BnX1v1Uztd
Invalid tokenAmount: 0, skipping transaction 42sA8D14cuuMQwWYfeGo9pz2dXHCGu2iDYx2MJHDj1j4vq1dzmQrNKQV6aWiyJfJaJMDscLw7BYvAiJ7DkYTKmdc
quoteSymbol not support BABrNVTWCpsxR6L9bkwskefHrXo4Smu4Yv3qH6atpump, skipping transaction 4PV7xEFTqLiUzjorrYyb93MDvcKY1AbPN5bVByRVxShdFEk5EDYhsTixQ6h3BXXaECvcsPva5kPHHHmMAYMLTzcT
Invalid tokenAmount: 0, skipping transaction 2VXjCwnxkoy8DcBS4pHFXxCMKeDdcgxEHVhV1igBh6SC5hwGLeNhJnSgWL2zH776VhUZUkrUyidCNnJZogdxfN7T
Invalid quoteAmount: 0, skipping transaction 5FjptjLW3TD4e9s25YB41EYJK8cxRbPqa3NG7xsfY5HXMxWDvoxZ6rxR2aquYiZRiwEfqiaukNjzygmcTz3Efxqe
✅ 插入 7843 条记录到 solana_history_data_new
HIGH PERFORMANCE: parse 100 blocks, cost: 2921 ms
[Port 8029] server total use, cost: 2932 ms
