🚀 Starting server on port 8014
Listening on http://0.0.0.0:8014/ (http://localhost:8014/)
95
parse block 292705831,cost:61 ms
parse block 292705830,cost:70 ms
parse block 292705829,cost:25 ms
parse block 292705828,cost:59 ms
parse block 292705827,cost:59 ms
parse block 292705826,cost:20 ms
parse block 292705825,cost:24 ms
parse block 292705824,cost:48 ms
parse block 292705823,cost:53 ms
parse block 292705822,cost:8 ms
parse block 292705821,cost:58 ms
parse block 292705820,cost:19 ms
parse block 292705819,cost:42 ms
parse block 292705818,cost:59 ms
parse block 292705817,cost:82 ms
parse block 292705816,cost:40 ms
parse block 292705815,cost:64 ms
parse block 292705814,cost:44 ms
parse block 292705813,cost:59 ms
parse block 292705812,cost:28 ms
parse block 292705811,cost:53 ms
parse block 292705810,cost:28 ms
parse block 292705809,cost:15 ms
parse block 292705808,cost:25 ms
parse block 292705807,cost:55 ms
parse block 292705806,cost:95 ms
parse block 292705805,cost:52 ms
parse block 292705804,cost:51 ms
parse block 292705803,cost:53 ms
parse block 292705802,cost:76 ms
parse block 292705801,cost:81 ms
parse block 292705800,cost:51 ms
parse block 292705799,cost:7 ms
parse block 292705798,cost:52 ms
parse block 292705797,cost:33 ms
parse block 292705796,cost:14 ms
parse block 292705795,cost:62 ms
parse block 292705794,cost:55 ms
parse block 292705793,cost:44 ms
parse block 292705792,cost:71 ms
parse block 292705791,cost:36 ms
parse block 292705790,cost:34 ms
parse block 292705789,cost:11 ms
parse block 292705788,cost:12 ms
parse block 292705787,cost:72 ms
parse block 292705786,cost:97 ms
parse block 292705785,cost:17 ms
parse block 292705784,cost:13 ms
parse block 292705779,cost:50 ms
parse block 292705778,cost:74 ms
parse block 292705777,cost:88 ms
parse block 292705776,cost:20 ms
parse block 292705775,cost:42 ms
parse block 292705774,cost:37 ms
parse block 292705773,cost:40 ms
parse block 292705772,cost:50 ms
parse block 292705771,cost:30 ms
parse block 292705770,cost:19 ms
parse block 292705769,cost:37 ms
parse block 292705768,cost:75 ms
parse block 292705767,cost:53 ms
parse block 292705766,cost:73 ms
parse block 292705765,cost:50 ms
parse block 292705764,cost:68 ms
parse block 292705763,cost:34 ms
parse block 292705762,cost:31 ms
parse block 292705761,cost:56 ms
parse block 292705760,cost:33 ms
parse block 292705759,cost:69 ms
parse block 292705758,cost:61 ms
parse block 292705757,cost:32 ms
parse block 292705756,cost:52 ms
parse block 292705755,cost:19 ms
parse block 292705754,cost:40 ms
parse block 292705753,cost:30 ms
parse block 292705752,cost:45 ms
parse block 292705751,cost:59 ms
parse block 292705750,cost:49 ms
parse block 292705749,cost:41 ms
parse block 292705748,cost:82 ms
parse block 292705747,cost:11 ms
parse block 292705746,cost:35 ms
parse block 292705745,cost:44 ms
parse block 292705744,cost:23 ms
parse block 292705743,cost:42 ms
parse block 292705742,cost:40 ms
parse block 292705741,cost:22 ms
parse block 292705740,cost:37 ms
parse block 292705739,cost:44 ms
parse block 292705738,cost:27 ms
parse block 292705737,cost:48 ms
parse block 292705736,cost:75 ms
parse block 292705735,cost:24 ms
parse block 292705734,cost:28 ms
parse block 292705733,cost:46 ms
quoteSymbol not support G2rLAjXurPow8kGZ8Lc4iA9R1cHjq9ntWjvonVFkpump, skipping transaction zZpLHzLzptLaBydDYCEC483xmg5u3DG6JGwZNBgLoECX6GgpF3RB7mLYRpBFQgaPt4PtgARwpVeWhjQH49BwKth
quoteSymbol not support AiPJ7dT3rCeEXFv6YEXXdUz6QofnEwrrHkCQvxGXgfYA, skipping transaction 3L3ddskYCfBmrqjwGipXJZ2gstaQzLV7PR4VD5a6eBEjYe9Rc4dLMqp7vjA6k2Jb3qgKwzYCji1jt57LaYScypWC
quoteSymbol not support 8AGrudQDbjNjnHzBsrndfVDBHgg6KBJ7RN6j3hbfq3Qh, skipping transaction 4y88qx2W8n3i3AArYEWLrfDn9dr6RxSxHCJJimfoq9hQPa7DfowzqfKpDMdqje2PXfvKs4qkYSK5hetKcSq8fsJB
quoteSymbol not support CxLAiHsFtKtYgjBbWF5ADEfFZY7yGkqhToYGU25ybr2N, skipping transaction 3HPmw3L7xeP82SCMHEBG4nyBcezn9G7YDj8EuUXERgV93C2bvsBCwoNexWSGXnxt4itShfMUhn1z3yDfKmmPVwvh
quoteSymbol not support 6ogzHhzdrQr9Pgv6hZ2MNze7UrzBMAFyBBWUYp1Fhitx, skipping transaction 2s5tAbdHKbQdeiMtNaH7coARAu6MexywoyLdXYCDhhCctxaFEFxMiHYgRRvdvZ6hBL5Z67uK6E419jRkobCZA21V
Invalid tokenAmount: 0, skipping transaction 5JWCBpb6uTB4CeRvj6GKctZFX8j4xwM8QjwGcsVuXYUYSobL77qVtwMtVSEEyRZMWiTxPP9SPFzEVRHLv92Sv4WK
Invalid tokenAmount: 0, skipping transaction 3JvPwTrcowUNXx52TtPj67W4XLVrxx8qN7CPrN5okYNELkMpdqRxfq3MMifgwHAYbKKcnEU3EYY5qL3v8nQtu9Zt
quoteSymbol not support J1toso1uCk3RLmjorhTtrVwY9HJ7X8V9yYac6Y7kGCPn, skipping transaction 2J1BNgagHXjxdfRLqdXQUDbqTSFVSdcGmua5eiHKpL4zjMGSGCB329gJcNYrSButmtu7cCPULF56GyHzE2uKycga
quoteSymbol not support J1toso1uCk3RLmjorhTtrVwY9HJ7X8V9yYac6Y7kGCPn, skipping transaction PQzo73gkosNhcZe5xsgSMUJucpoFzitxZK37X4oNWsHVUFRWM3xf8uKrRiVzTvR5FBWYLG6gga5sYhAgc2THvaW
quoteSymbol not support 6fiVKTZYxnNxyk79h4PT2hRiqRGfU4unY8bnmVFQpump, skipping transaction 4Rf23pZctQfzDMv5MV1G3sH4ycPM5P8uJJWAHeNxt6x7Amu68EgJpcGcDjxgVBrCGR8pBk5kzREVPVeTNjX3CPnh
Invalid quoteAmount: 0, skipping transaction uk2erxZsZuixKfVCziyix7VpEDgZCkoK4WTtqkhELfQx2mbbFoots8UMxwo7JZVKnqDBDQJ8jqMFSRR8e2E4mUM
quoteSymbol not support 6N4KwfGNrHSSBvKrVqWuSAMPYLkJE5cMx7Nvyby2pump, skipping transaction 4P2LxfzTSmE6F2ZXDAsrkySvDBHGCJr8CCovkVwSkGkhapVaEcNsASqJWTasbHfUuGhnJjogpRtfN2VUHcYYPDyc
Invalid tokenAmount: 0, skipping transaction 3ganNNUjLZqDZgTeatHL9Fvf4rr5hZAbuFUuXmaesbXvBHYkoVwwyZkqreovrE7WT8fgpi9zR3JvLmRyWo5HkiYA
Invalid tokenAmount: 0, skipping transaction 4arxkwXY4bncC7g9tGrZvdgLc3VGK3sr1YzpdPc4e3ihFpviLA8DZddqmfqMJAY5ihLNsJmgY7duPPkc4hskAWhK
Invalid tokenAmount: 0, skipping transaction WtFavYsLxWyR1kY1vJVqppvbnkYz6wjDCrhpouCuwFXUrWbm8Efdq7JprUb1g7AnDaNaHZoVaPyWwP59DvfWUrT
✅ 插入 9755 条记录到 solana_history_data_new
HIGH PERFORMANCE: parse 95 blocks, cost: 4906 ms
[Port 8014] server total use, cost: 4906 ms
100
parse block 292703632,cost:64 ms
parse block 292703631,cost:77 ms
parse block 292703630,cost:83 ms
parse block 292703629,cost:39 ms
parse block 292703628,cost:30 ms
parse block 292703627,cost:59 ms
parse block 292703626,cost:79 ms
parse block 292703625,cost:39 ms
parse block 292703624,cost:96 ms
parse block 292703623,cost:29 ms
parse block 292703622,cost:19 ms
parse block 292703621,cost:39 ms
parse block 292703620,cost:38 ms
parse block 292703619,cost:52 ms
parse block 292703618,cost:58 ms
parse block 292703617,cost:116 ms
parse block 292703616,cost:28 ms
parse block 292703615,cost:41 ms
parse block 292703614,cost:44 ms
parse block 292703613,cost:47 ms
parse block 292703612,cost:56 ms
parse block 292703611,cost:48 ms
parse block 292703610,cost:31 ms
parse block 292703609,cost:72 ms
parse block 292703608,cost:33 ms
parse block 292703607,cost:44 ms
parse block 292703606,cost:34 ms
parse block 292703605,cost:30 ms
parse block 292703604,cost:45 ms
parse block 292703603,cost:63 ms
parse block 292703602,cost:36 ms
parse block 292703601,cost:32 ms
parse block 292703600,cost:52 ms
parse block 292703599,cost:31 ms
parse block 292703598,cost:47 ms
parse block 292703597,cost:41 ms
parse block 292703596,cost:61 ms
parse block 292703595,cost:80 ms
parse block 292703594,cost:62 ms
parse block 292703593,cost:26 ms
parse block 292703592,cost:56 ms
parse block 292703591,cost:18 ms
parse block 292703590,cost:20 ms
parse block 292703589,cost:23 ms
parse block 292703588,cost:38 ms
parse block 292703587,cost:35 ms
parse block 292703586,cost:6 ms
parse block 292703585,cost:27 ms
parse block 292703584,cost:69 ms
parse block 292703583,cost:47 ms
parse block 292703582,cost:23 ms
parse block 292703581,cost:39 ms
parse block 292703580,cost:52 ms
parse block 292703579,cost:1 ms
parse block 292703578,cost:4 ms
parse block 292703577,cost:8 ms
parse block 292703576,cost:72 ms
parse block 292703575,cost:26 ms
parse block 292703574,cost:51 ms
parse block 292703573,cost:49 ms
parse block 292703572,cost:34 ms
parse block 292703571,cost:58 ms
parse block 292703570,cost:27 ms
parse block 292703569,cost:25 ms
parse block 292703568,cost:58 ms
parse block 292703567,cost:79 ms
parse block 292703566,cost:84 ms
parse block 292703565,cost:49 ms
parse block 292703564,cost:40 ms
parse block 292703563,cost:56 ms
parse block 292703562,cost:51 ms
parse block 292703561,cost:87 ms
parse block 292703560,cost:97 ms
parse block 292703559,cost:48 ms
parse block 292703558,cost:52 ms
parse block 292703557,cost:67 ms
parse block 292703556,cost:47 ms
parse block 292703555,cost:31 ms
parse block 292703554,cost:20 ms
parse block 292703553,cost:35 ms
parse block 292703552,cost:37 ms
parse block 292703551,cost:55 ms
parse block 292703550,cost:61 ms
parse block 292703549,cost:66 ms
parse block 292703548,cost:108 ms
parse block 292703547,cost:0 ms
parse block 292703546,cost:0 ms
parse block 292703545,cost:1 ms
parse block 292703544,cost:0 ms
parse block 292703543,cost:17 ms
parse block 292703542,cost:53 ms
parse block 292703541,cost:23 ms
parse block 292703540,cost:67 ms
parse block 292703539,cost:81 ms
parse block 292703538,cost:47 ms
parse block 292703537,cost:56 ms
parse block 292703536,cost:68 ms
parse block 292703535,cost:60 ms
parse block 292703534,cost:60 ms
parse block 292703533,cost:32 ms
quoteSymbol not support HmP7gAWucokzHHCszEreBx2H8oxcrhpH39sNyDKFpump, skipping transaction 2qf3okcnAbERgkqJ7G1si6VFkfFdSMh3tbJ6uTPvz2CfDMXtY4wJsEjkdraFsfUEpt2dJ1CYbVhWu7Roe8fFbhF9
quoteSymbol not support ukHH6c7mMyiWCf1b9pnWe25TSpkDDt3H5pQZgZ74J82, skipping transaction XnDporQujVEQkwEB4rF3fYnoGgpcL87agJ6AFCHNqmDZYwnuZHvp86Mk4uDko8DZHMjzbVoHsb4hyH7esp9uGue
Invalid tokenAmount: 0, skipping transaction 2nJWHaEKe4tzxkstxsau2ufmeKyrLvfX1eRi4Zjmb9nCUQPDpkXQwrw9RsE7h6M6RXWimAyE65bWzoE6NiJVpgPP
Invalid quoteAmount: 0, skipping transaction 2KgnQJLvZDEgFzWe4ykxPTNoiWxTzfuwGHoXQg7GL2W6FL1WutRg1Ayy26aQgGAdX7qkHUScc6Ff2KSFp6Jy7aRa
quoteSymbol not support VUuLgHdXAq5ontfG6pEtCr5w7XMezteuf9A4195owWo, skipping transaction N5ggyeZPzKWfQVbuthpA3k4jYZtN5AKQgmYaoRKR2yLS7jPAeh1a6ZahjAaxiAHY5FcunEGNVNxKpYc998s5DKc
Invalid quoteAmount: 0, skipping transaction 4e7uRh81M12gf89YyjzjZpSGLZyWWt6QUjLznx5su4nBYar9SwZZX6gUaVfdFy5nmiLvQUKQaEg962o42fZeohXN
quoteSymbol not support AiYhnwWiqbdSiEHgAzqrurcdoZx4V21mnuMt5ps2pump, skipping transaction 4gBdBuHEg2BNhw1TMCr2tunsYbwFQAer8xheyeva5WAM3FW6wgn9bCcTgiCVYHWBR2JVHxagggg1tNhJXfqRdZTC
Invalid quoteAddress: undefined, skipping transaction 4pLz8LcyS5bME8XutpqxTScYN9DqNAW4EYL3dMD7p1yYHEvR62yq5sPgQrCngEwLeaEuPWZxA3KJ9tYS9SXzbdr2
Invalid tokenAmount: 0, skipping transaction 67NqCHDnfdA5EY1JgKhmWCDPqbWvFUxGQHJEVE4pDFY9VJbdthPMXw5vA9qPjfRmAQFXopmyFzLktytJiavNwkdp
Invalid quoteAddress: undefined, skipping transaction 3x2kQmM7FBUdtgrrf8FYhdyEFfxTbLr5P7kKSiWXHKeMnaJfKQPr99uYm3c2HeHvGKHbns18B2YeRzSxcXR8x8Xq
Invalid quoteAmount: 0, skipping transaction t9JhMmp6qBNAtGYWmVvSmjcU9WkJGJTNXeDr1tCMs33aL8sXYzTYdDcGdPvczSgUMUQ2pSd9NCta16NHFb5LGz3
Invalid quoteAmount: 0, skipping transaction 3SWdS1YW61x4P2JA9xYPabj7j6wCgqJutvrhBp9SUsj2NYbR2EPY1Yfparp75PXuLDUom1Cx6Jfao4ZVAA2S6CN3
quoteSymbol not support 85VBFQZC9TZkfaptBWjvUw7YbZjy52A6mjtPGjstQAmQ, skipping transaction 2Tx9f4qA1h364rc17ZxeZKoyfgsJ8BdtmX6Nv9mJWB2JNPHtrNAJaHyE6XG5JhAQitbrttHJt1uMzYUSNaZFGVPV
quoteSymbol not support 3BfennMoub3BaiKfpGGosjoF2T8k7YejmHBkjKtfDG4a, skipping transaction 3DNKLNkiKZu5ftTS1fxtfPZKphJaQ6WcfAeTj1x5LqQbGGkSFfsXuhvNrUmPhBmxaVyteGjgEzpHUq451uYPTvfj
quoteSymbol not support AiYhnwWiqbdSiEHgAzqrurcdoZx4V21mnuMt5ps2pump, skipping transaction jNtMea9jiAegfiKDQezB1W9fLyfzg4ouc4NXUkjxopjcAwNY64A42GzsKSf2iUERCwUepmZLS1NDsoMpWTwDnVR
Invalid tokenAmount: 0, skipping transaction 4hxdWZ87mqKKv9wouVmCuXJzXfzuzPgaRGDNHpKxPFPVKzW9uDUg5w3pTr6YLPEZtXttBoS6Tpn6ZjRFdXWpq52j
quoteSymbol not support 85VBFQZC9TZkfaptBWjvUw7YbZjy52A6mjtPGjstQAmQ, skipping transaction 2bEEgD1HTT1QZd81KDCBzB98a28FpnT4PBYHcCYVLh11wJQSXLotGewW8GBbTiSSw4zTcToZVio4y3s2jXPLrmSG
Invalid tokenAmount: 0, skipping transaction 5bjdMw1cKxXXRcSCqGEJkvCpr9VYmSZv7MNqH2vUvnRo7zbJhyXYvBe6tTPognNXq5eCJSsa87Yi8B1ufsYciK16
Invalid tokenAmount: 0, skipping transaction 37QGmUC6vfm1EAfBpMsHPHMHLpGqin3Q819kT1VWkqGAed3CBwx2PM4StWh31YLiP1Vswynf1riWGtcXKLtgHCT5
Invalid tokenAmount: 0, skipping transaction 21XthfVoHXrZrmGcqV7X8bXcNyED7E3N1ezZySo7E6kGiCuA1BdXwo3cxcRn3MaUqJUWtvgbCedSYoLuCpyTYQ1Q
Invalid tokenAmount: 0, skipping transaction 3zQUWbp4MfRKP4yfoS4NtmDA7qoU74iMfMtDXDtwqaeu4sRkNZqMfW2FZ3z9RLfzXYuHTFM63iTsf3kQti77YKpi
quoteSymbol not support 5Ke381D44MEQg3BQarWhAwhj1xbdNvXe2KHkTiZzw7r5, skipping transaction 46TuZ3wSVgusNmMLZ2ZdeystQRfWRZkTYTYe4LJAA4BSmz9YXkucVPL6HLu94PjwjHsLdemzYRF91y6L4BFFeXsH
✅ 插入 10304 条记录到 solana_history_data_new
HIGH PERFORMANCE: parse 100 blocks, cost: 5088 ms
[Port 8014] server total use, cost: 5089 ms
99
parse block 292700731,cost:30 ms
parse block 292700730,cost:62 ms
parse block 292700729,cost:32 ms
parse block 292700728,cost:46 ms
parse block 292700727,cost:69 ms
parse block 292700726,cost:28 ms
parse block 292700725,cost:47 ms
parse block 292700724,cost:60 ms
parse block 292700723,cost:24 ms
parse block 292700722,cost:38 ms
parse block 292700721,cost:27 ms
parse block 292700720,cost:23 ms
parse block 292700719,cost:47 ms
parse block 292700718,cost:8 ms
parse block 292700717,cost:36 ms
parse block 292700716,cost:24 ms
parse block 292700715,cost:46 ms
parse block 292700714,cost:29 ms
parse block 292700713,cost:27 ms
parse block 292700712,cost:65 ms
parse block 292700711,cost:48 ms
parse block 292700710,cost:36 ms
parse block 292700709,cost:35 ms
parse block 292700708,cost:30 ms
parse block 292700707,cost:31 ms
parse block 292700706,cost:53 ms
parse block 292700705,cost:53 ms
parse block 292700704,cost:41 ms
parse block 292700703,cost:38 ms
parse block 292700702,cost:49 ms
parse block 292700701,cost:37 ms
parse block 292700700,cost:39 ms
parse block 292700699,cost:31 ms
parse block 292700698,cost:39 ms
parse block 292700697,cost:28 ms
parse block 292700696,cost:20 ms
parse block 292700695,cost:33 ms
parse block 292700694,cost:47 ms
parse block 292700693,cost:33 ms
parse block 292700692,cost:41 ms
parse block 292700691,cost:96 ms
parse block 292700690,cost:9 ms
parse block 292700689,cost:19 ms
parse block 292700688,cost:44 ms
parse block 292700687,cost:55 ms
parse block 292700686,cost:16 ms
parse block 292700685,cost:43 ms
parse block 292700684,cost:38 ms
parse block 292700683,cost:6 ms
parse block 292700682,cost:45 ms
parse block 292700681,cost:14 ms
parse block 292700680,cost:22 ms
parse block 292700679,cost:27 ms
parse block 292700678,cost:35 ms
parse block 292700677,cost:57 ms
parse block 292700676,cost:17 ms
quoteSymbol not support 4k3Dyjzvzp8eMZWUXbBCjEvwSkkk59S5iCNLY3QrkX6R, skipping transaction 52cUTQSf1RT1fZXezESpcWwgyWDL36cJeSZadnLR68K344fFxyMihdryRgs3yRTRe2Q1A7shdbPZyTy7hxxaA7Rk
parse block 292700675,cost:37 ms
parse block 292700674,cost:31 ms
parse block 292700673,cost:41 ms
parse block 292700672,cost:49 ms
parse block 292700671,cost:71 ms
parse block 292700670,cost:42 ms
parse block 292700669,cost:34 ms
parse block 292700668,cost:33 ms
parse block 292700667,cost:24 ms
parse block 292700666,cost:38 ms
parse block 292700665,cost:37 ms
parse block 292700664,cost:34 ms
parse block 292700663,cost:86 ms
parse block 292700662,cost:48 ms
parse block 292700661,cost:40 ms
parse block 292700660,cost:40 ms
parse block 292700659,cost:41 ms
parse block 292700658,cost:35 ms
parse block 292700657,cost:33 ms
parse block 292700656,cost:60 ms
parse block 292700655,cost:17 ms
parse block 292700654,cost:17 ms
parse block 292700653,cost:0 ms
parse block 292700652,cost:6 ms
parse block 292700651,cost:45 ms
parse block 292700650,cost:56 ms
parse block 292700649,cost:62 ms
parse block 292700648,cost:40 ms
parse block 292700647,cost:21 ms
parse block 292700646,cost:39 ms
parse block 292700645,cost:12 ms
parse block 292700644,cost:29 ms
parse block 292700643,cost:36 ms
parse block 292700642,cost:32 ms
parse block 292700641,cost:31 ms
parse block 292700640,cost:30 ms
parse block 292700639,cost:10 ms
parse block 292700638,cost:22 ms
parse block 292700637,cost:23 ms
parse block 292700636,cost:24 ms
parse block 292700635,cost:27 ms
parse block 292700634,cost:77 ms
parse block 292700633,cost:38 ms
quoteSymbol not support HtSPT2fzgeTZbYX7yTjYQwSmafqxN29LYMAhqXBLpump, skipping transaction 5Dh6PKmUgC7C5mS6u3H4KZWnfxgXvHhVCao9ohUtnzLfUcmNGUSrnEhM5ZjXeWZCfVCLoAUeWLrdiEvWXinQLaCP
Invalid tokenAmount: 0, skipping transaction 4AvkhFdUdn5nSk47fAuuK1SMiKNggvBhEd2aaS9idv61JzzR7hXpTY2vZPpgK3PurFoDEJiLrRhpnWz8qFYvnb1B
Invalid quoteAddress: undefined, skipping transaction 3JhXn2yAJUhQNavbb8XK2osvw4u14auWV5SePQ68nQTBK2NWkqZTt7WUqwRtrsZAE8zF4D9awcz7zPRkm1cKDNUV
Invalid tokenAmount: 0, skipping transaction J8ExtjRCWd97afXGwTYCfiSgfBLUtxtsYGqVPC6xPcmFjexsx8Mb5VidJdiRm8CYS1HAbfMHJPuYEqgBrcdhREH
Invalid quoteAmount: 0, skipping transaction 3sHePTvbUY4kcPk9bhxYRKk5GvsNVp3L54jgdaUt7wsF8gUWb5U86Ppq4VhwA4EYjNtEvCfB8aRvguLXPenmMexQ
quoteSymbol not support HmP7gAWucokzHHCszEreBx2H8oxcrhpH39sNyDKFpump, skipping transaction 4efuKxnYmkNXTWV731b8s4Vg6sjcAMNiv1EmC2K3VKM63ecbSz1xmBcEbCHb9fUYrTyMZ2F36LYvcpirAmrkzNsA
Invalid tokenAmount: 0, skipping transaction 433VZ9ccCBz2VLL7drrGjrHmqxt5wb3BNvx2skrQ7Z2E2MGSicT125oQrCkUkWNxtWHbhijqqCNJFL8FBgNAb7ib
Invalid quoteAmount: 0, skipping transaction 2ZyqYnh8C7noh99bEeFsXuXBxe8ZXi1op6aNEFAeS4j5K3RtfKqcuwjmWL7NJaeWkbpzDqZy6BUm1xLphVuzF8fj
Invalid quoteAmount: 0, skipping transaction 57hWdBqjRvhTrvhyuPqPuGQU4481FENT8SUBkHUfydLDmPcTTQKs45pTzVfa8m5CtFchHhegaJQAfsGgDnef5BUb
Invalid tokenAmount: 0, skipping transaction 3UzkevQr1VvNr4GJw4MtgFZPX6UwDBoD3V6qGwNPBgZwR1aXYgHyWdJMxg2V5eBZSmbb5o5vkfpmmq9avqnpzR6E
Invalid tokenAmount: 0, skipping transaction 4Eeaxr6AYis9u5kiyLbcJAa9nXM23P7uNBzWhdQEpJhF629JYethzqZS4Bd9UbkFmGZgUm96nudvfNUSN7yxMbWR
Invalid tokenAmount: 0, skipping transaction 2TKBzsbBFZg3RNu9w6UTr1Ww6n6Ex7zo22pKU1ajH16fJm4FRisopNFfnV3ijUgoJapkLvpYGf3Y1ePiZsAC8SWH
✅ 插入 8595 条记录到 solana_history_data_new
HIGH PERFORMANCE: parse 99 blocks, cost: 4038 ms
[Port 8014] server total use, cost: 4039 ms
100
parse block 292696932,cost:37 ms
parse block 292696931,cost:51 ms
parse block 292696930,cost:21 ms
parse block 292696929,cost:15 ms
parse block 292696928,cost:42 ms
parse block 292696927,cost:25 ms
parse block 292696926,cost:24 ms
parse block 292696925,cost:49 ms
parse block 292696924,cost:35 ms
parse block 292696923,cost:49 ms
parse block 292696922,cost:31 ms
parse block 292696921,cost:38 ms
parse block 292696920,cost:27 ms
parse block 292696919,cost:47 ms
parse block 292696918,cost:44 ms
parse block 292696917,cost:35 ms
parse block 292696916,cost:49 ms
parse block 292696915,cost:56 ms
parse block 292696914,cost:32 ms
parse block 292696913,cost:23 ms
parse block 292696912,cost:44 ms
parse block 292696911,cost:20 ms
parse block 292696910,cost:34 ms
parse block 292696909,cost:45 ms
parse block 292696908,cost:54 ms
parse block 292696907,cost:31 ms
parse block 292696906,cost:5 ms
parse block 292696905,cost:23 ms
parse block 292696904,cost:45 ms
parse block 292696903,cost:39 ms
parse block 292696902,cost:13 ms
parse block 292696901,cost:16 ms
parse block 292696900,cost:37 ms
parse block 292696899,cost:34 ms
parse block 292696898,cost:24 ms
parse block 292696897,cost:53 ms
parse block 292696896,cost:60 ms
parse block 292696895,cost:30 ms
parse block 292696894,cost:50 ms
parse block 292696893,cost:40 ms
parse block 292696892,cost:22 ms
parse block 292696891,cost:23 ms
parse block 292696890,cost:27 ms
parse block 292696889,cost:32 ms
parse block 292696888,cost:19 ms
parse block 292696887,cost:30 ms
parse block 292696886,cost:25 ms
parse block 292696885,cost:42 ms
parse block 292696884,cost:22 ms
parse block 292696883,cost:47 ms
parse block 292696882,cost:38 ms
parse block 292696881,cost:13 ms
parse block 292696880,cost:31 ms
parse block 292696879,cost:53 ms
parse block 292696878,cost:95 ms
parse block 292696877,cost:45 ms
parse block 292696876,cost:55 ms
parse block 292696875,cost:0 ms
parse block 292696874,cost:7 ms
parse block 292696873,cost:93 ms
parse block 292696872,cost:4 ms
parse block 292696871,cost:23 ms
parse block 292696870,cost:63 ms
parse block 292696869,cost:44 ms
parse block 292696868,cost:58 ms
parse block 292696867,cost:20 ms
parse block 292696866,cost:34 ms
parse block 292696865,cost:48 ms
parse block 292696864,cost:24 ms
parse block 292696863,cost:44 ms
parse block 292696862,cost:41 ms
parse block 292696861,cost:32 ms
parse block 292696860,cost:17 ms
parse block 292696859,cost:38 ms
parse block 292696858,cost:34 ms
parse block 292696857,cost:36 ms
parse block 292696856,cost:43 ms
parse block 292696855,cost:46 ms
parse block 292696854,cost:59 ms
parse block 292696853,cost:27 ms
parse block 292696852,cost:43 ms
parse block 292696851,cost:19 ms
parse block 292696850,cost:52 ms
parse block 292696849,cost:28 ms
parse block 292696848,cost:54 ms
parse block 292696847,cost:15 ms
parse block 292696846,cost:23 ms
parse block 292696845,cost:19 ms
parse block 292696844,cost:34 ms
parse block 292696843,cost:27 ms
parse block 292696842,cost:45 ms
parse block 292696841,cost:38 ms
parse block 292696840,cost:41 ms
parse block 292696839,cost:46 ms
parse block 292696838,cost:24 ms
parse block 292696837,cost:63 ms
parse block 292696836,cost:98 ms
parse block 292696835,cost:8 ms
parse block 292696834,cost:1 ms
parse block 292696833,cost:20 ms
quoteSymbol not support 2DfxrMSigiH2PwtB288dSjHTTrKUQ46DiTzeaFXn5fcF, skipping transaction 5VGSSb2w7WULaLyqm9jZ1of1jWbLPzU14cxLMov1CmGmJueZwgWuv1p4Z3e5Ra5PAGDhSLYALPkuyXZ2nrHUjbdT
quoteSymbol not support 4k3Dyjzvzp8eMZWUXbBCjEvwSkkk59S5iCNLY3QrkX6R, skipping transaction 4RFqiK84rqsgoKK14QKarXVeL6qsaqt3jdjhGTFdzCt3iiaWSXVCo2Le1dBpWRSDbbEVQrK9dPVtUhtdKcYUU7ve
quoteSymbol not support 2niLT8fZQi8GDJQWs8SUWu3uxnRMMAwHzFPPZ8C8pump, skipping transaction 55omHqxvvtfc6Uc1zkA63KPEahwzH931uM58Wj53QPeCZ4ygjQKTTWeBj4YGw17UFf7a6wbLTPFV8EKbCrvzuJvF
quoteSymbol not support AZsHEMXd36Bj1EMNXhowJajpUXzrKcK57wW4ZGXVa7yR, skipping transaction 2VUw1TsnrtpptHs3doMrDx11ubk3GRCxaok45ndUq7QPNFUw36wRnjsSpb9cjD8XKHdTzLPqcUR8C5HW457s6SwR
quoteSymbol not support AZsHEMXd36Bj1EMNXhowJajpUXzrKcK57wW4ZGXVa7yR, skipping transaction 3oCPPi2b6pCeEUrnVt1no5w6VLCE9vr7jQW7jSofjhafAg4EMuTnsX8y6gB7DtGHRmd1GCgR8U5nnUfAFA8h3yHR
Invalid tokenAmount: 0, skipping transaction 2Re2kLd2WTNMjR6FvrkyxxHwdfnEL5QzCwBad9cW8LGRLd3DHzvwjPAJvT1txsd92Hr79njNiqL5a4c63s9VqFBH
quoteSymbol not support 2Vu11jw9bidytFxQuJmc7QDZBrcGJLyZMB2WNTdWpump, skipping transaction 3pdgySTELKbnryDgT2iyj1htXVAJ1DytihxGST2VHum5VTtbih9USNnSN1TbnJsa1JiKx1S5VyCBjBhU2mzmfnyq
Invalid quoteAmount: 0, skipping transaction 3dtcNL93GCTZ39mpn7FFFKUn19ffoKXN3YAK61zq1AshQkDLGtG9ojRB6oV4Hj4jx86HyN86qYyYVws7oYQoZ3yG
quoteSymbol not support CznXfxQ8MFNNJaao7AA2Dd9J79hnvr8oFWtELxYhpump, skipping transaction 2gST2xpCTcHLG9f9vLChDnBYeq7eosyUk9hRp7y1xLatPxSjMzpFPbgNsgbRRwDwUK43aCR8vphN8q63heP5moeB
Invalid quoteAmount: 0, skipping transaction 4Zz9MwJSsWeKqTRWwq7qu2uetntvV6tQwb66CHLhAonAJ7isnFNYKZ7Dj1EQTnKjHFD4irUxVwew41FRPYHiKoLi
Invalid quoteAmount: 0, skipping transaction p95uupR8CQTFCbL1QeQJuD5ZJR4phNFjTW63ZbMFGfvYEZ7E9exiBkzU74xmMXTVejZpTgwgEHLcKaxRgmHymXH
✅ 插入 7632 条记录到 solana_history_data_new
HIGH PERFORMANCE: parse 100 blocks, cost: 4007 ms
[Port 8014] server total use, cost: 4007 ms
96
parse block 292694832,cost:98 ms
parse block 292694831,cost:30 ms
parse block 292694830,cost:48 ms
parse block 292694829,cost:31 ms
parse block 292694828,cost:24 ms
parse block 292694827,cost:29 ms
parse block 292694826,cost:67 ms
parse block 292694825,cost:58 ms
parse block 292694824,cost:85 ms
parse block 292694823,cost:0 ms
parse block 292694822,cost:34 ms
parse block 292694821,cost:12 ms
parse block 292694820,cost:40 ms
parse block 292694819,cost:67 ms
parse block 292694818,cost:26 ms
parse block 292694817,cost:37 ms
parse block 292694816,cost:37 ms
parse block 292694815,cost:55 ms
parse block 292694814,cost:40 ms
parse block 292694813,cost:58 ms
parse block 292694812,cost:17 ms
parse block 292694811,cost:3 ms
parse block 292694810,cost:5 ms
parse block 292694809,cost:5 ms
parse block 292694808,cost:60 ms
parse block 292694807,cost:69 ms
parse block 292694806,cost:62 ms
parse block 292694805,cost:57 ms
parse block 292694804,cost:2 ms
parse block 292694799,cost:64 ms
parse block 292694798,cost:65 ms
parse block 292694797,cost:72 ms
parse block 292694796,cost:82 ms
parse block 292694795,cost:60 ms
parse block 292694794,cost:67 ms
parse block 292694793,cost:22 ms
parse block 292694792,cost:46 ms
parse block 292694791,cost:62 ms
parse block 292694790,cost:33 ms
parse block 292694789,cost:27 ms
parse block 292694788,cost:23 ms
parse block 292694787,cost:39 ms
parse block 292694786,cost:49 ms
parse block 292694785,cost:45 ms
parse block 292694784,cost:37 ms
parse block 292694783,cost:7 ms
parse block 292694782,cost:8 ms
parse block 292694781,cost:48 ms
parse block 292694780,cost:36 ms
parse block 292694779,cost:71 ms
parse block 292694778,cost:51 ms
parse block 292694777,cost:91 ms
parse block 292694776,cost:63 ms
parse block 292694775,cost:30 ms
parse block 292694774,cost:26 ms
parse block 292694773,cost:74 ms
parse block 292694772,cost:26 ms
parse block 292694771,cost:71 ms
parse block 292694770,cost:69 ms
parse block 292694769,cost:50 ms
parse block 292694768,cost:26 ms
parse block 292694767,cost:61 ms
parse block 292694766,cost:51 ms
parse block 292694765,cost:21 ms
parse block 292694764,cost:22 ms
parse block 292694763,cost:47 ms
parse block 292694762,cost:15 ms
parse block 292694761,cost:15 ms
parse block 292694760,cost:58 ms
parse block 292694759,cost:33 ms
parse block 292694758,cost:18 ms
parse block 292694757,cost:41 ms
parse block 292694756,cost:16 ms
parse block 292694755,cost:41 ms
parse block 292694754,cost:58 ms
parse block 292694753,cost:24 ms
parse block 292694752,cost:32 ms
parse block 292694751,cost:76 ms
parse block 292694750,cost:90 ms
parse block 292694749,cost:28 ms
parse block 292694748,cost:16 ms
parse block 292694747,cost:16 ms
parse block 292694746,cost:37 ms
parse block 292694745,cost:29 ms
parse block 292694744,cost:44 ms
parse block 292694743,cost:32 ms
parse block 292694742,cost:11 ms
parse block 292694741,cost:13 ms
parse block 292694740,cost:22 ms
parse block 292694739,cost:67 ms
parse block 292694738,cost:36 ms
parse block 292694737,cost:31 ms
parse block 292694736,cost:34 ms
parse block 292694735,cost:30 ms
parse block 292694734,cost:56 ms
parse block 292694733,cost:34 ms
quoteSymbol not support 27G8MtK7VtTcCHkpASjSDdkWWYfoqT6ggEuKidVJidD4, skipping transaction 2KywcZq1Kw6xWsFVk6rho1JQcLGoysCuxfFGhh7BZaACvi37d2jand5YMVWqFEKgMb6W5Jj7mKugChAJAK6uvuJs
Invalid tokenAmount: 0, skipping transaction 3NYF1MxriTFvntFcE9FE5dwo25eXa3gYnXRfRNxjCVG3xBxpHksapfqWsP3yyHNV8f6kKC8vp9hm2JDvZf1R14W6
quoteSymbol not support AmXoXkTmLvwoQSVqgRnEXA5mLg7f5D7gpJ4wJVGCpump, skipping transaction 2iENAea14fD5oKFV2aQBRFoQPQ9hZ3CLXoGffhKXH5VzDxZ7gcK3vmEsAkYmTxVFJc3qBpX8J5cGFWXLJFjRSDpD
Invalid tokenAmount: 0, skipping transaction 3Mj5q3VBFYX9y1qZosJzw18XaiuA1YReQJvTAYnMyfMsjc5XbuLejd4iR31hA1xKygmZXdbetEZ4kBe9HVhAYzWA
quoteSymbol not support DzdZ85vgihPv6V5nGhjKwNAaLh3JWHGa2Z3vmFYNpump, skipping transaction 2uk7LUSkhvi4nFTSaANEci7K8o2PjRgxXXKy1fnDwReZ1bhWYxXWhZeN2XrJo2DddECY2gpYqtM97nHupLKcamcC
Invalid tokenAmount: 0, skipping transaction 3jBXedKSWT72wzx1EkbUksw9maZQ1SRMER9sFkX38Q5hgRidBHVusMfVohzxjLoqq43ATVCaoyYAi37CzRcZfTTs
quoteSymbol not support Ax7oULSKWsU9VGtVCsg6waz5xDvf97BX5fm73ioUpump, skipping transaction 65wDue51Kr7to6eHn99Vxm4UcgrbZ18WMqFvQR4X3wecVDyXmdvemq7CiwKzDzuUQC6mEfyio8MmPfKEaAyBEHZU
quoteSymbol not support CeyuEFVYpATBs2BpeKWMCN7pc5ooY1yFzRacWpy7tWsy, skipping transaction aiaWgNLVWhjPTLEoDHrHUA9BZrxNK32d4RGkDVDocSo7HZPcjLLgH9yEdZiRoSqHAnBhJLtm2zCc9PfWEb61D5X
Invalid quoteAmount: 0, skipping transaction hmdjuvcSuuX77JRyFkFxwDyUHhpPCKStZRKfVXRDfuGfxvUnEYxnwGGufqNsLgKrb8yDu3eKJCs54xa3vkYKqiY
quoteSymbol not support 4k3Dyjzvzp8eMZWUXbBCjEvwSkkk59S5iCNLY3QrkX6R, skipping transaction 41zJYpSvPemU2E1ZZ9zrhZwzTrbDcn3odyd81pe3f4EJdvasGsyuukWcapWmCBhtkHvFvT9DtpVzrhpakEdxCKh5
Invalid tokenAmount: 0, skipping transaction 3u1xGJDNhKF7wnU2XvPMAN557HaFss3oqDK1KWmyAht3GCGBmEx4jWox7PZEPyJwWfyRa52n5SswSkwp6qQbrLSD
quoteSymbol not support BtDAjwZHMaCz2iApb8Sh5LFvWRdQGSzs1B3RgY96sHQF, skipping transaction 5t3ijYwkNXLYxtfA8hYF1DjA5CNaiisj9FHACMayLN5JHL5iZsbrUn48BBsT48g93z2RNE8RZoGrbPGFrwW48zMP
quoteSymbol not support DzdZ85vgihPv6V5nGhjKwNAaLh3JWHGa2Z3vmFYNpump, skipping transaction 2KhyQ1nGVWh2qRa5FPVYqZbvVbbrTi9zCNgJsWVgQZe8AjDPe4N42Bsu9cepha3JjSAhruasxTufs9uVp3WN4ZCi
Invalid tokenAmount: 0, skipping transaction 4jZThuziFdgKNU1eYVgqkXmWKC2JUQToeZKVjCQgxF9NRqjEosXfCnQZc3w9fGKTnMzUWJ4DvRtFJLPUVY4ischG
Invalid tokenAmount: 0, skipping transaction 2K9YLmzir6HApwyCUvbn3vBe2voMDmgBRzHKughXNABKJZ5Jvti8AK9eaLKBkACFJDoxWfGNDVhrhHiQEEENatVf
quoteSymbol not support 2TgzyxGRfCz7EJQb7daUz6sZgwvVYkZBdJtFDeHopump, skipping transaction 5AzQ3L4o4Ydx7Bb9DCfCSCKNXfEWjNdKK27MyDcQziNC7XcM6rXfxgVEoD6FPpUp4BhG9aj5ADTNL7wE4BsZudGt
Invalid tokenAmount: 0, skipping transaction 66WgkD3KuHw8W8Tdr9BcCTEi2M6KS5kJcAKSAYBkXjE6nKvf79j58LXgXy9vLX6tzHUpH2tUj7TQyFk7tLhWmGXp
✅ 插入 8566 条记录到 solana_history_data_new
HIGH PERFORMANCE: parse 96 blocks, cost: 4382 ms
[Port 8014] server total use, cost: 4383 ms
99
parse block 292691432,cost:82 ms
parse block 292691431,cost:20 ms
parse block 292691430,cost:9 ms
parse block 292691429,cost:15 ms
parse block 292691428,cost:82 ms
parse block 292691427,cost:53 ms
parse block 292691426,cost:34 ms
parse block 292691425,cost:66 ms
parse block 292691424,cost:77 ms
parse block 292691423,cost:31 ms
parse block 292691422,cost:23 ms
parse block 292691421,cost:46 ms
parse block 292691420,cost:51 ms
parse block 292691419,cost:45 ms
parse block 292691418,cost:35 ms
parse block 292691417,cost:72 ms
parse block 292691416,cost:18 ms
parse block 292691415,cost:41 ms
parse block 292691414,cost:23 ms
parse block 292691413,cost:13 ms
parse block 292691412,cost:42 ms
parse block 292691411,cost:112 ms
parse block 292691410,cost:14 ms
parse block 292691409,cost:5 ms
parse block 292691408,cost:5 ms
parse block 292691407,cost:37 ms
parse block 292691406,cost:45 ms
parse block 292691405,cost:23 ms
parse block 292691404,cost:66 ms
parse block 292691403,cost:13 ms
Invalid tokenAmount: 0, skipping transaction 3HdJ2xeA1MhHbfhs4kzJrdBnoNR6R2BuVEvgApxBKT4UtHWdKtX8hmXsDGtozxGAosYhdHdjtr5skiH6xQy71di8
parse block 292691402,cost:12 ms
parse block 292691401,cost:46 ms
parse block 292691400,cost:50 ms
parse block 292691399,cost:33 ms
parse block 292691398,cost:37 ms
parse block 292691397,cost:30 ms
parse block 292691396,cost:61 ms
parse block 292691395,cost:38 ms
parse block 292691394,cost:37 ms
parse block 292691393,cost:48 ms
parse block 292691391,cost:21 ms
parse block 292691390,cost:72 ms
parse block 292691389,cost:17 ms
parse block 292691388,cost:114 ms
parse block 292691387,cost:35 ms
parse block 292691386,cost:63 ms
parse block 292691385,cost:50 ms
parse block 292691384,cost:23 ms
parse block 292691383,cost:56 ms
parse block 292691382,cost:56 ms
parse block 292691381,cost:47 ms
parse block 292691380,cost:24 ms
parse block 292691379,cost:32 ms
parse block 292691378,cost:44 ms
parse block 292691377,cost:25 ms
parse block 292691376,cost:41 ms
parse block 292691375,cost:37 ms
parse block 292691374,cost:47 ms
parse block 292691373,cost:25 ms
parse block 292691372,cost:45 ms
parse block 292691371,cost:40 ms
parse block 292691370,cost:55 ms
parse block 292691369,cost:55 ms
parse block 292691368,cost:90 ms
parse block 292691367,cost:157 ms
parse block 292691366,cost:7 ms
parse block 292691365,cost:7 ms
parse block 292691364,cost:12 ms
parse block 292691363,cost:26 ms
parse block 292691362,cost:11 ms
parse block 292691361,cost:7 ms
parse block 292691360,cost:2 ms
parse block 292691359,cost:19 ms
parse block 292691358,cost:56 ms
parse block 292691357,cost:41 ms
parse block 292691356,cost:71 ms
parse block 292691355,cost:14 ms
parse block 292691354,cost:13 ms
parse block 292691353,cost:36 ms
parse block 292691352,cost:63 ms
parse block 292691351,cost:48 ms
parse block 292691350,cost:29 ms
parse block 292691349,cost:20 ms
parse block 292691348,cost:53 ms
parse block 292691347,cost:15 ms
parse block 292691346,cost:61 ms
parse block 292691345,cost:7 ms
parse block 292691344,cost:67 ms
parse block 292691343,cost:37 ms
parse block 292691342,cost:42 ms
parse block 292691341,cost:47 ms
parse block 292691340,cost:40 ms
parse block 292691339,cost:38 ms
parse block 292691338,cost:24 ms
parse block 292691337,cost:30 ms
parse block 292691336,cost:64 ms
parse block 292691335,cost:79 ms
parse block 292691334,cost:26 ms
parse block 292691333,cost:29 ms
Invalid tokenAmount: 0, skipping transaction 26zUigxfMZyXTyDQmxFn2PGTh2cBZBN663Pob3cpuB5PYzGZrz7CyhA1cPXvL3JpGHUTSEVG5jdSs8W7fNWQBazM
quoteSymbol not support ErVrf7WrMS8Rw4b6ZkYSVR5TvMjKRMjSLH8cwT7jmbgp, skipping transaction HDV1MagxVPLccKEdTw8ys9xMkFpxKuhD7JNqDDHaD8XpKen7kZ7pZTfw2s47nh9KkdpL9mKgaBmQqyyjtsf9UjT
Invalid tokenAmount: 0, skipping transaction JVfUwfDKUxoFCnofavYdpZUG53RgboeKRuh3QHXsnoHtuhzkHQKCWAzwWLYdKejg7FVrXnvnmE4fcAkVBtbkxca
quoteSymbol not support 57HhsWjDeJLnv6rRPfUy3ahnijuKtjP3FP3hDUfepump, skipping transaction 2rEBpXHC7hNK6YXhDM977BZkiMiEY1DqGotZk2nXoDpZR2mMWAaAMiqEBhbh3dJFXGX2kQSZdt5MAu2zjFas2jWe
quoteSymbol not support FTTeTyiRjjBXe3HWYR4DzNcWnggtURshNDKDozc9tJ77, skipping transaction 4ThReWZCQNRNQ4y8NBxTiKADrRbXP2ZMFQ65ACiEXEQvrSPh3matCojug6wkzoo4Vzfp9ndKq7QdYAvjpPCHVETG
quoteSymbol not support 62C1w9gaZinfVgLKK2DbRwSzgSb5UE3XsP5Tcxagpump, skipping transaction 4gW9rxQ5SxZT8rgMhz7nkQUat7bSfiQMj9FwpMbsBcGqJMT6NcQRzsGywnTSUUmnBG2RQMcsCGW6MqGMFa4FYJHf
quoteSymbol not support 2QLb8kromjF9w49nQu67t9HKM9wvBfFjUJiLodyfvHUj, skipping transaction 4JSZVifvCg1Fkns9b9UAZGk79jbdvR8zqYdh13FtETHKAa8QLBx82DbAPK9Axg2qkn95oEssaVTeMcpRMNSUfM4A
quoteSymbol not support DUp2qMMGuACziKeyZRtH9cuKyqtYpqJ24iZg6tVLpump, skipping transaction 63XtE4Fvdx6kThQSQzGH7iBWWToeAT2Jo6g56g2DxuM6sbKKbedi9RoCnXwDzodXq49TaCjuJRX1DcYMiD5dtZdm
quoteSymbol not support Fair3oKKbcrGjcka2tTYQdyS6sYnyyQqbCTTiNmE3WHK, skipping transaction 67oWpR9Kxei1hde21cDSb9MU3yGpciukdgixdkzvcmUz4WAm7r8uEarkwTa5D3mQNvv1oNic75XNS2LxegV2NZiZ
Invalid tokenAmount: 0, skipping transaction uYwt75MKTz5mNCfAcntmDZhhqi6qfF7mz3r1BosAHVLWHPZcKu8E1J1nEwA7QhwrCUAuTaYpx6jDGH1vM8XNB82
quoteSymbol not support ED5nyyWEzpPPiWimP8vYm7sD7TD3LAt3Q3gRTWHzPJBY, skipping transaction 5qBtF36c2LmuWPCJG838nY66CHTuJBe14m7feyjjJuSZjNAy3YcWZ7a9PHWo3VfzYMuJdUZvhmTBifaZugahrN7o
Invalid quoteAddress: undefined, skipping transaction 34nUWGNBWwRntkGxyApcjtYdJsBiFBM17yf395kD56BV9AYfayoN9e2XfoVPHp3fBiN6Lk36nnhbg7bscmEmHYpe
quoteSymbol not support 2niLT8fZQi8GDJQWs8SUWu3uxnRMMAwHzFPPZ8C8pump, skipping transaction 49EAybHiAZGmt9UqyNQhaq9c6aBNcZbJ8PJd9etR8PqQtVxQi9DFoe24WYVoL9xK6XGkyqAaAJjM5GiZ9UuZjUQp
quoteSymbol not support F2SsQ8NXdohV3Ks8M5FpVVocXTpQLLdHE9acTzZcpump, skipping transaction 52iTzuU3YXKVjmxjbCrfQaGQ48gB34Z3Jt5iGv9TMfbY8kxVUrCARGX66pEDFpY2ozCEk5vdPR9U8Px8Vs4ia5V1
Invalid tokenAmount: 0, skipping transaction 4xm8pCNXcBAYHN3CLcikDDPSg4dJuvsCQPyyRnD2iZR2LKBi2qvTqS3TvU5NukEMxkswh9V3BNtpbMfhnHb1Bkp1
Invalid tokenAmount: 0, skipping transaction 3a4TVzyp1tg8h1yPSvTqq9zDJjz73Tv3Gd1kY8pweqgSeCzYD9eLJhgWf3x9ZRBRygHA6wCLcgezNSsaW4EZYhs
quoteSymbol not support 5hNH9FH4AgQ9AVp7vVxydyvSH6MXUpqAFvss1YgZpump, skipping transaction 4uJbiZ1bAULD8ZhTVg3syPU3WcVTUpPWxCDc7xzEAgwSCT7jdF4pM8YLR13FGSKLd9Pa2kkUZAd9opGP7a2LGnB1
quoteSymbol not support 2TgzyxGRfCz7EJQb7daUz6sZgwvVYkZBdJtFDeHopump, skipping transaction 337TGMmGQRRUGiQVjt3FK6mqKpp3FD4kw26FKUWM1VYxXnK1fRrvFMHe2dtgoCH6f1276xuaKqvPZZC2FrX1WC5E
Invalid quoteAmount: 0, skipping transaction 55aKC8ppUbQNGtZ6aidd9gGVCw3KMVJqqBPXbNiLRKSGt2mpk7e1EFcCVELKqHg5sGsLWApT4nU9ovC5DqGBpkjX
Invalid tokenAmount: 0, skipping transaction 2kq6vf22gyD9SUTzAY4R8QRyVLyHY4LLGFXQjtr3nzLKcFmDLqYx69ATjCoGrt45io9pKv8Na4n6noUhna4ujC1F
✅ 插入 7334 条记录到 solana_history_data_new
HIGH PERFORMANCE: parse 99 blocks, cost: 4436 ms
[Port 8014] server total use, cost: 4436 ms
85
parse block 292688632,cost:48 ms
parse block 292688631,cost:32 ms
parse block 292688630,cost:34 ms
parse block 292688629,cost:24 ms
parse block 292688628,cost:57 ms
parse block 292688627,cost:43 ms
parse block 292688626,cost:30 ms
parse block 292688625,cost:85 ms
parse block 292688624,cost:67 ms
parse block 292688623,cost:51 ms
parse block 292688622,cost:61 ms
parse block 292688621,cost:55 ms
parse block 292688620,cost:56 ms
parse block 292688619,cost:50 ms
parse block 292688618,cost:57 ms
parse block 292688617,cost:66 ms
parse block 292688616,cost:69 ms
parse block 292688609,cost:34 ms
parse block 292688608,cost:21 ms
parse block 292688603,cost:37 ms
parse block 292688602,cost:44 ms
parse block 292688601,cost:74 ms
parse block 292688600,cost:34 ms
parse block 292688599,cost:55 ms
parse block 292688598,cost:19 ms
parse block 292688597,cost:42 ms
Invalid quoteAmount: 0, skipping transaction WtZkGEyraQCC9MSthdFnkVZkcLR254G2ySDYfR4ojWyiDq4ZYLenXabt5rEz8Ls2uggQNsa5gvmEo8muGGLrjrF
parse block 292688596,cost:40 ms
parse block 292688595,cost:35 ms
parse block 292688594,cost:37 ms
parse block 292688593,cost:57 ms
parse block 292688592,cost:75 ms
parse block 292688591,cost:12 ms
parse block 292688590,cost:39 ms
parse block 292688589,cost:46 ms
parse block 292688588,cost:35 ms
parse block 292688587,cost:31 ms
parse block 292688586,cost:9 ms
parse block 292688585,cost:41 ms
parse block 292688584,cost:57 ms
parse block 292688583,cost:20 ms
parse block 292688582,cost:33 ms
parse block 292688581,cost:23 ms
parse block 292688580,cost:71 ms
parse block 292688579,cost:37 ms
parse block 292688578,cost:15 ms
parse block 292688577,cost:35 ms
parse block 292688576,cost:38 ms
parse block 292688575,cost:24 ms
parse block 292688574,cost:30 ms
parse block 292688573,cost:65 ms
parse block 292688572,cost:77 ms
parse block 292688571,cost:37 ms
parse block 292688570,cost:46 ms
parse block 292688569,cost:57 ms
parse block 292688567,cost:24 ms
parse block 292688566,cost:52 ms
parse block 292688565,cost:29 ms
parse block 292688564,cost:32 ms
parse block 292688563,cost:37 ms
parse block 292688562,cost:8 ms
parse block 292688561,cost:55 ms
parse block 292688560,cost:52 ms
parse block 292688559,cost:68 ms
parse block 292688558,cost:80 ms
parse block 292688557,cost:30 ms
parse block 292688556,cost:14 ms
parse block 292688551,cost:42 ms
parse block 292688550,cost:67 ms
parse block 292688549,cost:19 ms
parse block 292688548,cost:68 ms
parse block 292688547,cost:89 ms
parse block 292688546,cost:39 ms
parse block 292688545,cost:23 ms
parse block 292688544,cost:45 ms
parse block 292688543,cost:39 ms
parse block 292688542,cost:21 ms
parse block 292688541,cost:40 ms
parse block 292688540,cost:85 ms
parse block 292688539,cost:36 ms
parse block 292688538,cost:14 ms
parse block 292688537,cost:40 ms
parse block 292688536,cost:62 ms
parse block 292688535,cost:26 ms
parse block 292688534,cost:59 ms
parse block 292688533,cost:37 ms
quoteSymbol not support 7vgnnnNk8T1JJw1eN5XX5MK8N2DgCk3fg54oQd68pump, skipping transaction 2R91fhooaSxdccjMihEVZd6FeGJ51MqYAWNsX9b4DaEYMjh8Pw6Hs9qfKESaUNA3MLMnS6jdAnTJjCACyPqKdG8P
quoteSymbol not support J1toso1uCk3RLmjorhTtrVwY9HJ7X8V9yYac6Y7kGCPn, skipping transaction 46MpqKQrDprhofHfwcrQV8XSWJwCESmkRVptWJdP6zQn17XYxKemsZR1wwCs2UDtqiC6QFXB14aoN4WKkif4R7tq
quoteSymbol not support 6GU38d2X45P72znzU8boXPfNYJoAQE6gmC886K7ynsyn, skipping transaction 5r5pTyAyMrteo2M7tPKzpfm9zS2vwbyD65rVDpTfgnTtDNQ9he57UE3gJDq24wun3tkDbKig4YfK38C7YwPPuWHT
quoteSymbol not support J1toso1uCk3RLmjorhTtrVwY9HJ7X8V9yYac6Y7kGCPn, skipping transaction 3xc46PwxmX2KoRPVGTJfsL3Ez5K8ZhQtio9BbqVq44AU2TEvY9UoS88xRYiLXQpqjpEQJHuzKxxQq9iCAi5Ktxm3
quoteSymbol not support J1toso1uCk3RLmjorhTtrVwY9HJ7X8V9yYac6Y7kGCPn, skipping transaction 2aydtBQ9zEyz5PmzDL4QND6keJvy3DYHr7pcbeUjpA8KVfRPmhx27TFt36MoY1rjmk1vYCwJvkQ2ta1tnr4MXke3
quoteSymbol not support J1toso1uCk3RLmjorhTtrVwY9HJ7X8V9yYac6Y7kGCPn, skipping transaction oyuJfmHW9YPqWMxX8t6jQJpcbFD79tX6XS1HM33Dbp2v9XRudQFfoeoh61ZNU6urv6KMLa7bhSAgAFN47AN9h6Q
quoteSymbol not support 2Lrrwi9bzsZaBw8SM437MjNVxD2FbyDnVjHWb5QYXF16, skipping transaction 2GtcQ2BCbFQghdQs878PuSgoVjzZWufqtPpCeRdT8TmeTaK59kmbtw6KSPwuZy4fNi7qsF6NutZvQSE6muW3gQ2z
quoteSymbol not support J1toso1uCk3RLmjorhTtrVwY9HJ7X8V9yYac6Y7kGCPn, skipping transaction 34xBJ7CDH5TWbvsYApipjbXC3R6Y4c5op9V9MFcWfKaNLeKX7WBF778NLtfjBqpX6TPnJWSbTzhcLYw4rLpAcqWB
quoteSymbol not support J1toso1uCk3RLmjorhTtrVwY9HJ7X8V9yYac6Y7kGCPn, skipping transaction ghajmAH5WZi4LMwsibuQ5DZcufLfX5TpzJXH8TrwWiQbPPnEQeoQueaB6utKdPrVT3j6YtgsAkCgDfgDSPNtnBn
quoteSymbol not support ErRK31eZdFeXxj4TLREEm7QrDGinan1nuuSfGN9upump, skipping transaction SrHVwcqNQZ8jcD57DarVrMjkPvxSrLQshoRyLmT86iHi7tBDN6uFrVp45FgMX3vp2wdWNLRAJF6P9w6be3ETUke
quoteSymbol not support J1toso1uCk3RLmjorhTtrVwY9HJ7X8V9yYac6Y7kGCPn, skipping transaction 4SYQf79xQ7XAX6gFtymbaHfEWSbACZUa1tcwEz6rbUWouqQbTj1iep3RVTP3JZGf8an4WJAjXsFnKZX18eFaD8aV
quoteSymbol not support J1toso1uCk3RLmjorhTtrVwY9HJ7X8V9yYac6Y7kGCPn, skipping transaction 4ux6UGxjC9TPTPh3SFGGJ1vQtpyYbHtRR9bsZMYc7eZiJWTJ1MnJWMbD3CMdPmKkuM4qcg2cG8chMWrUHVE9Z12s
quoteSymbol not support CGtaWrCyeWzSYQvsvWZ1q3gXYSYdhPh653m1B3Vwpump, skipping transaction 45RzRKPYpfJWSA3EK5vS7p8JF2hgaEPPaDiDxY2WYiZxktCyCB1mH3MMZZL34AGQHCJ4ctmymrBQterwTC8morgx
Invalid tokenAmount: 0, skipping transaction 3mZn45bSEsnP5j3UyFSvwJQMG81WhyiVAWhzREVi8UNXHrhtFQdPf1yovRgR1dtptyLh2oemiA4yUrZALrqGXDc8
quoteSymbol not support EgxEnP82FzkeokZKh11WqLwS2zE9Zj7M8FKGvMSKpump, skipping transaction 5oeHkwKr1rtSrugvvMPxbGDCu16QhkTNQm4xihpYMJwBW6ZLm1byT2z1CxacTePbU1kNoGpxMzJcERC6f1ABmtHV
quoteSymbol not support 5hNH9FH4AgQ9AVp7vVxydyvSH6MXUpqAFvss1YgZpump, skipping transaction 3XWrNUwCMGC5jgZrBHqFcigGJMxEbL45SxRpDJDmoxV1Z3beBvLG5oz5c5smrVu5btbpQm2Xgze824YLyHEbMZrC
quoteSymbol not support J1toso1uCk3RLmjorhTtrVwY9HJ7X8V9yYac6Y7kGCPn, skipping transaction 4abM8qoLjyc3gkFigsiChtAFjovpLU7doqj8XW7D8iNmFLR1XyWyDPCVRwRZtHi6HDAQqEh2Z2K2JkJY2E8QRykN
Invalid tokenAmount: 0, skipping transaction 3N7nmq9K9KNSMbMU1Wb5WZHNPWbhfxe63JPstBrz5Vh1JWAncGx4PTTZ7E6J6KLp1eqhyE9aQuNbS2SJLMJ7doLc
quoteSymbol not support J1toso1uCk3RLmjorhTtrVwY9HJ7X8V9yYac6Y7kGCPn, skipping transaction 4EKaAQN9qQL8DQD3bKUnf8RjoKyiCHasp7DKExUPLdcMCZrudVk9ffbgGUoxDTXeik5dRCqJgCxXs22Ncr1uQtZC
quoteSymbol not support J1toso1uCk3RLmjorhTtrVwY9HJ7X8V9yYac6Y7kGCPn, skipping transaction 5Y2NbvbXBmJmtehHo46kGL9DoHiq9qufiYEfeoXSUi7oG88Ucb7Ut7vxKDJB2TeVkpE3AxF3Mm1zwfv6c25JnUbj
Invalid tokenAmount: 0, skipping transaction 3G4uVFe895CPacAVbYL3Z4mZwMML8HhCL9Cn8jmxwT4GS5eTS62sJKuY31cuYE1dEG5gXCWgDvgNquY1E72522XH
Invalid tokenAmount: 0, skipping transaction 29BAL8ZBvuARFmqE4Lsz2iZ7saGjM4uJrmdKUHFCY4om7TQ4bvURg1WRJLbmBi54nd9e8bSrZgSFEufsForCA3oY
quoteSymbol not support Dk1gzfVtwF18vb5ptaaj66XomzvBGQ2fesK7btntpump, skipping transaction sQpKyAqtYCXkgF1NjrbxhQR2ddyKM9RGfRbw438nZV1yXhPb4Am584A1yHicyoGkAvZsK492dzUPfxGvYVvgBoG
quoteSymbol not support J4kisnm6yA9gHXhyCmmoFEV8C4eTnHDKBC4Tcd6upump, skipping transaction 3Q4fEFQ5RSQrSDnLR7MEjXqvWPuKrxjPpC5LP34pGGCoLm1irSVwd7B3AoVeD45cMY56k4RgtaPkV39pT7m3bypC
quoteSymbol not support J1toso1uCk3RLmjorhTtrVwY9HJ7X8V9yYac6Y7kGCPn, skipping transaction 5BfKxTgg74d8UiBYNJLiXUDinPK8q9EvCnkv5zFHa9SNdt9iEo95J6mW8yU5beMsMk41h9BwnwgtnyKqdqLUAq6p
Invalid tokenAmount: 0, skipping transaction 38dtix8M2syckn9FbJ3wUN5HiMMwAEnNESK7PzLmnJSKUV3n7gJ7pg3pKq2yaJNQzUyN4Rz2yfWijU27wM78ypx6
Invalid tokenAmount: 0, skipping transaction 28zf7h8Kh9sww7FAYB4UdRunSyKAGwjMkb1vmet9GaU1d5niEf3d32RigbbumSyyRsYs3hP85LMnihqB45RVh1j8
✅ 插入 6990 条记录到 solana_history_data_new
HIGH PERFORMANCE: parse 85 blocks, cost: 4138 ms
[Port 8014] server total use, cost: 4138 ms
96
parse block 292685632,cost:23 ms
parse block 292685631,cost:55 ms
parse block 292685630,cost:58 ms
parse block 292685629,cost:25 ms
parse block 292685628,cost:46 ms
parse block 292685627,cost:38 ms
parse block 292685626,cost:47 ms
parse block 292685625,cost:60 ms
parse block 292685624,cost:114 ms
parse block 292685619,cost:34 ms
parse block 292685618,cost:54 ms
parse block 292685617,cost:20 ms
parse block 292685616,cost:48 ms
parse block 292685615,cost:48 ms
parse block 292685614,cost:47 ms
parse block 292685613,cost:73 ms
parse block 292685612,cost:41 ms
parse block 292685611,cost:28 ms
parse block 292685610,cost:66 ms
parse block 292685609,cost:13 ms
parse block 292685608,cost:42 ms
parse block 292685607,cost:46 ms
parse block 292685606,cost:39 ms
parse block 292685605,cost:26 ms
parse block 292685604,cost:63 ms
parse block 292685603,cost:41 ms
parse block 292685602,cost:65 ms
parse block 292685601,cost:23 ms
parse block 292685600,cost:32 ms
parse block 292685599,cost:49 ms
parse block 292685598,cost:39 ms
parse block 292685597,cost:42 ms
parse block 292685596,cost:31 ms
parse block 292685595,cost:44 ms
parse block 292685594,cost:26 ms
parse block 292685593,cost:81 ms
parse block 292685592,cost:51 ms
parse block 292685591,cost:15 ms
parse block 292685590,cost:65 ms
parse block 292685589,cost:28 ms
parse block 292685588,cost:48 ms
parse block 292685587,cost:40 ms
parse block 292685586,cost:21 ms
parse block 292685585,cost:35 ms
parse block 292685584,cost:28 ms
parse block 292685583,cost:61 ms
parse block 292685582,cost:53 ms
parse block 292685581,cost:31 ms
parse block 292685580,cost:55 ms
parse block 292685579,cost:43 ms
parse block 292685578,cost:52 ms
parse block 292685577,cost:34 ms
parse block 292685576,cost:22 ms
parse block 292685575,cost:59 ms
parse block 292685574,cost:64 ms
parse block 292685573,cost:41 ms
parse block 292685572,cost:54 ms
parse block 292685571,cost:31 ms
parse block 292685570,cost:31 ms
parse block 292685569,cost:32 ms
parse block 292685568,cost:115 ms
parse block 292685567,cost:36 ms
parse block 292685566,cost:32 ms
parse block 292685565,cost:42 ms
parse block 292685564,cost:35 ms
parse block 292685563,cost:63 ms
parse block 292685562,cost:48 ms
parse block 292685561,cost:28 ms
parse block 292685560,cost:131 ms
parse block 292685559,cost:51 ms
parse block 292685558,cost:25 ms
parse block 292685557,cost:42 ms
parse block 292685556,cost:64 ms
parse block 292685555,cost:26 ms
parse block 292685554,cost:97 ms
parse block 292685553,cost:36 ms
parse block 292685552,cost:76 ms
parse block 292685551,cost:62 ms
parse block 292685550,cost:34 ms
parse block 292685549,cost:34 ms
parse block 292685548,cost:64 ms
parse block 292685547,cost:30 ms
parse block 292685546,cost:37 ms
parse block 292685545,cost:39 ms
parse block 292685544,cost:53 ms
parse block 292685543,cost:43 ms
parse block 292685542,cost:40 ms
parse block 292685541,cost:52 ms
parse block 292685540,cost:59 ms
parse block 292685539,cost:48 ms
parse block 292685538,cost:45 ms
parse block 292685537,cost:23 ms
parse block 292685536,cost:42 ms
parse block 292685535,cost:33 ms
parse block 292685534,cost:47 ms
parse block 292685533,cost:108 ms
quoteSymbol not support 5hNH9FH4AgQ9AVp7vVxydyvSH6MXUpqAFvss1YgZpump, skipping transaction 4t1YDowY17u1oNHxCgNh4KD1fABpwsh7CKCv49rty4yGgG9J8oSnd2hwaV7KoEsTg8P1iSLZ3c6A7skxx6YRsQ2d
Invalid quoteAmount: 0, skipping transaction 2i9fh8oSbhKbEyh1cENnhh1QwFrteUxMN4oYzTtRpDYcAx81h3a8DtEN9Z4AMPnzyHLM2ey1NkGudYcLZK9sn9Yu
Invalid quoteAmount: 0, skipping transaction 3v3SkudQuyLX3gGYrgRjeawR6dHSkFEzPB73Ws9qKUvZFAw9R7QWTb61KzbFKBqZGrAgizfozqst8qdw9PWfDEs3
quoteSymbol not support 5hNH9FH4AgQ9AVp7vVxydyvSH6MXUpqAFvss1YgZpump, skipping transaction 4b3K5yWG1pn9WsJQxKnyjQCgPTh3UXQ7FZy678dDTjb6YpghDXgQSYGQcQXXNGXKWnc4LX2NFZCMSXAZxn3CmqyA
Invalid quoteAmount: 0, skipping transaction 2nXJ2m9Rb6mH7egwRyzWPg1Xwez4sFBBS9DdySCnA6kHau3J9dj243yuDRkpWdqNkuMPacpRbigAgSUDC3GaKizT
Invalid tokenAmount: 0, skipping transaction 5ymFTdMeHPWsmKc1r6YWkzNXythNjt1yXgfX28qYrRKz1WKoNpoRdjkoX44461Crv5SwuPKT2f4B9ydWQJc8gm8Y
Invalid quoteAmount: 0, skipping transaction GxNBkX2sN9JJ6yDty1EycFLTBUwrZzywDh48T2it6dm6uLZ2cyTD6qy7kqDssJ2RUw298Czty7yLbNeYcjKAjzh
Invalid tokenAmount: 0, skipping transaction 4Hs1Nn1cwtRddmbJGyxodHg7bb5W9QFGfLDinbLPpaXTjGEM1dLjQLGsxTPn9J7LSmfxPDWdEU767acf57Pn8fem
Invalid quoteAmount: 0, skipping transaction Uv8ZxptYfDoMok15Xkj31swvF8YDG1MeQQYBMZt4UEhfUeUzTLWZrWaHRqFST4GCa5QS2EFPuBUxEMCCLY6b7Dq
Invalid tokenAmount: 0, skipping transaction 4gpGGHWM3mhKPZXBTz7PfFSwMRjGeRCutr6BGKMHartj5myed3PKUE4YPSFU2ePzKhcUVPrzuP9zRahte1bmGyZG
Invalid tokenAmount: 0, skipping transaction 4KVw4SNzDJp9DM5rPeri7L6Gn4MzJq2zcZbMuPfvxmASVCxaZxPyAod8ScVrv9nsEZ8JDWjDGntUNGcacgjX3fcL
✅ 插入 7931 条记录到 solana_history_data_new
HIGH PERFORMANCE: parse 96 blocks, cost: 4896 ms
[Port 8014] server total use, cost: 4912 ms
92
parse block 292682032,cost:54 ms
parse block 292682031,cost:55 ms
Invalid quoteAddress: undefined, skipping transaction 4gFb4f5fTfinSEvgr6JwPEcKcKywUafU2SLTjpoANUQeFUQX4M4pFYMyqGEmwWttS9Rn6mWm4hiXHsXACtormegJ
parse block 292682030,cost:30 ms
parse block 292682029,cost:31 ms
parse block 292682028,cost:74 ms
parse block 292682027,cost:18 ms
parse block 292682026,cost:57 ms
parse block 292682025,cost:30 ms
parse block 292682024,cost:58 ms
parse block 292682023,cost:57 ms
parse block 292682022,cost:36 ms
parse block 292682021,cost:38 ms
parse block 292682020,cost:48 ms
parse block 292682019,cost:42 ms
parse block 292682018,cost:42 ms
parse block 292682017,cost:35 ms
parse block 292682016,cost:33 ms
parse block 292682015,cost:30 ms
parse block 292682014,cost:42 ms
parse block 292682013,cost:44 ms
parse block 292682012,cost:36 ms
parse block 292682011,cost:20 ms
parse block 292682010,cost:27 ms
parse block 292682009,cost:36 ms
parse block 292682008,cost:44 ms
parse block 292682007,cost:37 ms
parse block 292682006,cost:34 ms
parse block 292682005,cost:71 ms
parse block 292682004,cost:67 ms
parse block 292681999,cost:45 ms
parse block 292681998,cost:57 ms
parse block 292681997,cost:46 ms
parse block 292681996,cost:43 ms
parse block 292681995,cost:49 ms
parse block 292681994,cost:42 ms
parse block 292681993,cost:98 ms
parse block 292681988,cost:14 ms
parse block 292681987,cost:40 ms
parse block 292681986,cost:25 ms
parse block 292681985,cost:38 ms
parse block 292681984,cost:23 ms
parse block 292681983,cost:29 ms
parse block 292681982,cost:35 ms
parse block 292681981,cost:35 ms
parse block 292681980,cost:58 ms
parse block 292681979,cost:30 ms
parse block 292681978,cost:32 ms
parse block 292681977,cost:48 ms
parse block 292681976,cost:41 ms
parse block 292681975,cost:25 ms
parse block 292681974,cost:33 ms
parse block 292681973,cost:30 ms
parse block 292681972,cost:14 ms
parse block 292681971,cost:33 ms
parse block 292681970,cost:32 ms
parse block 292681969,cost:32 ms
parse block 292681968,cost:45 ms
parse block 292681967,cost:37 ms
parse block 292681966,cost:43 ms
parse block 292681965,cost:34 ms
parse block 292681964,cost:55 ms
parse block 292681963,cost:35 ms
parse block 292681962,cost:22 ms
parse block 292681961,cost:26 ms
parse block 292681960,cost:29 ms
parse block 292681959,cost:49 ms
parse block 292681958,cost:39 ms
parse block 292681957,cost:42 ms
parse block 292681956,cost:34 ms
parse block 292681955,cost:35 ms
parse block 292681954,cost:61 ms
parse block 292681953,cost:25 ms
parse block 292681952,cost:37 ms
parse block 292681951,cost:44 ms
parse block 292681950,cost:55 ms
parse block 292681949,cost:47 ms
parse block 292681948,cost:64 ms
parse block 292681947,cost:8 ms
parse block 292681946,cost:11 ms
parse block 292681945,cost:21 ms
parse block 292681944,cost:28 ms
parse block 292681943,cost:36 ms
parse block 292681942,cost:17 ms
parse block 292681941,cost:22 ms
parse block 292681940,cost:23 ms
parse block 292681939,cost:53 ms
parse block 292681938,cost:47 ms
parse block 292681937,cost:47 ms
parse block 292681936,cost:34 ms
parse block 292681935,cost:34 ms
parse block 292681934,cost:41 ms
parse block 292681933,cost:22 ms
Invalid tokenAmount: 0, skipping transaction 5fB1C1hL5GVbksghoZfU64mFQXzBUWUqWQKMABCQNDWfJxBz7poeeozhhyZ9WPr3AFjNF2pSfEbcvR1bYXTcVQ9n
quoteSymbol not support 7vfCXTUXx5WJV5JADk17DUJ4ksgau7utNKj4b963voxs, skipping transaction 4SXpV7BP9NsKspfAC5hYRYHaXqzWr4zmhgFb2RhP2PE5g3WvoPCmEuWkJ6z5A3iZXvCWsphAg58XVvgD2g3F9ixr
Invalid quoteAddress: undefined, skipping transaction 2KcgCpxzpjmwejzhnzfQuyyuUQAUBHmcLT56tDWYzqJXwUQof5hSouKHRSzwuHtyh1N4AJMLyut4pq9MibtEQdp3
Invalid quoteAmount: 0, skipping transaction 5WvrwCdnZidBsjNNiGHVHBkJd9tEMbZiQ7qCZdNBrwsiijNXf6YaNKuzuSof82yoR7aucTddjaVhfmYVSaNjebuo
quoteSymbol not support 3MCD23XhMCyH8kLqHFbfbLZnpZWeBqx4bTojWyJcpump, skipping transaction 2seJi6VwFW5WJixjAM8VBpb9Cqi77C7SBMSQyapyAQJ4BTqK6dfHA2wJnnhpakbtAeNp4Ahy24dUpn7Pnyfhufu8
Invalid tokenAmount: 0, skipping transaction 3GmdEafEizRGRjvEqfocmoG45qmLgknai9d13GH48wEzXsyLMpDDcKSaMpNKbwUxoXnFEkjKH9ZZbvvWW4pZCfQZ
Invalid quoteAddress: undefined, skipping transaction 3qpdAAeokzVrk5UcouoS5kV3E3KV9WxJaEjFpe835vQ6tyau2VqkwyWHy43XfP5qthW2PF1BMZ8ULtdizwQCPRvY
Invalid quoteAmount: 0, skipping transaction 2ckqK7BgfrAhomd3e4YMJnu5NtqBQod9bpFdui5qpWj9PfQYGHKLriNLmaKiWwxUjYiyx3deYSXATMEzb1ZU7BzM
Invalid tokenAmount: 0, skipping transaction 3rxGB7xye8KHpkzCWCpVYp9iZULDXUmbQwG85z1bCLokh81bfFv8ojTxQ4NZXA6U89AoPv4piFRn7eNXMAW27LE8
Invalid quoteAddress: undefined, skipping transaction 3HhTQXQoR18jpRZxif48bwMuQ6PQJWkLvrYt4PaNYTJKpwRbd3D3TW1Bs4PPKPiLcomqGsP1gWmrF3BVErK6bX6M
Invalid tokenAmount: 0, skipping transaction 5gNqF1955NwK1kA9isY7f5TCggmzpw9ZxH17fgLjc83UCYRjxFgycTkWRWfXJJ3eUBomxQiULsvhx7yhtiAWFAsN
Invalid quoteAddress: undefined, skipping transaction 1ksbXLxCGGaTEocNSweEGdky4K4iywdQeG3UQK1TRBoTRiVXMUjWPNFPCPQBhWoqnGLRBg6ngeEdeFmjpcUnfUt
Invalid quoteAddress: undefined, skipping transaction 3cm3bRTCrH2ERiu2znkCfZFjLjghZ5rqPtckuqQbYDmitLZXRhUEzy9opnFYWiv1oDW1MudFj8MXfw2UrzBxBY8
Invalid quoteAddress: undefined, skipping transaction 5ctEgZcJGHY2muoUUGiQYFjUGjRAbuMuzxgU619LSWEuJQ47diPBQDR9DJFFRzmhVytuqiSohScLCfruyEXL5wCT
Invalid quoteAddress: undefined, skipping transaction jowxsYgQy3MvLELLFBxXQFPySca9A6ShdUbES4Z7hdt6hLytYCgFj3T8v6dMMrq5DVsMMkwjq9nJB9TfapDwHzB
Invalid quoteAddress: undefined, skipping transaction 4rJi8k38udyupsphXbFX6yu5D73bdig9rdwEMMuqd4RMFfVisHBKp27ec7717ivSaYook2i7C26MZRsf1omC9npY
Invalid quoteAddress: undefined, skipping transaction 4NNHRzyCpXgRvy8W81pzBrfHv83Grjy2Dn65Hg1NqJp7b9KNJGaLrXu4vocEdrSAkPjXFrx47ZkJicTqG3rfKFUg
quoteSymbol not support HiRUhUJZXXmj2rzV5XGyySNBahyP2vxcZ6StjB9ppump, skipping transaction 5wa2d4aFnj4jrGr9Lc6p3hmibfB9dP5vZ9F85Fy4AWNSajC2vw7B3ksvoXR4X4yUVkCAkxW5xH4RFePdQW5Uhtaz
quoteSymbol not support 8yPNtG7iCBQ9Md4HybU3gSHQXzuGkXMBXWq4DAZqugUB, skipping transaction dL9SAExCe4c75wq1ZtAufWadNeFsGiPJgkUNMHkj23635hUbtLM3KLanE3Mh4tC91hRDGuCJiwCJrggz5XpPVBx
quoteSymbol not support 27G8MtK7VtTcCHkpASjSDdkWWYfoqT6ggEuKidVJidD4, skipping transaction 31fd8KWykKyStgDwnb4QmAAdMrygL3t3edA6g53GXkmytp8PxNj8kZdN14UhRbdPNyvQPQQzfDw7RHPyBSZHk4Ca
Invalid quoteAddress: undefined, skipping transaction 4shvxJAcVqcfNTP99ZkAGBb5ay4qGy4MZGitDCpM2SKJge8tesUn7Y6vnifzTHLKQLnguSRm6EfLXKo7g3ZRdACe
Invalid quoteAddress: undefined, skipping transaction 5D46E7hmbkLP274WcCn9MgGeyxzxJqzXBBTUopvCEaHuLpE4EXeEuTGsi6DDKPywWN4fUZkxH8yqdaexRS6292d5
Invalid quoteAddress: undefined, skipping transaction 2jeKG93PQwhnWqi3HXonzLjw995qAGL3aXobnhENhZxbqERU41UZ3ESGtR7uz3i5j8jmaCYUNDZZc2pcZ6nfQ9sx
quoteSymbol not support ED5nyyWEzpPPiWimP8vYm7sD7TD3LAt3Q3gRTWHzPJBY, skipping transaction 5uqTvt6W5dKsFTUDDdAFVYzzGJX5bmcziJaY3MFURdV2fJaxvBUvqYEdkudjdMnDnmCQXdCGqjPUHWC9J23o6htt
Invalid quoteAmount: 0, skipping transaction 2Chp6k7eS1n66rpETBYmVf1kMHL5762spauwyBrGHi1PruLxJ1mgd7EbMQe312m5bLtwjyTSEgvbWTsyE3ePwPcQ
Invalid tokenAmount: 0, skipping transaction 3nQzBNmKni8eWL4HeStyVGYLMirbg1F5vVqdUTHVM4hzLUTdGx9Q9x87T7yhz38rZgL7QLic2f56QxXqy5tRq4pL
✅ 插入 7051 条记录到 solana_history_data_new
HIGH PERFORMANCE: parse 92 blocks, cost: 3967 ms
[Port 8014] server total use, cost: 3967 ms
75
parse block 292679232,cost:61 ms
parse block 292679231,cost:62 ms
parse block 292679230,cost:56 ms
parse block 292679229,cost:74 ms
parse block 292679228,cost:74 ms
parse block 292679227,cost:2 ms
parse block 292679226,cost:3 ms
parse block 292679225,cost:16 ms
parse block 292679224,cost:9 ms
parse block 292679219,cost:32 ms
parse block 292679218,cost:63 ms
parse block 292679217,cost:64 ms
parse block 292679216,cost:123 ms
parse block 292679215,cost:19 ms
parse block 292679214,cost:30 ms
parse block 292679213,cost:45 ms
parse block 292679211,cost:0 ms
parse block 292679210,cost:29 ms
parse block 292679209,cost:17 ms
parse block 292679208,cost:1 ms
parse block 292679203,cost:18 ms
parse block 292679202,cost:13 ms
parse block 292679201,cost:38 ms
parse block 292679200,cost:116 ms
parse block 292679195,cost:55 ms
parse block 292679194,cost:78 ms
parse block 292679193,cost:45 ms
parse block 292679192,cost:36 ms
parse block 292679191,cost:15 ms
parse block 292679190,cost:25 ms
parse block 292679189,cost:29 ms
parse block 292679188,cost:75 ms
parse block 292679183,cost:65 ms
parse block 292679182,cost:51 ms
parse block 292679181,cost:60 ms
parse block 292679180,cost:51 ms
parse block 292679179,cost:48 ms
parse block 292679178,cost:41 ms
parse block 292679177,cost:39 ms
parse block 292679176,cost:69 ms
parse block 292679175,cost:31 ms
parse block 292679174,cost:22 ms
parse block 292679173,cost:19 ms
parse block 292679172,cost:49 ms
parse block 292679171,cost:61 ms
parse block 292679170,cost:37 ms
parse block 292679169,cost:46 ms
parse block 292679168,cost:63 ms
parse block 292679167,cost:35 ms
parse block 292679166,cost:46 ms
parse block 292679165,cost:20 ms
parse block 292679164,cost:32 ms
parse block 292679163,cost:40 ms
parse block 292679162,cost:70 ms
parse block 292679161,cost:19 ms
parse block 292679160,cost:97 ms
parse block 292679155,cost:46 ms
parse block 292679154,cost:43 ms
parse block 292679153,cost:48 ms
parse block 292679152,cost:32 ms
parse block 292679151,cost:33 ms
parse block 292679150,cost:13 ms
parse block 292679149,cost:6 ms
parse block 292679148,cost:38 ms
parse block 292679147,cost:39 ms
parse block 292679146,cost:40 ms
parse block 292679145,cost:40 ms
parse block 292679144,cost:30 ms
parse block 292679143,cost:30 ms
parse block 292679142,cost:27 ms
parse block 292679141,cost:26 ms
parse block 292679140,cost:25 ms
parse block 292679135,cost:36 ms
parse block 292679134,cost:34 ms
parse block 292679133,cost:22 ms
quoteSymbol not support EGJNUmvYftgxPDD39ETZmMeS5Stch9j83tU83zBNpump, skipping transaction 4kZt6rRjfzfuJrUVQRnkTgSBASj5LyMfBBtr1iKNTSCgswWpQ6237AcKTNaGrDTXxxRU1GoAwV3pHqApMpUyxC8k
quoteSymbol not support 9kahs6tASfXb8wXhC9g54mYA7e33XzmksYdpjQBDpump, skipping transaction 38BLTLsHdN7jeSKqh2spBNhAuJptyDcg54QSjYLgmEMQ6gSDKYt1xqkrhCswE2m9Y7HrfFYYyoMfubScaDBaMa7M
quoteSymbol not support 5RyGF7NMbhLW6chpwMSVgNxu1GMc3g12XpwJWkAVpump, skipping transaction 4oLRmT59Gon4MHwnHoTsGKSRshgZXg2JvGecFmCtb63BWxy8BFkKde4hQ33rmey59fDWYtqvkJSJzGPacDj3Ktvi
quoteSymbol not support EGJNUmvYftgxPDD39ETZmMeS5Stch9j83tU83zBNpump, skipping transaction e5pgCBiNWXi3ZYwRDqnSkU6ovdoxK4SwLRh2JzvmTkAfkQVqgZ6wzNgJysmRW5Q7Np3L78RW5iYCi5NKJwmkpEA
quoteSymbol not support DjjR9m7hRi8FckyaLQMxFNxftSdefme9SzA7zS5ED6F9, skipping transaction 23Po8ugHs7F7BGE3ujj1cju68Af7koZMyMuxHfPT691k9bvzxQKHfXoghwCPyZ5hcmBT36Bu82wibqTNfU6Er6Xs
quoteSymbol not support 5VaPFKEAzyxoWUz9PgvpnsCdT3x6q4YpnHm5zcvPpump, skipping transaction 29rvz1TT9xSdk5rpt9nZavUQRg5K4UjjZ6FNhXbqVRQ2pprFzc5vhk4vU9JXgecirAY3qs8c1PvyhcMGr6dYZ2jn
quoteSymbol not support EGJNUmvYftgxPDD39ETZmMeS5Stch9j83tU83zBNpump, skipping transaction 3BuFNm3hqnU3xCL4XfwM9s3rvPPdmBmW97RKfHLHKUCYCGkziAVfRQUbHvWSQ4n5v5M46cKF8QBKc2PqC68qG6ps
quoteSymbol not support 57HhsWjDeJLnv6rRPfUy3ahnijuKtjP3FP3hDUfepump, skipping transaction 3VTkgeLPdDojhtYAJaQrVfS4kDjAXb3MpqMjThTMWmx1BqV37SXNxro94DvWyHY3TzXcH7ufeSsTgQTbS6N8SB7J
quoteSymbol not support J3NKxxXZcnNiMjKw9hYb2K4LUxgwB6t1FtPtQVsv3KFr, skipping transaction 2JXyYLR8q1rdXzfbu8swM2AM6UVPLczF3aE5S8Ed8rFKuDH3WzinrXuvUVJzHoiNPtMkeXN37qaBU38KSVpe1ktw
quoteSymbol not support JUPyiwrYJFskUPiHa7hkeR8VUtAeFoSYbKedZNsDvCN, skipping transaction 22DMaoYXqSLLPyuvpz8HDUaeXKMc3amwsmtmnkKo5qjE2BMxFFJdL12QsfXLVuDCxJfcY3tB5DL9vH2fRsEkyCLa
quoteSymbol not support JUPyiwrYJFskUPiHa7hkeR8VUtAeFoSYbKedZNsDvCN, skipping transaction 22DMaoYXqSLLPyuvpz8HDUaeXKMc3amwsmtmnkKo5qjE2BMxFFJdL12QsfXLVuDCxJfcY3tB5DL9vH2fRsEkyCLa
quoteSymbol not support JUPyiwrYJFskUPiHa7hkeR8VUtAeFoSYbKedZNsDvCN, skipping transaction 22DMaoYXqSLLPyuvpz8HDUaeXKMc3amwsmtmnkKo5qjE2BMxFFJdL12QsfXLVuDCxJfcY3tB5DL9vH2fRsEkyCLa
quoteSymbol not support 69kdRLyP5DTRkpHraaSZAQbWmAwzF9guKjZfzMXzcbAs, skipping transaction ZynFgPA6jeGdM2WXtq4HKFoHUstwZ6c7qCV9piW11skSnhX5NkYoJJU2iBcrbKJiS2NfRRs6WaVpwvvK9xQPyc2
Invalid tokenAmount: 0, skipping transaction 4HgwFKvhwWxgRZ8Mcf8rrpwSH4h2BuizsDFdqwteVqTNHUybQMsLwDHZ4HDdDNZu91Pb9jCvD9UpSvswnAHzgJKo
quoteSymbol not support 34a8ALsPmbWxp7D3bQ6erERrCLz1ahr6u6o66Udmpump, skipping transaction 44YNGnvNMxapvVzRG9UZHWXatzbop7gt4svvMUD4rhN4VXTGRe3mMqY87Sgbvs7fu25FvzzpPWPDd2mMKC629etH
✅ 插入 5329 条记录到 solana_history_data_new
HIGH PERFORMANCE: parse 75 blocks, cost: 3412 ms
[Port 8014] server total use, cost: 3413 ms
84
parse block 292677532,cost:100 ms
parse block 292677531,cost:72 ms
parse block 292677530,cost:53 ms
parse block 292677529,cost:33 ms
parse block 292677528,cost:62 ms
parse block 292677527,cost:8 ms
parse block 292677526,cost:27 ms
parse block 292677525,cost:26 ms
parse block 292677524,cost:54 ms
parse block 292677523,cost:54 ms
parse block 292677522,cost:58 ms
parse block 292677521,cost:40 ms
parse block 292677520,cost:40 ms
parse block 292677519,cost:55 ms
parse block 292677518,cost:37 ms
parse block 292677517,cost:43 ms
parse block 292677516,cost:7 ms
parse block 292677515,cost:43 ms
parse block 292677514,cost:52 ms
parse block 292677513,cost:77 ms
parse block 292677512,cost:20 ms
parse block 292677511,cost:42 ms
parse block 292677510,cost:17 ms
parse block 292677509,cost:40 ms
parse block 292677508,cost:58 ms
parse block 292677507,cost:32 ms
parse block 292677506,cost:53 ms
parse block 292677505,cost:52 ms
parse block 292677504,cost:51 ms
parse block 292677503,cost:65 ms
parse block 292677502,cost:33 ms
parse block 292677501,cost:31 ms
parse block 292677500,cost:80 ms
parse block 292677499,cost:39 ms
parse block 292677498,cost:5 ms
parse block 292677497,cost:54 ms
parse block 292677496,cost:37 ms
parse block 292677495,cost:68 ms
parse block 292677494,cost:38 ms
parse block 292677493,cost:33 ms
parse block 292677492,cost:32 ms
parse block 292677491,cost:42 ms
parse block 292677490,cost:57 ms
parse block 292677489,cost:54 ms
parse block 292677488,cost:49 ms
parse block 292677487,cost:49 ms
parse block 292677486,cost:31 ms
parse block 292677485,cost:31 ms
parse block 292677484,cost:53 ms
parse block 292677483,cost:46 ms
parse block 292677482,cost:55 ms
parse block 292677481,cost:35 ms
parse block 292677480,cost:43 ms
parse block 292677475,cost:49 ms
parse block 292677474,cost:84 ms
parse block 292677472,cost:36 ms
parse block 292677471,cost:27 ms
parse block 292677470,cost:50 ms
parse block 292677469,cost:78 ms
parse block 292677468,cost:25 ms
parse block 292677467,cost:20 ms
parse block 292677466,cost:59 ms
parse block 292677465,cost:42 ms
parse block 292677464,cost:40 ms
parse block 292677463,cost:65 ms
parse block 292677462,cost:35 ms
parse block 292677461,cost:18 ms
parse block 292677456,cost:23 ms
parse block 292677455,cost:71 ms
parse block 292677454,cost:15 ms
parse block 292677453,cost:17 ms
parse block 292677450,cost:29 ms
parse block 292677449,cost:35 ms
parse block 292677448,cost:92 ms
parse block 292677447,cost:48 ms
parse block 292677446,cost:46 ms
parse block 292677445,cost:45 ms
parse block 292677443,cost:9 ms
parse block 292677442,cost:22 ms
parse block 292677441,cost:19 ms
parse block 292677440,cost:25 ms
parse block 292677435,cost:63 ms
parse block 292677434,cost:31 ms
parse block 292677433,cost:28 ms
Invalid quoteAddress: undefined, skipping transaction 3YtVmbW86EW4Ufm8sDovSH5f8oWY34zueo6hQqVdfoADdtzpiAZGaUrKeJq5DM9xLfTf6MVvbGCDu9tizpxt34GT
Invalid tokenAmount: 0, skipping transaction 4rVo9Xo5Y1uBdxqGM9vNKXzrJQ6SUj6nFLU8Rqk4oftCSead3Cd4g84hma8j3DJNdiZS5jFrZacxJAxSTRcTR93n
Invalid tokenAmount: 0, skipping transaction dh6P3wZPZvvWbzdgNtkB4affDkkzpp48MawEUBg1s68hLkyJsd3QmbbHuMUT4taQSnXici1YghPSRGCmucyxjPg
quoteSymbol not support ED5nyyWEzpPPiWimP8vYm7sD7TD3LAt3Q3gRTWHzPJBY, skipping transaction 2fdqeWR34S2FwEV1oNrvymM6CdV58vU5DdzGXz9cir56ifzBe5thzyT91ah6MzhLqp5LQZsW2mKRaqU24UXNdbQY
quoteSymbol not support AtakVE4hj5KgbS58YzmCYrUwRqMNCnwaamUckk2Zpump, skipping transaction 3YM8wrBWrc6uFo2Z2Xwr1ZyJ24HoQ6KC8QicyaAND9hF6DcwYbnMci4gMmQ1vTYLzxvqw8fwVnp13qQ6xKHMgkoz
quoteSymbol not support HLxHyQ3WMbjK5ZpdUFSPgQje7omxZseQ7sGe9DUTpump, skipping transaction 5g4TqYRVhrq45npP6WC2qw41ZGgavEdHwYtiVi7d146eJRvk6SVNDpkwwRhunjw5eaBAzSws3yV4gpkHb8GyjoZ
✅ 插入 7366 条记录到 solana_history_data_new
HIGH PERFORMANCE: parse 84 blocks, cost: 4041 ms
[Port 8014] server total use, cost: 4041 ms
100
parse block 292672332,cost:45 ms
parse block 292672331,cost:31 ms
parse block 292672330,cost:53 ms
parse block 292672329,cost:18 ms
parse block 292672328,cost:26 ms
parse block 292672327,cost:43 ms
parse block 292672326,cost:36 ms
parse block 292672325,cost:29 ms
parse block 292672324,cost:41 ms
parse block 292672323,cost:21 ms
parse block 292672322,cost:36 ms
parse block 292672321,cost:39 ms
parse block 292672320,cost:24 ms
parse block 292672319,cost:44 ms
parse block 292672318,cost:34 ms
parse block 292672317,cost:21 ms
parse block 292672316,cost:42 ms
parse block 292672315,cost:21 ms
parse block 292672314,cost:49 ms
parse block 292672313,cost:17 ms
parse block 292672312,cost:39 ms
parse block 292672311,cost:9 ms
parse block 292672310,cost:25 ms
parse block 292672309,cost:16 ms
parse block 292672308,cost:52 ms
parse block 292672307,cost:23 ms
parse block 292672306,cost:45 ms
parse block 292672305,cost:25 ms
parse block 292672304,cost:33 ms
parse block 292672303,cost:21 ms
parse block 292672302,cost:46 ms
parse block 292672301,cost:27 ms
parse block 292672300,cost:21 ms
parse block 292672299,cost:20 ms
parse block 292672298,cost:23 ms
parse block 292672297,cost:3 ms
parse block 292672296,cost:29 ms
parse block 292672295,cost:26 ms
parse block 292672294,cost:54 ms
parse block 292672293,cost:14 ms
parse block 292672292,cost:46 ms
parse block 292672291,cost:47 ms
parse block 292672290,cost:79 ms
parse block 292672289,cost:18 ms
parse block 292672288,cost:25 ms
parse block 292672287,cost:32 ms
parse block 292672286,cost:40 ms
parse block 292672285,cost:43 ms
parse block 292672284,cost:17 ms
parse block 292672283,cost:49 ms
parse block 292672282,cost:33 ms
parse block 292672281,cost:19 ms
parse block 292672280,cost:22 ms
parse block 292672279,cost:36 ms
parse block 292672278,cost:40 ms
parse block 292672277,cost:28 ms
parse block 292672276,cost:52 ms
parse block 292672275,cost:19 ms
parse block 292672274,cost:18 ms
parse block 292672273,cost:17 ms
parse block 292672272,cost:31 ms
parse block 292672271,cost:53 ms
parse block 292672270,cost:24 ms
parse block 292672269,cost:24 ms
parse block 292672268,cost:44 ms
parse block 292672267,cost:30 ms
parse block 292672266,cost:26 ms
parse block 292672265,cost:20 ms
parse block 292672264,cost:29 ms
parse block 292672263,cost:20 ms
parse block 292672262,cost:31 ms
parse block 292672261,cost:33 ms
parse block 292672260,cost:22 ms
parse block 292672259,cost:27 ms
parse block 292672258,cost:17 ms
parse block 292672257,cost:44 ms
parse block 292672256,cost:37 ms
parse block 292672255,cost:32 ms
parse block 292672254,cost:30 ms
parse block 292672253,cost:35 ms
parse block 292672252,cost:21 ms
parse block 292672251,cost:26 ms
parse block 292672250,cost:34 ms
parse block 292672249,cost:27 ms
parse block 292672248,cost:33 ms
parse block 292672247,cost:42 ms
parse block 292672246,cost:41 ms
parse block 292672245,cost:21 ms
parse block 292672244,cost:42 ms
parse block 292672243,cost:47 ms
parse block 292672242,cost:36 ms
parse block 292672241,cost:22 ms
parse block 292672240,cost:45 ms
parse block 292672239,cost:36 ms
parse block 292672238,cost:36 ms
parse block 292672237,cost:52 ms
parse block 292672236,cost:33 ms
parse block 292672235,cost:15 ms
parse block 292672234,cost:14 ms
parse block 292672233,cost:30 ms
quoteSymbol not support ANNNzF5Mt8LmAwJBWr3JBmBXb8zrHQauCbKUkey72XmJ, skipping transaction 4qjTKjc5dREF15eB547xJUmuAcX8f7t1SKC1CcR5Vcn3Bt3wCtmTVY9NTMZ5bae6gaHqaEcBWbKjAcaxFdXjLHVR
quoteSymbol not support H1G6sZ1WDoMmMCFqBKAbg9gkQPCo1sKQtaJWz9dHmqZr, skipping transaction 4wdcvj4Wdk9jUAXYjkqHfMLK3nX1bJXTfN942w6rsC52QXXQQWeaUn4GJQrj26oRa44HZHRfuk7LSc1xNa4Hcd9B
Invalid quoteAmount: 0, skipping transaction 3DJRMFw7xEuWWg4twVcNQcr3Ymo2XAUdStsaKrKtX6FogkPVUQdExydaW3sTBjn2txmpAp8AdZ1r142dK8B1QiS4
quoteSymbol not support J1toso1uCk3RLmjorhTtrVwY9HJ7X8V9yYac6Y7kGCPn, skipping transaction 3RJKCLru84MA9L1E8QCBU4J8mzKGLfcf45unHsFzsWGAzPs1Q4hf6mLeu3WDMXGGHBcLzquDAmSyM1v8nYJ8J4ag
quoteSymbol not support ENFcR4n3TTSzwDLxuCst3dUq8HvA1czhDB98cj8Ppump, skipping transaction 3pu7C29U5H7g4ZLeUSB6VpCiGZxLqaRscwxxKR2A2nEeP6Km5UHE7V1axJPcEhSyj1XzJF79zvUGY6C4h9CReuCQ
quoteSymbol not support 27VKnfMWpStAmgMKHmzfXaUM3YSoTUcVs8WivZsaAUoj, skipping transaction uy6P61ANvYuqKZSH7L8ET26o8C7XjjvqJUbVknPm45sma1gaJumadSwYSFUx152sHZFpjnLPZXRaJkPRetX3LY4
quoteSymbol not support 5oVNBeEEQvYi1cX3ir8Dx5n1P7pdxydbGF2X4TxVusJm, skipping transaction 2hNFgPmFDm1wR1o5padmSq3Vs6wEj5EjhJwpYf1vi7AxRPPw614yvZaU5PFDqYTMDSnV9kfFrvm241xCKoZxizCt
quoteSymbol not support 9EYScpiysGnEimnQPzazr7Jn9GVfxFYzgTEj85hV9L6U, skipping transaction 2Qu8numW5AYjkicsoKonHY93oQB4cZjN8KHi3kjGUQtbi1RZK7PGG97nhtbFah1AVuzAJFythJxbon2iXniuwq4F
✅ 插入 5816 条记录到 solana_history_data_new
HIGH PERFORMANCE: parse 100 blocks, cost: 3597 ms
[Port 8014] server total use, cost: 3608 ms
91
parse block 292670032,cost:100 ms
parse block 292670027,cost:85 ms
parse block 292670026,cost:43 ms
parse block 292670025,cost:25 ms
parse block 292670024,cost:63 ms
parse block 292670023,cost:41 ms
parse block 292670022,cost:20 ms
parse block 292670021,cost:62 ms
parse block 292670020,cost:16 ms
parse block 292670019,cost:23 ms
parse block 292670018,cost:31 ms
parse block 292670017,cost:45 ms
parse block 292670016,cost:32 ms
parse block 292670015,cost:42 ms
parse block 292670014,cost:29 ms
parse block 292670013,cost:35 ms
parse block 292670012,cost:30 ms
parse block 292670011,cost:34 ms
parse block 292670010,cost:21 ms
parse block 292670009,cost:31 ms
parse block 292670008,cost:10 ms
parse block 292670007,cost:28 ms
parse block 292670006,cost:58 ms
parse block 292670005,cost:21 ms
parse block 292670004,cost:29 ms
parse block 292670003,cost:36 ms
parse block 292670002,cost:26 ms
parse block 292670001,cost:40 ms
parse block 292670000,cost:70 ms
parse block 292669999,cost:20 ms
parse block 292669998,cost:50 ms
parse block 292669997,cost:20 ms
parse block 292669996,cost:34 ms
parse block 292669995,cost:25 ms
parse block 292669994,cost:17 ms
parse block 292669993,cost:19 ms
parse block 292669992,cost:60 ms
parse block 292669991,cost:21 ms
parse block 292669990,cost:29 ms
parse block 292669989,cost:29 ms
parse block 292669988,cost:58 ms
parse block 292669987,cost:66 ms
parse block 292669986,cost:52 ms
parse block 292669985,cost:31 ms
parse block 292669984,cost:45 ms
parse block 292669983,cost:40 ms
parse block 292669982,cost:37 ms
parse block 292669981,cost:23 ms
parse block 292669980,cost:6 ms
parse block 292669975,cost:15 ms
parse block 292669974,cost:38 ms
parse block 292669973,cost:17 ms
parse block 292669972,cost:26 ms
parse block 292669971,cost:31 ms
parse block 292669970,cost:31 ms
parse block 292669969,cost:30 ms
parse block 292669968,cost:40 ms
parse block 292669967,cost:29 ms
parse block 292669966,cost:31 ms
parse block 292669965,cost:45 ms
parse block 292669964,cost:26 ms
parse block 292669963,cost:22 ms
parse block 292669962,cost:28 ms
parse block 292669961,cost:18 ms
parse block 292669960,cost:15 ms
parse block 292669959,cost:32 ms
parse block 292669958,cost:24 ms
parse block 292669957,cost:38 ms
parse block 292669956,cost:32 ms
parse block 292669955,cost:10 ms
parse block 292669954,cost:34 ms
parse block 292669953,cost:46 ms
parse block 292669952,cost:7 ms
parse block 292669951,cost:17 ms
parse block 292669950,cost:29 ms
parse block 292669949,cost:38 ms
parse block 292669948,cost:17 ms
parse block 292669947,cost:41 ms
parse block 292669946,cost:45 ms
parse block 292669945,cost:30 ms
parse block 292669944,cost:20 ms
parse block 292669943,cost:87 ms
parse block 292669942,cost:48 ms
parse block 292669941,cost:27 ms
parse block 292669940,cost:43 ms
parse block 292669939,cost:45 ms
parse block 292669937,cost:31 ms
parse block 292669936,cost:18 ms
parse block 292669935,cost:21 ms
parse block 292669934,cost:34 ms
parse block 292669933,cost:26 ms
quoteSymbol not support mSoLzYCxHdYgdzU16g5QSh3i5K3z3KZK7ytfqcJm7So, skipping transaction 4XWAhhxP8ushWUugyM2TPnXTkgeqNhwkP5afAbwZKjimCdmisQBaiGf13M6xGJffa5UQFYLcoKbVqeqT1sxEy2VY
Invalid quoteAddress: undefined, skipping transaction 4UZcj7o2Vjh1rZ2dXLN4toCL9AtZkwFDy8JNS1LLPsKqJP1VxJZp165mRH3kbRbcUwYx7V1vbJnUJ1XaPbsxN1oV
quoteSymbol not support DriFtupJYLTosbwoN8koMbEYSx54aFAVLddWsbksjwg7, skipping transaction 3d1FVfHA2aaPnMMitPogtDt8QpWXuNggBXH4KUmDLRhELQRgwzHSAmYHzx2M2DUrN7EoZD4if6nvA6t86WVvsVMu
quoteSymbol not support 5VaPFKEAzyxoWUz9PgvpnsCdT3x6q4YpnHm5zcvPpump, skipping transaction 4XNgonYUL8EJLaScBkc17p3uG2U7MmqKMUQVuu5Z1Fm55m6oH5Gf5XSTumMEUXBKnRjgBXoDMNXV4kH72JRk92rX
quoteSymbol not support DriFtupJYLTosbwoN8koMbEYSx54aFAVLddWsbksjwg7, skipping transaction 5MrddvGtHsEwMLZ4o73sFCHjBVGdjVbJWoUGeB8sUuoieuBo9fT2Q9mJhzRDJ2WczTS5tYPNEW1H1cPW5sC3PgMT
quoteSymbol not support DriFtupJYLTosbwoN8koMbEYSx54aFAVLddWsbksjwg7, skipping transaction 2yhCu61g9RMaKT6siMFjtT9cATeBeBKMnTAoC52iktLfSLgmcj4iPmP8SiJWxx8LjbVfDASFMUBHJNTfZs2hUWhB
Invalid tokenAmount: 0, skipping transaction 2jkELrY3auBudsBtVwARu46nXdfAURbjhDSKrzAfdjDfcGCHiKdbi2nzBP1BoSbMZ3eusaFJJr27S214nDgEZhMu
Invalid tokenAmount: 0, skipping transaction 3k8tLdrUdCSAEJzRafYGbVVQtMewccqEFQQzpBdWipWSsdbQBiEtDXGBUom2JUYX7bmwRBH2Ez7GmqwF5GWTat1m
Invalid tokenAmount: 0, skipping transaction u4A5jrY8UVkt7u7SDc2DFkA8BK6hN3RX5U8PTqVjk4JBAosXeiFWLjtbAif3uGRGGLhqYUPqShLXQHRJMdCNS3X
Invalid tokenAmount: 0, skipping transaction 2PTAJdBAuB1Lqgj2WfchPHf28qfFgZRumeiQskFE1AqSWzNr6eVeAx1qJ7TgM1DNzReNbrfvxHZ8srnL3FAz1BNn
Invalid tokenAmount: 0, skipping transaction 621UzsP1nAMTjgxvqek6tkNqipkMd4VzXbpjk5bzoeGnvPJcLL1Ge2ULiXvjeRgo6WAN3sx1wbh3unwDMWpzbibC
quoteSymbol not support H8LW3afnmHYhvhLydBPsFNfUF1JTPpNt6VoeYzutpump, skipping transaction 47B4gKSpb8fyCef76wPsM8BnXVFuqQh1jcDsDvL4SgYopgMjwePai99T2vPKQeNRek2b36HcuNCfbP2YNzD65QGq
Invalid tokenAmount: 0, skipping transaction 2gAphuypHQS8D25jm789mDbSnegQHVJWxKNk5GXUWf3naWBY2H4rz9L22o4kEZC7bfCx7sYv5urEx4Hu5AxebT1Y
quoteSymbol not support DuGfBARyz94DQYZfJ7zVJbpFU6Du3H53bmWrdj6Spump, skipping transaction 5yVifAv2xWm6EpXctFuSkbCviiKG4HjqjK3e1GjWMjiim3XsodHbiYpnKTi6f2rcbQz6d5NWGsNt6rPeM8ZWSrxp
Invalid tokenAmount: 0, skipping transaction 2ssBDtcoPYr3gEMNnjUShbEnQbe5xkrhSwGWQQsKjvGR6vBLyxqRCAxFX5UkWFRZxqKm3hA6eLYVfnA8hKccY9Lx
Invalid tokenAmount: 0, skipping transaction 4tr6W5udB9XCd1TEi1oEDmdjU6a2jiJx4njxGzo8nzrpV1cgYBy2rxynH9JWsXM7qsoNJcJVHW3B5mqyxXYbqG9c
Invalid tokenAmount: 0, skipping transaction 5VjhsDVkRgsKWMPgm2nSLu9i7tkgnatH8QMvjkeMVgRPcZufWPjj1EVNsagToWuz6bMio5sKue4FvXF9GqpzassQ
quoteSymbol not support DriFtupJYLTosbwoN8koMbEYSx54aFAVLddWsbksjwg7, skipping transaction 3inTp6QTomPS86aFR3WYPjQM6mNYGvBDBLYaXtJFbMoykLU1KKpVvjFYbpJKbb6qkGmm4QERtHsbGUy9rauyxWRd
Invalid tokenAmount: 0, skipping transaction 3BxF8VvDQhWUsSGGLKto9gZNLpaAvgMqhmzrqjLS7MhMPvvCUTDkYyzKhFqmJ2zpiESybA9deDn1GAMiDhyHxjLt
Invalid tokenAmount: 0, skipping transaction 3pht77LzMaFvbJNCFd5Ua2oxWzrXj5Y3Vd5KoU2jugZZHcfrockiiuz7Gn74qsXAFErJrcYxVqxmV7jmFA5L1QDf
Invalid tokenAmount: 0, skipping transaction aFqN7uLcsMHqF5vGEGpckUXaEHYKoYsGFYrYaW7YeFJiDquvxfbmpqBZk7eE79iQNFESpER5FNMS2rsaJJKCzNH
✅ 插入 4829 条记录到 solana_history_data_new
HIGH PERFORMANCE: parse 91 blocks, cost: 3454 ms
[Port 8014] server total use, cost: 3454 ms
96
parse block 292666932,cost:34 ms
parse block 292666931,cost:47 ms
parse block 292666930,cost:39 ms
parse block 292666929,cost:24 ms
parse block 292666928,cost:43 ms
parse block 292666927,cost:62 ms
parse block 292666926,cost:41 ms
parse block 292666925,cost:26 ms
parse block 292666924,cost:16 ms
parse block 292666923,cost:35 ms
parse block 292666922,cost:31 ms
parse block 292666921,cost:45 ms
parse block 292666920,cost:45 ms
parse block 292666919,cost:27 ms
parse block 292666918,cost:32 ms
parse block 292666917,cost:47 ms
parse block 292666916,cost:36 ms
parse block 292666915,cost:23 ms
parse block 292666914,cost:66 ms
parse block 292666913,cost:40 ms
parse block 292666912,cost:33 ms
parse block 292666911,cost:49 ms
parse block 292666910,cost:29 ms
parse block 292666909,cost:59 ms
parse block 292666908,cost:25 ms
parse block 292666907,cost:51 ms
parse block 292666906,cost:26 ms
parse block 292666905,cost:49 ms
parse block 292666904,cost:56 ms
parse block 292666903,cost:19 ms
parse block 292666902,cost:42 ms
parse block 292666901,cost:54 ms
parse block 292666900,cost:21 ms
parse block 292666899,cost:40 ms
parse block 292666898,cost:29 ms
parse block 292666897,cost:18 ms
parse block 292666896,cost:53 ms
parse block 292666895,cost:29 ms
parse block 292666894,cost:62 ms
parse block 292666893,cost:47 ms
parse block 292666892,cost:94 ms
parse block 292666891,cost:62 ms
parse block 292666890,cost:80 ms
parse block 292666889,cost:9 ms
parse block 292666888,cost:27 ms
parse block 292666887,cost:40 ms
parse block 292666886,cost:53 ms
parse block 292666885,cost:19 ms
parse block 292666884,cost:49 ms
parse block 292666883,cost:45 ms
parse block 292666882,cost:52 ms
parse block 292666881,cost:21 ms
parse block 292666880,cost:12 ms
parse block 292666879,cost:58 ms
parse block 292666878,cost:50 ms
parse block 292666877,cost:40 ms
parse block 292666876,cost:40 ms
parse block 292666875,cost:44 ms
parse block 292666874,cost:51 ms
parse block 292666873,cost:55 ms
parse block 292666872,cost:61 ms
parse block 292666871,cost:34 ms
parse block 292666870,cost:57 ms
parse block 292666869,cost:50 ms
parse block 292666868,cost:35 ms
parse block 292666867,cost:35 ms
parse block 292666866,cost:60 ms
parse block 292666865,cost:45 ms
parse block 292666864,cost:38 ms
parse block 292666863,cost:40 ms
parse block 292666862,cost:40 ms
parse block 292666861,cost:45 ms
parse block 292666860,cost:50 ms
parse block 292666859,cost:18 ms
parse block 292666858,cost:40 ms
parse block 292666857,cost:34 ms
parse block 292666856,cost:49 ms
parse block 292666855,cost:69 ms
parse block 292666854,cost:25 ms
parse block 292666853,cost:40 ms
parse block 292666852,cost:30 ms
parse block 292666851,cost:29 ms
parse block 292666850,cost:26 ms
parse block 292666849,cost:28 ms
parse block 292666848,cost:33 ms
parse block 292666847,cost:66 ms
parse block 292666846,cost:69 ms
parse block 292666845,cost:35 ms
parse block 292666844,cost:50 ms
parse block 292666843,cost:44 ms
parse block 292666842,cost:61 ms
parse block 292666841,cost:19 ms
parse block 292666840,cost:26 ms
parse block 292666835,cost:21 ms
parse block 292666834,cost:54 ms
parse block 292666833,cost:35 ms
quoteSymbol not support orcaEKTdK7LKz57vaAYr9QeNsVEPfiu6QeMU1kektZE, skipping transaction 25e72C9pYNiSnuQ7wVBWC5LxxdDSu1K7HQGEjqQ7zqqZRcSsg4a6YWyTeZuEZDFhNKDADS6Pib65nHwZGmkDgLms
Invalid tokenAmount: 0, skipping transaction 44eK6WQb1W4cSxESxnVjEUxE8h91GqxBkA4kbuWGxHHtuVeziwYM2hJ49r3Q37k2mW75EyqVfPqAahE2JvVwKGso
quoteSymbol not support H8LW3afnmHYhvhLydBPsFNfUF1JTPpNt6VoeYzutpump, skipping transaction 3RKLjrPjwtDAJWG8AXCczZSGw4kybkJrNBn5GRH4kU7jBS61F1bxy8Fi5eyh1B3nLRsauEp2o3ToCASmLLtNSQR5
Invalid quoteAmount: 0, skipping transaction 2g7DsEKWbB3KV98B9A8W54YraPCZp4S83FbcfB6VHSBXx9A2ttYQ1f1y23M7SLNHwdX7taQnA5PbDdCeDPgWXsCU
Invalid tokenAmount: 0, skipping transaction 353ZSTXqhPzrKM3rUe8bMCsuy3qdEcjEMqhGBQSEUi2JLNvdackSYW1xJCT7CzonU3HDMMZNo8dFvG8qBqbk1VEz
Invalid quoteAmount: 0, skipping transaction 35HHLtf3RrpMz5F6DkFnh9R5udYaDT3Hm5U9vRUwsEaPTVqQiArUqod33aQGWWxHyLx73WaBarMCgKDSogm33Yus
Invalid tokenAmount: 0, skipping transaction 2hRkmph2SjGkSW1zz7cSMxv6s8ZtbYDSJd1YfdQ4DWt8VesvrEuXx8AH5Wcw8xcGkzTvMb836A39JNQC83ft7MQV
✅ 插入 7327 条记录到 solana_history_data_new
HIGH PERFORMANCE: parse 96 blocks, cost: 4362 ms
[Port 8014] server total use, cost: 4362 ms
96
parse block 292664532,cost:30 ms
parse block 292664531,cost:68 ms
parse block 292664530,cost:23 ms
parse block 292664529,cost:37 ms
parse block 292664528,cost:39 ms
parse block 292664527,cost:23 ms
parse block 292664526,cost:38 ms
parse block 292664525,cost:25 ms
parse block 292664524,cost:78 ms
parse block 292664519,cost:23 ms
parse block 292664518,cost:63 ms
parse block 292664517,cost:45 ms
parse block 292664516,cost:33 ms
parse block 292664515,cost:31 ms
parse block 292664514,cost:41 ms
parse block 292664513,cost:37 ms
parse block 292664512,cost:42 ms
parse block 292664511,cost:56 ms
parse block 292664510,cost:44 ms
parse block 292664509,cost:52 ms
parse block 292664508,cost:41 ms
parse block 292664507,cost:32 ms
parse block 292664506,cost:29 ms
parse block 292664505,cost:28 ms
parse block 292664504,cost:57 ms
parse block 292664503,cost:32 ms
parse block 292664502,cost:28 ms
parse block 292664501,cost:35 ms
parse block 292664500,cost:43 ms
parse block 292664499,cost:5 ms
parse block 292664498,cost:18 ms
parse block 292664497,cost:7 ms
parse block 292664496,cost:25 ms
parse block 292664495,cost:21 ms
parse block 292664494,cost:21 ms
parse block 292664493,cost:16 ms
parse block 292664492,cost:39 ms
parse block 292664491,cost:22 ms
parse block 292664490,cost:32 ms
parse block 292664489,cost:67 ms
parse block 292664488,cost:29 ms
parse block 292664487,cost:14 ms
parse block 292664486,cost:37 ms
parse block 292664485,cost:16 ms
parse block 292664484,cost:22 ms
parse block 292664483,cost:34 ms
parse block 292664482,cost:44 ms
parse block 292664481,cost:40 ms
parse block 292664480,cost:32 ms
parse block 292664479,cost:36 ms
parse block 292664478,cost:32 ms
parse block 292664477,cost:28 ms
parse block 292664476,cost:31 ms
parse block 292664475,cost:31 ms
parse block 292664474,cost:18 ms
parse block 292664473,cost:25 ms
parse block 292664472,cost:25 ms
parse block 292664471,cost:41 ms
parse block 292664470,cost:31 ms
parse block 292664469,cost:27 ms
parse block 292664468,cost:37 ms
parse block 292664467,cost:37 ms
parse block 292664466,cost:51 ms
parse block 292664465,cost:42 ms
parse block 292664464,cost:45 ms
parse block 292664463,cost:36 ms
parse block 292664462,cost:40 ms
parse block 292664461,cost:42 ms
parse block 292664460,cost:30 ms
parse block 292664459,cost:41 ms
parse block 292664458,cost:22 ms
parse block 292664457,cost:23 ms
parse block 292664456,cost:39 ms
parse block 292664455,cost:35 ms
parse block 292664454,cost:32 ms
parse block 292664453,cost:19 ms
parse block 292664452,cost:34 ms
parse block 292664451,cost:59 ms
parse block 292664450,cost:32 ms
parse block 292664449,cost:22 ms
parse block 292664448,cost:33 ms
parse block 292664447,cost:39 ms
parse block 292664446,cost:23 ms
parse block 292664445,cost:22 ms
parse block 292664444,cost:13 ms
parse block 292664443,cost:39 ms
parse block 292664442,cost:37 ms
parse block 292664441,cost:30 ms
parse block 292664440,cost:71 ms
parse block 292664439,cost:25 ms
parse block 292664438,cost:24 ms
parse block 292664437,cost:28 ms
parse block 292664436,cost:13 ms
parse block 292664435,cost:35 ms
parse block 292664434,cost:32 ms
parse block 292664433,cost:25 ms
quoteSymbol not support H2s5dPtCyNuuhsTtYJaskaJ8CtKfPnaRta6oDc98JZQR, skipping transaction 4ncEZhPwKahYqEcxzc3XxUz6VVLyunuDUf91USs7ZU9HNyPeXMDDbcVKYR1RBEgTgHwPMjh6EUamQsoYFDfFoDxM
quoteSymbol not support H2s5dPtCyNuuhsTtYJaskaJ8CtKfPnaRta6oDc98JZQR, skipping transaction 2nsBck9jQ2fURUdV1rzxegdd9hNPxJqhiFni6YdrrgvY6tsj5kpLuncj2tYEtDZw5bzqPs1TskvRCHPFJzb8BQX6
quoteSymbol not support BAiSyK6nXENaVJb7CVXbW4nDRsm7qCUfvWgqWMD2pump, skipping transaction kp4ZbhN7Qg2wxfoGB4qMTn9EyopjDMK6KfRVXuxnCYEJuPv3R3VqvNtGpYxAyC3ddSUk3pEpiMXS7JBmJYZGgaZ
Invalid tokenAmount: 0, skipping transaction 67Ya61JhF26SvZatHFKV1SNwV9Hh2GigUFrfpK2ZTNP9MfaZhLJQSEU5fh8HzrozmJv1TNqwn6TLC2eGHrKKqNzG
quoteSymbol not support 3S9eD7qoejgrbNkn12NzW2MUvdofTJJ3noecx1DZpump, skipping transaction XunMPYzHnuaUGMCWGATKMQJXwKsBS2E4eovTbr9LnsSaugSYgKy5DEg8xe1A4w65HMUeTErFYXMckyU5JaK2jXg
quoteSymbol not support ED5nyyWEzpPPiWimP8vYm7sD7TD3LAt3Q3gRTWHzPJBY, skipping transaction 45g8pBdbZ28RbPCaiLdpQxSoVW7XXDvMxJKQqeUFzb9T8RQTvHFfAm12y6AKD1eUfCVYCdTsorhSw7waAiq4BYYi
quoteSymbol not support GouR1Hsi7dMKQ9uttpRquhZkkfnEbokfbCPjkrFR1WRs, skipping transaction 2jNz6bytQ74q53ndqbB7Xx5QM8JbpGkWFiV6gTzB3jGcmaka7sJEN2z672rv2xV9LfWt8vELARkpnFmKNRcogKhU
✅ 插入 5651 条记录到 solana_history_data_new
HIGH PERFORMANCE: parse 96 blocks, cost: 3573 ms
[Port 8014] server total use, cost: 3573 ms
99
parse block 292660332,cost:46 ms
parse block 292660331,cost:30 ms
parse block 292660330,cost:49 ms
parse block 292660329,cost:31 ms
parse block 292660328,cost:42 ms
parse block 292660327,cost:24 ms
parse block 292660326,cost:57 ms
parse block 292660325,cost:25 ms
parse block 292660324,cost:29 ms
parse block 292660323,cost:28 ms
parse block 292660322,cost:33 ms
parse block 292660321,cost:30 ms
parse block 292660320,cost:29 ms
parse block 292660319,cost:65 ms
parse block 292660318,cost:38 ms
parse block 292660317,cost:46 ms
parse block 292660316,cost:51 ms
parse block 292660315,cost:22 ms
parse block 292660314,cost:43 ms
parse block 292660313,cost:20 ms
parse block 292660312,cost:45 ms
parse block 292660311,cost:29 ms
parse block 292660310,cost:24 ms
parse block 292660309,cost:45 ms
parse block 292660308,cost:32 ms
parse block 292660307,cost:58 ms
parse block 292660306,cost:17 ms
parse block 292660305,cost:36 ms
parse block 292660304,cost:37 ms
parse block 292660303,cost:24 ms
parse block 292660302,cost:35 ms
parse block 292660301,cost:33 ms
parse block 292660300,cost:22 ms
parse block 292660299,cost:28 ms
parse block 292660298,cost:17 ms
parse block 292660297,cost:42 ms
parse block 292660296,cost:21 ms
parse block 292660295,cost:25 ms
parse block 292660294,cost:29 ms
parse block 292660293,cost:49 ms
parse block 292660292,cost:34 ms
parse block 292660291,cost:61 ms
parse block 292660290,cost:24 ms
parse block 292660289,cost:23 ms
parse block 292660288,cost:19 ms
parse block 292660287,cost:25 ms
parse block 292660286,cost:32 ms
parse block 292660285,cost:33 ms
parse block 292660284,cost:29 ms
parse block 292660283,cost:33 ms
parse block 292660282,cost:28 ms
parse block 292660281,cost:30 ms
parse block 292660280,cost:28 ms
parse block 292660279,cost:62 ms
parse block 292660278,cost:61 ms
parse block 292660277,cost:12 ms
parse block 292660276,cost:60 ms
parse block 292660275,cost:36 ms
parse block 292660274,cost:26 ms
parse block 292660273,cost:11 ms
parse block 292660272,cost:28 ms
parse block 292660271,cost:56 ms
parse block 292660270,cost:37 ms
parse block 292660269,cost:15 ms
parse block 292660268,cost:45 ms
parse block 292660267,cost:37 ms
parse block 292660266,cost:46 ms
parse block 292660265,cost:39 ms
parse block 292660264,cost:24 ms
parse block 292660263,cost:52 ms
parse block 292660262,cost:33 ms
parse block 292660261,cost:39 ms
parse block 292660260,cost:55 ms
parse block 292660259,cost:28 ms
parse block 292660258,cost:31 ms
parse block 292660257,cost:31 ms
parse block 292660256,cost:29 ms
parse block 292660255,cost:66 ms
parse block 292660254,cost:45 ms
parse block 292660253,cost:58 ms
parse block 292660252,cost:4 ms
parse block 292660251,cost:33 ms
Invalid tokenAmount: 0, skipping transaction 42X6iPzwpNsTJsjvfJToyHrd6qu1icReDkTKVHPvUW4pL9MzoAtD8T4A76YpZBD3PvV1GWq6mct3HKoFqsY1hX8Y
parse block 292660250,cost:13 ms
parse block 292660249,cost:18 ms
parse block 292660248,cost:9 ms
parse block 292660247,cost:59 ms
parse block 292660246,cost:40 ms
parse block 292660245,cost:44 ms
parse block 292660243,cost:7 ms
parse block 292660242,cost:57 ms
parse block 292660241,cost:36 ms
parse block 292660240,cost:31 ms
parse block 292660239,cost:22 ms
parse block 292660238,cost:29 ms
parse block 292660237,cost:39 ms
parse block 292660236,cost:28 ms
parse block 292660235,cost:44 ms
parse block 292660234,cost:49 ms
parse block 292660233,cost:6 ms
quoteSymbol not support 5cVX5zZadatkA5dEouuBXBjMDRqQsiyXVeFZpMr5pump, skipping transaction gs1wCEBQKDGx9nWcDG5RstsxephmbytfSFX3MiwgAKK4HGk5cCN5U685ciWnLz2dQWGyM8zTJGfHnD4kvsMuXeN
quoteSymbol not support 5cVX5zZadatkA5dEouuBXBjMDRqQsiyXVeFZpMr5pump, skipping transaction 54AzC1u9kP1hyKfM33Sow55pfLqNauxL9Rj2CPetBKRG2etKzX4UtYYHbkqMnqb5LsBb25NuJaWdAeR2XtVKGoHx
quoteSymbol not support 5VaPFKEAzyxoWUz9PgvpnsCdT3x6q4YpnHm5zcvPpump, skipping transaction 2W5afnooyKEhEaZgqudjqjok4F7ZELxTZHYZYTedNUfxzsqZRdGno5cohT4cdEfWHfUDjTu3E1TNkyqftAQYwWLf
quoteSymbol not support C8tEY82inN7mgCoBatacvVyeufBd1f1wEdPPtsL4pump, skipping transaction 2M1LJSXnptxdHkZdvDy993aWawRLKUaYUp8RGpQ5wTcoh6XHRKXR17VZ3N962k7ipHGytDGuxuqYrwpihbe54Hwo
Invalid tokenAmount: 0, skipping transaction 5o5qEu8wKPhXcpsWLA1oeGhLydcVsUCd6gwtRfRzRiu5swoAaRaSZUqUVe6DqkYpS2ECBi6x4DMMBxqGqpY3oWC8
quoteSymbol not support C8tEY82inN7mgCoBatacvVyeufBd1f1wEdPPtsL4pump, skipping transaction 61SFtu7BNT5izmLfeU7uV6d3KeWHi2owUJ5YMXinVx6G9D15yUMX4Fya7cTtYqiQdFBj9od1kkUW2CRh3cCaBXjE
quoteSymbol not support 5cVX5zZadatkA5dEouuBXBjMDRqQsiyXVeFZpMr5pump, skipping transaction 5dy2G358sYXuKkyw2jUBFV13G2hzYuiMBYkagA5WYW69V2gMBRUZWfUagYHH6TxJMFBi9EYVYcrapBe89C1YGqFK
quoteSymbol not support 2Vu11jw9bidytFxQuJmc7QDZBrcGJLyZMB2WNTdWpump, skipping transaction X5KWE4NhwrLNm83uRpCdPejyuWiG2StqLyzur825HZsFqpA4oc9ozZbsFKzfVHp4hyuGoT6zBPAySZ635uWLCKf
quoteSymbol not support Fxgdfsy1Z5Mvh53o69s2Ev6TGxtAJ1RQ5RJ5moCpKmQZ, skipping transaction 356xMhzfKimgLzxNSBirLe2kFSgVivWwUsdhc1ubC23pdXPXK181qVdWoFCqRj4WDjLxgMjiCXF8MvLmtDyYUqH1
Invalid tokenAmount: 0, skipping transaction 3NcS2AKuW74jw2Us3m3B1FXcE1VhwvkL13tEzowmRiBkruebU7k1LUXMS5EmGki21f4dhnjiUwGf2o1aPPwUJLfd
Invalid tokenAmount: 0, skipping transaction abU4ogjwRjVTHzzfqdWkvrM34854qZn9S8RZpgU8KkwSHvNDeGB9k9UGB4ueKnKYtLNuGq3YTZNACrxyq2y7r5o
quoteSymbol not support 5cVX5zZadatkA5dEouuBXBjMDRqQsiyXVeFZpMr5pump, skipping transaction 5UdacdgoGmyDbdU4fRfAdBEv17MeoxB5LQQKS4LspTt5jtEvL7oWF99WfmPmSuN71RY1QoB5nTo1mBzo8gMtzHuf
quoteSymbol not support 5cVX5zZadatkA5dEouuBXBjMDRqQsiyXVeFZpMr5pump, skipping transaction 558hHdy73LcWEb1UtEYP5ikvgm7fMRu3Vrv2amYxxsq6eaXR9xeSKPV9PWEnzwABpF3LmXji5HZvZZFGJJ8UuVd5
quoteSymbol not support AZsHEMXd36Bj1EMNXhowJajpUXzrKcK57wW4ZGXVa7yR, skipping transaction 36QiLtAJGCdNGmxEL6c1RqiZeyC6q2zgpkgp2Q1b1hCs7h5G4kPonr5aMawadv9DA6mKhNwqU1aKHWVoh3MD3Rof
✅ 插入 5747 条记录到 solana_history_data_new
HIGH PERFORMANCE: parse 99 blocks, cost: 3780 ms
[Port 8014] server total use, cost: 3780 ms
100
parse block 292659532,cost:27 ms
parse block 292659531,cost:44 ms
parse block 292659530,cost:17 ms
parse block 292659529,cost:28 ms
parse block 292659528,cost:26 ms
parse block 292659527,cost:27 ms
parse block 292659526,cost:25 ms
parse block 292659525,cost:20 ms
parse block 292659524,cost:28 ms
parse block 292659523,cost:40 ms
parse block 292659522,cost:64 ms
parse block 292659521,cost:21 ms
parse block 292659520,cost:20 ms
parse block 292659519,cost:33 ms
parse block 292659518,cost:34 ms
parse block 292659517,cost:43 ms
parse block 292659516,cost:11 ms
parse block 292659515,cost:15 ms
parse block 292659514,cost:39 ms
parse block 292659513,cost:21 ms
parse block 292659512,cost:9 ms
parse block 292659511,cost:27 ms
parse block 292659510,cost:11 ms
parse block 292659509,cost:11 ms
parse block 292659508,cost:18 ms
parse block 292659507,cost:16 ms
parse block 292659506,cost:17 ms
parse block 292659505,cost:3 ms
parse block 292659504,cost:27 ms
parse block 292659503,cost:2 ms
parse block 292659502,cost:15 ms
parse block 292659501,cost:1 ms
parse block 292659500,cost:34 ms
parse block 292659499,cost:10 ms
parse block 292659498,cost:12 ms
parse block 292659497,cost:48 ms
parse block 292659496,cost:21 ms
parse block 292659495,cost:48 ms
parse block 292659494,cost:26 ms
parse block 292659493,cost:16 ms
parse block 292659492,cost:31 ms
parse block 292659491,cost:10 ms
parse block 292659490,cost:6 ms
parse block 292659489,cost:18 ms
parse block 292659488,cost:13 ms
parse block 292659487,cost:10 ms
parse block 292659486,cost:15 ms
parse block 292659485,cost:41 ms
parse block 292659484,cost:11 ms
parse block 292659483,cost:15 ms
parse block 292659482,cost:3 ms
parse block 292659481,cost:20 ms
parse block 292659480,cost:18 ms
parse block 292659479,cost:16 ms
parse block 292659478,cost:32 ms
parse block 292659477,cost:36 ms
parse block 292659476,cost:30 ms
parse block 292659475,cost:41 ms
parse block 292659474,cost:19 ms
parse block 292659473,cost:34 ms
parse block 292659472,cost:52 ms
parse block 292659471,cost:3 ms
parse block 292659470,cost:28 ms
parse block 292659469,cost:31 ms
parse block 292659468,cost:10 ms
parse block 292659467,cost:41 ms
parse block 292659466,cost:26 ms
parse block 292659465,cost:22 ms
parse block 292659464,cost:34 ms
parse block 292659463,cost:21 ms
parse block 292659462,cost:18 ms
parse block 292659461,cost:19 ms
parse block 292659460,cost:13 ms
parse block 292659459,cost:56 ms
parse block 292659458,cost:42 ms
parse block 292659457,cost:63 ms
parse block 292659456,cost:56 ms
parse block 292659455,cost:13 ms
parse block 292659454,cost:15 ms
parse block 292659453,cost:18 ms
parse block 292659452,cost:9 ms
parse block 292659451,cost:34 ms
parse block 292659450,cost:38 ms
parse block 292659449,cost:17 ms
parse block 292659448,cost:45 ms
parse block 292659447,cost:11 ms
parse block 292659446,cost:29 ms
parse block 292659445,cost:16 ms
parse block 292659444,cost:47 ms
parse block 292659443,cost:22 ms
parse block 292659442,cost:15 ms
parse block 292659441,cost:31 ms
parse block 292659440,cost:15 ms
parse block 292659439,cost:24 ms
parse block 292659438,cost:26 ms
parse block 292659437,cost:14 ms
parse block 292659436,cost:21 ms
parse block 292659435,cost:34 ms
parse block 292659434,cost:27 ms
parse block 292659433,cost:29 ms
quoteSymbol not support EAxKcy7iZ7o9LJYdBZ7crLH48tARSkseksToSWnFi5bb, skipping transaction 57D8XB4dEFTTJJFHcWHUSSb2BGGGQzm5kwqCfD3T9tQon76X1V4s28up9ZTKkt67TsemhncEGwx27m9a3MXiZhPT
quoteSymbol not support C8tEY82inN7mgCoBatacvVyeufBd1f1wEdPPtsL4pump, skipping transaction 5PmLouYhR1tBXwBByvjcck45vwLH5dikxjxp8CuG4ktzQbPowcAxTSXqxxKd9EyStrbTjyBhZSWCRfHXr2T2krFj
quoteSymbol not support AZsHEMXd36Bj1EMNXhowJajpUXzrKcK57wW4ZGXVa7yR, skipping transaction 4C12wSzwrxdGAz2MJp5Sf76Vrh6P4DYfgfWmWoHJqyXoybzzmME5LcNC58yjQMFb9mFHDx4sK96ACHT3TcJi3pmz
Invalid tokenAmount: 0, skipping transaction 2WUz2G2WLzaXpkfqjCF6aT82qAs92REHr6XbiuQ6XA34YU1WH9UAZcgzKodSNmssJuN3Q1tm4w2WPrPGNnNWx8Hc
Invalid quoteAddress: undefined, skipping transaction 4mxqaW8cxzhRy7CQTx49K8iLLxWbwz623XfCN98HDSxypgkQvzvrMN4PnW5FZHYDRCUCakuJVbitutAGCDnLYSq2
Invalid quoteAddress: undefined, skipping transaction 3LaxK73hUcmhRmY1jD4dty92BuBP4iFheZnwW8aynaWnuFt9KJwVG2uZ2uv4Gha6MMWe9HGj7KGvRzL2piaH2T98
quoteSymbol not support 7GCihgDB8fe6KNjn2MYtkzZcRjQy3t9GHdC8uHYmW2hr, skipping transaction 5oBDpMJ7DpzTi7c7JgTo5HMvefwJkdUbr153D7Rgw1ZWCz98C7WDwtFQ4nWmRfmunbLhaeXCS8dWWBQuo5HRBcqn
Invalid tokenAmount: 0, skipping transaction 4QBvko7gEaubma6XQfjpDYmkhNf8pkBPA4rHsRgz38j7zPeRDEo3fN7MoxYAeUvySmRjhjNoGALJvbFUFcHLpBV6
quoteSymbol not support C8tEY82inN7mgCoBatacvVyeufBd1f1wEdPPtsL4pump, skipping transaction 2rhymfjRDGUHQYLmRZCCs1ksuzh8NkeC6sZ4THq82JSRsptJBBVgiPH8cW1zYuaAdZnmgvhF85iCqo55n4eV53Xw
✅ 插入 6016 条记录到 solana_history_data_new
HIGH PERFORMANCE: parse 100 blocks, cost: 2843 ms
[Port 8014] server total use, cost: 2860 ms
94
parse block 292654132,cost:33 ms
parse block 292654131,cost:34 ms
parse block 292654130,cost:59 ms
parse block 292654129,cost:16 ms
parse block 292654128,cost:53 ms
parse block 292654127,cost:30 ms
parse block 292654126,cost:19 ms
parse block 292654125,cost:12 ms
parse block 292654124,cost:49 ms
parse block 292654123,cost:37 ms
parse block 292654122,cost:34 ms
parse block 292654121,cost:46 ms
parse block 292654120,cost:37 ms
parse block 292654119,cost:44 ms
parse block 292654118,cost:50 ms
parse block 292654117,cost:8 ms
parse block 292654116,cost:28 ms
parse block 292654115,cost:11 ms
parse block 292654114,cost:55 ms
parse block 292654113,cost:33 ms
parse block 292654112,cost:47 ms
parse block 292654111,cost:22 ms
parse block 292654110,cost:18 ms
parse block 292654109,cost:38 ms
parse block 292654108,cost:33 ms
parse block 292654107,cost:26 ms
parse block 292654106,cost:33 ms
parse block 292654105,cost:42 ms
parse block 292654104,cost:40 ms
parse block 292654103,cost:27 ms
parse block 292654102,cost:36 ms
parse block 292654101,cost:51 ms
parse block 292654100,cost:48 ms
parse block 292654099,cost:36 ms
parse block 292654098,cost:23 ms
parse block 292654097,cost:50 ms
parse block 292654096,cost:56 ms
parse block 292654095,cost:26 ms
parse block 292654094,cost:12 ms
parse block 292654093,cost:15 ms
parse block 292654092,cost:7 ms
parse block 292654091,cost:54 ms
parse block 292654090,cost:60 ms
parse block 292654089,cost:40 ms
parse block 292654088,cost:100 ms
parse block 292654087,cost:8 ms
parse block 292654086,cost:7 ms
parse block 292654085,cost:12 ms
parse block 292654084,cost:14 ms
parse block 292654083,cost:31 ms
parse block 292654082,cost:47 ms
parse block 292654081,cost:44 ms
parse block 292654080,cost:28 ms
parse block 292654079,cost:33 ms
parse block 292654078,cost:24 ms
parse block 292654077,cost:48 ms
parse block 292654076,cost:33 ms
parse block 292654075,cost:62 ms
parse block 292654074,cost:34 ms
parse block 292654073,cost:58 ms
parse block 292654072,cost:5 ms
parse block 292654067,cost:33 ms
parse block 292654066,cost:38 ms
parse block 292654065,cost:24 ms
parse block 292654064,cost:52 ms
parse block 292654063,cost:28 ms
parse block 292654062,cost:9 ms
parse block 292654061,cost:44 ms
parse block 292654060,cost:62 ms
parse block 292654059,cost:36 ms
parse block 292654058,cost:48 ms
parse block 292654057,cost:20 ms
parse block 292654056,cost:40 ms
parse block 292654055,cost:32 ms
parse block 292654054,cost:29 ms
parse block 292654053,cost:29 ms
parse block 292654052,cost:48 ms
parse block 292654051,cost:35 ms
parse block 292654050,cost:26 ms
parse block 292654049,cost:54 ms
parse block 292654048,cost:26 ms
parse block 292654047,cost:81 ms
parse block 292654046,cost:70 ms
parse block 292654045,cost:62 ms
parse block 292654043,cost:13 ms
parse block 292654041,cost:30 ms
parse block 292654040,cost:4 ms
parse block 292654039,cost:31 ms
parse block 292654038,cost:32 ms
parse block 292654037,cost:27 ms
parse block 292654036,cost:37 ms
parse block 292654035,cost:39 ms
parse block 292654034,cost:69 ms
parse block 292654033,cost:72 ms
quoteSymbol not support 7vfCXTUXx5WJV5JADk17DUJ4ksgau7utNKj4b963voxs, skipping transaction 3yZEHZ4Asa6hEztmeUEJTwwEnaHLDxLWo3bKoovR5Nht8YSGZrs7cFo7PAUXUdmFFAnKijMsSUouKhruR4TUrpzi
Invalid tokenAmount: 0, skipping transaction 34iK6sML95c8V4R6LdL6RUvsWKwexGV2UxU1dHvfxgBVeaUwNvKa5h5BhTGLvPUSgqQAu9k1VNaUMZfS54zLTfPH
quoteSymbol not support BZLbGTNCSFfoth2GYDtwr7e4imWzpR5jqcUuGEwr646K, skipping transaction 2CFoq3yAPS4WFdKw58VqMPoYF3gMTGtMJWDjoGBG7DdidbPa3bboc96mzxYVAwkbhP8vzqX9kG2KChgWD5doefj4
✅ 插入 5365 条记录到 solana_history_data_new
HIGH PERFORMANCE: parse 94 blocks, cost: 3775 ms
[Port 8014] server total use, cost: 3775 ms
100
parse block 292652332,cost:25 ms
parse block 292652331,cost:40 ms
parse block 292652330,cost:27 ms
parse block 292652329,cost:14 ms
parse block 292652328,cost:47 ms
parse block 292652327,cost:20 ms
parse block 292652326,cost:22 ms
parse block 292652325,cost:23 ms
parse block 292652324,cost:29 ms
parse block 292652323,cost:36 ms
parse block 292652322,cost:20 ms
parse block 292652321,cost:42 ms
parse block 292652320,cost:26 ms
parse block 292652319,cost:49 ms
parse block 292652318,cost:43 ms
parse block 292652317,cost:27 ms
parse block 292652316,cost:34 ms
parse block 292652315,cost:35 ms
parse block 292652314,cost:22 ms
parse block 292652313,cost:52 ms
parse block 292652312,cost:34 ms
parse block 292652311,cost:37 ms
parse block 292652310,cost:72 ms
parse block 292652309,cost:2 ms
parse block 292652308,cost:36 ms
parse block 292652307,cost:14 ms
parse block 292652306,cost:35 ms
parse block 292652305,cost:36 ms
parse block 292652304,cost:30 ms
parse block 292652303,cost:42 ms
parse block 292652302,cost:51 ms
parse block 292652301,cost:38 ms
parse block 292652300,cost:69 ms
parse block 292652299,cost:21 ms
parse block 292652298,cost:18 ms
parse block 292652297,cost:9 ms
parse block 292652296,cost:16 ms
parse block 292652295,cost:14 ms
parse block 292652294,cost:40 ms
parse block 292652293,cost:30 ms
parse block 292652292,cost:20 ms
parse block 292652291,cost:27 ms
parse block 292652290,cost:46 ms
parse block 292652289,cost:35 ms
parse block 292652288,cost:29 ms
parse block 292652287,cost:29 ms
parse block 292652286,cost:90 ms
parse block 292652285,cost:58 ms
parse block 292652284,cost:14 ms
parse block 292652283,cost:5 ms
parse block 292652282,cost:15 ms
parse block 292652281,cost:11 ms
parse block 292652280,cost:15 ms
parse block 292652279,cost:27 ms
parse block 292652278,cost:41 ms
parse block 292652277,cost:21 ms
parse block 292652276,cost:18 ms
parse block 292652275,cost:20 ms
parse block 292652274,cost:32 ms
parse block 292652273,cost:28 ms
parse block 292652272,cost:48 ms
parse block 292652271,cost:34 ms
parse block 292652270,cost:33 ms
parse block 292652269,cost:27 ms
parse block 292652268,cost:62 ms
parse block 292652267,cost:8 ms
parse block 292652266,cost:20 ms
parse block 292652265,cost:25 ms
parse block 292652264,cost:36 ms
parse block 292652263,cost:37 ms
parse block 292652262,cost:22 ms
parse block 292652261,cost:38 ms
parse block 292652260,cost:28 ms
parse block 292652259,cost:58 ms
parse block 292652258,cost:41 ms
parse block 292652257,cost:41 ms
parse block 292652256,cost:48 ms
parse block 292652255,cost:32 ms
parse block 292652254,cost:12 ms
parse block 292652253,cost:16 ms
parse block 292652252,cost:33 ms
parse block 292652251,cost:67 ms
parse block 292652250,cost:5 ms
parse block 292652249,cost:8 ms
parse block 292652248,cost:29 ms
parse block 292652247,cost:47 ms
parse block 292652246,cost:44 ms
parse block 292652245,cost:23 ms
parse block 292652244,cost:31 ms
parse block 292652243,cost:32 ms
parse block 292652242,cost:18 ms
parse block 292652241,cost:46 ms
parse block 292652240,cost:38 ms
parse block 292652239,cost:45 ms
parse block 292652238,cost:41 ms
parse block 292652237,cost:47 ms
parse block 292652236,cost:50 ms
parse block 292652235,cost:53 ms
parse block 292652234,cost:47 ms
parse block 292652233,cost:51 ms
Invalid tokenAmount: 0, skipping transaction 4VvCcytNYkdjaRDJUi8bQpYHfE5ekbRyDFXVf4VwkZUHq1zVrBg9WKsGVVS2Ha4na1Hw2nEpqLEgoD9ZaTGo9fms
Invalid tokenAmount: 0, skipping transaction DYkcPYLg8mRptRegWsK7nR288NEnmWPSutUfGYQBu3csZi9Sgyuoc8Sv25P2Hu1YoTAQabEfWtgZsP355ksjMWK
quoteSymbol not support 2YR72Qtd4Z4odM9TNXLbdJRCsyYQj13p7FcfNBR8pump, skipping transaction 4QxP4YN44k4SdBJfhXGMiS8BmyhuHjtWSdY1q5BLmJhvh6DUx9KZTkyBVfFhkN2vYwkYnAEnsHYytMgf23ZeKTrn
Invalid tokenAmount: 0, skipping transaction 2XN8soTrb3Ze5Gi926N3RNwyk8taLUiSjq1PVqFoFMuFbPYQyYKcg9VvqiENVSGmBf2Fg3bnP1ZeQAxoWoHEDro2
quoteSymbol not support BiQASes3tDqxP7XqrmVF9BveXLiKgCRQgto1yYGKnGB6, skipping transaction 5pMbXHNntxeQV7xekXiuifLQMYpSN2xsRZwK58r2cdZKMNosmwSz9aa1jp5vg79cnTp8yuLZizciL1pGRyKvV1mT
Invalid tokenAmount: 0, skipping transaction 5nfRrPo2QsoHX9ZYpqcS16FZixj2J3rdk2Y7Mb3m8xon9evTZFX2uJ6azeoJ8YBB6QRwzZRnemSRjveLTadcdRmW
Invalid quoteAddress: undefined, skipping transaction 4h5mDsMPsn9ZDWa6Ji6UACtuVzWWXQ14bdF5xPLrEpmKHxcUBrFc8pkWhkcKN7h8XYfoy6wygZULVG2dgPRg7cn
quoteSymbol not support 138RzLZngh2tS7YFbj1WKkMBqboECz8DqeVjAmtYpump, skipping transaction 4ofLB7Z13yvQz1Qh43wJZXpGzc6QrC8cYRri9nQAV6QUwJrmYAHCzV99qc9WYvbjFwzayhbwUMWQZEodQYHfhie8
quoteSymbol not support poLisWXnNRwC6oBu1vHiuKQzFjGL4XDSu4g9qjz9qVk, skipping transaction 4f9owrBvvLmvsEzva6gfiypW25LN1BQY2ay9FSRZojA9zKTyFwUR3eC2nBuBKNRjPttPpRTonxCcBZ9qyg553UG8
Invalid tokenAmount: 0, skipping transaction 55Bj1ECmjM6yGkaTkzd6pVnv3VnP7uDpDEiViHN81PYGbDsMbmg2tnmBVNeJydffnxmXgnkAZMGgH6wwV2uS8BUN
✅ 插入 5734 条记录到 solana_history_data_new
HIGH PERFORMANCE: parse 100 blocks, cost: 3647 ms
[Port 8014] server total use, cost: 3648 ms
100
parse block 292647932,cost:68 ms
parse block 292647931,cost:35 ms
parse block 292647930,cost:23 ms
parse block 292647929,cost:21 ms
parse block 292647928,cost:14 ms
parse block 292647927,cost:55 ms
parse block 292647926,cost:34 ms
parse block 292647925,cost:31 ms
parse block 292647924,cost:34 ms
parse block 292647923,cost:38 ms
parse block 292647922,cost:30 ms
parse block 292647921,cost:25 ms
parse block 292647920,cost:67 ms
parse block 292647919,cost:18 ms
parse block 292647918,cost:28 ms
parse block 292647917,cost:41 ms
parse block 292647916,cost:67 ms
parse block 292647915,cost:19 ms
parse block 292647914,cost:28 ms
parse block 292647913,cost:24 ms
parse block 292647912,cost:40 ms
parse block 292647911,cost:23 ms
parse block 292647910,cost:21 ms
parse block 292647909,cost:25 ms
parse block 292647908,cost:45 ms
parse block 292647907,cost:8 ms
parse block 292647906,cost:40 ms
parse block 292647905,cost:38 ms
parse block 292647904,cost:27 ms
parse block 292647903,cost:40 ms
parse block 292647902,cost:10 ms
parse block 292647901,cost:37 ms
parse block 292647900,cost:49 ms
parse block 292647899,cost:46 ms
parse block 292647898,cost:41 ms
parse block 292647897,cost:41 ms
parse block 292647896,cost:40 ms
parse block 292647895,cost:34 ms
parse block 292647894,cost:6 ms
parse block 292647893,cost:33 ms
parse block 292647892,cost:25 ms
parse block 292647891,cost:33 ms
parse block 292647890,cost:28 ms
parse block 292647889,cost:24 ms
parse block 292647888,cost:29 ms
parse block 292647887,cost:24 ms
parse block 292647886,cost:61 ms
parse block 292647885,cost:19 ms
parse block 292647884,cost:47 ms
parse block 292647883,cost:24 ms
parse block 292647882,cost:44 ms
parse block 292647881,cost:36 ms
parse block 292647880,cost:46 ms
parse block 292647879,cost:43 ms
parse block 292647878,cost:25 ms
parse block 292647877,cost:25 ms
parse block 292647876,cost:49 ms
parse block 292647875,cost:25 ms
parse block 292647874,cost:63 ms
parse block 292647873,cost:48 ms
parse block 292647872,cost:23 ms
parse block 292647871,cost:23 ms
parse block 292647870,cost:36 ms
parse block 292647869,cost:24 ms
parse block 292647868,cost:58 ms
parse block 292647867,cost:30 ms
parse block 292647866,cost:41 ms
parse block 292647865,cost:7 ms
parse block 292647864,cost:30 ms
parse block 292647863,cost:35 ms
parse block 292647862,cost:24 ms
parse block 292647861,cost:29 ms
parse block 292647860,cost:27 ms
parse block 292647859,cost:45 ms
parse block 292647858,cost:26 ms
parse block 292647857,cost:27 ms
parse block 292647856,cost:36 ms
parse block 292647855,cost:12 ms
parse block 292647854,cost:9 ms
parse block 292647853,cost:38 ms
parse block 292647852,cost:25 ms
parse block 292647851,cost:47 ms
parse block 292647850,cost:38 ms
parse block 292647849,cost:22 ms
parse block 292647848,cost:53 ms
parse block 292647847,cost:52 ms
parse block 292647846,cost:21 ms
parse block 292647845,cost:22 ms
parse block 292647844,cost:51 ms
parse block 292647843,cost:59 ms
parse block 292647842,cost:52 ms
parse block 292647841,cost:18 ms
parse block 292647840,cost:26 ms
parse block 292647839,cost:27 ms
parse block 292647838,cost:25 ms
parse block 292647837,cost:66 ms
parse block 292647836,cost:28 ms
parse block 292647835,cost:34 ms
parse block 292647834,cost:20 ms
parse block 292647833,cost:31 ms
Invalid tokenAmount: 0, skipping transaction 4pmCG5dhuunJ64Zj2usYuio9RXDAwif4uaF1eZF2d6WPae6VHVraW4CaKF2VuM1EoDDt6Xctuq2kaYAiUcNYcDM5
quoteSymbol not support ED5nyyWEzpPPiWimP8vYm7sD7TD3LAt3Q3gRTWHzPJBY, skipping transaction 5HFfHADYjF5mAt3swDAQm6DXq8J3y5GcyMpUmV1oZ8wPJKQVvA26pXxvV2Jssb4tedfr23iAaW1y7Ktp3bZYRphs
Invalid quoteAmount: 0, skipping transaction 4NkymcoMQgjpknrSeLPQfxbeVw5z4AGqQY4LVhi4EYQ61p7Buedha23R2deSTpsGkVHRye2Ny9Hr12ZhiqGKULmp
quoteSymbol not support 8cFj6QHhoXPC6UpCHXewQFfTCJGAyWdiqWAFu1s3YSau, skipping transaction 44BtqHVf8YfkyJNGzZvcdnP4gLDRB8HV7SMLYXFzZN2Gtp2LsnxfAzJWfQAqKtoeshc212TsZb4tBRGEkqSVazP5
quoteSymbol not support ED5nyyWEzpPPiWimP8vYm7sD7TD3LAt3Q3gRTWHzPJBY, skipping transaction 3S7BBQ2KvSe6EfifoRhPbb8DnVE56e8zNbSXgeaePCRiLyotJWRH2GEfnAfvfQYSJi1HBi8vf9BCapXcGAycx557
Invalid tokenAmount: 0, skipping transaction 24jZ5zEH3P4iFz6TrbP7PqExcqW6L1o14hE86GNMYbebNW2RydtWuzVDcuAh8hArdLGwAWMbXLNbt2SJs3fmktcv
Invalid tokenAmount: 0, skipping transaction 67YSU2Dpz8WUDeBuVkx6zebAyxws5CY2xhqo1yBuikah77UFmakQLpSWb4g76XT1RDE8tkouFmtC4FjojMrLCtKy
quoteSymbol not support H8LW3afnmHYhvhLydBPsFNfUF1JTPpNt6VoeYzutpump, skipping transaction 29uY4yvvHZoCMthTXhyy2CcfBQHGk5gGefUE7U4f9s2vqd6RZHRdNXm9Dqwv6byNycrb7zcf6FrrBrsmairUhXss
quoteSymbol not support 62CsquahdQ3J286G9UTqV6whxryfihdV4yg7kSJnpump, skipping transaction 1q59H1ni5X2KHXmgBbDZ2ECThvoBB3dY4wMBhimEcFgaZHyXXnNxpwGMiHUQWUpn4BGjYTGvRt2wjmL5snCkVES
quoteSymbol not support 8Lqgcs9hhbu49iwwFReDhNWQVJfnENpG4JGx9Afvpump, skipping transaction 46b9A1DcPKeUXCRkopxggW2k6fv18h3RJKZpf2FAg4PDDF2Arp3cSSEAr4sS4T3PYyuHG4sEjbSktbhqgqhbHwZK
✅ 插入 4859 条记录到 solana_history_data_new
HIGH PERFORMANCE: parse 100 blocks, cost: 3714 ms
[Port 8014] server total use, cost: 3714 ms
100
parse block 292645932,cost:56 ms
parse block 292645931,cost:15 ms
parse block 292645930,cost:31 ms
parse block 292645929,cost:16 ms
parse block 292645928,cost:7 ms
parse block 292645927,cost:30 ms
parse block 292645926,cost:19 ms
parse block 292645925,cost:26 ms
parse block 292645924,cost:23 ms
parse block 292645923,cost:41 ms
parse block 292645922,cost:33 ms
parse block 292645921,cost:18 ms
parse block 292645920,cost:32 ms
parse block 292645919,cost:27 ms
parse block 292645918,cost:44 ms
parse block 292645917,cost:31 ms
parse block 292645916,cost:15 ms
parse block 292645915,cost:39 ms
parse block 292645914,cost:27 ms
parse block 292645913,cost:41 ms
parse block 292645912,cost:23 ms
parse block 292645911,cost:31 ms
parse block 292645910,cost:28 ms
parse block 292645909,cost:36 ms
parse block 292645908,cost:15 ms
parse block 292645907,cost:22 ms
parse block 292645906,cost:32 ms
parse block 292645905,cost:24 ms
parse block 292645904,cost:47 ms
parse block 292645903,cost:49 ms
parse block 292645902,cost:19 ms
parse block 292645901,cost:24 ms
parse block 292645900,cost:31 ms
parse block 292645899,cost:31 ms
parse block 292645898,cost:13 ms
parse block 292645897,cost:39 ms
parse block 292645896,cost:24 ms
parse block 292645895,cost:20 ms
parse block 292645894,cost:36 ms
parse block 292645893,cost:32 ms
parse block 292645892,cost:61 ms
parse block 292645891,cost:18 ms
parse block 292645890,cost:62 ms
parse block 292645889,cost:10 ms
parse block 292645888,cost:8 ms
parse block 292645887,cost:29 ms
parse block 292645886,cost:25 ms
parse block 292645885,cost:30 ms
parse block 292645884,cost:26 ms
parse block 292645883,cost:32 ms
parse block 292645882,cost:26 ms
parse block 292645881,cost:25 ms
parse block 292645880,cost:32 ms
parse block 292645879,cost:40 ms
parse block 292645878,cost:27 ms
parse block 292645877,cost:42 ms
parse block 292645876,cost:32 ms
parse block 292645875,cost:20 ms
parse block 292645874,cost:27 ms
parse block 292645873,cost:20 ms
parse block 292645872,cost:31 ms
parse block 292645871,cost:31 ms
parse block 292645870,cost:27 ms
parse block 292645869,cost:7 ms
parse block 292645868,cost:42 ms
parse block 292645867,cost:26 ms
parse block 292645866,cost:63 ms
parse block 292645865,cost:80 ms
parse block 292645864,cost:51 ms
parse block 292645863,cost:41 ms
parse block 292645862,cost:26 ms
parse block 292645861,cost:23 ms
parse block 292645860,cost:68 ms
parse block 292645859,cost:23 ms
parse block 292645858,cost:13 ms
parse block 292645857,cost:33 ms
parse block 292645856,cost:40 ms
parse block 292645855,cost:13 ms
parse block 292645854,cost:24 ms
parse block 292645853,cost:25 ms
parse block 292645852,cost:20 ms
parse block 292645851,cost:14 ms
parse block 292645850,cost:53 ms
parse block 292645849,cost:15 ms
parse block 292645848,cost:32 ms
parse block 292645847,cost:28 ms
parse block 292645846,cost:45 ms
parse block 292645845,cost:30 ms
parse block 292645844,cost:31 ms
parse block 292645843,cost:28 ms
parse block 292645842,cost:25 ms
parse block 292645841,cost:46 ms
parse block 292645840,cost:59 ms
parse block 292645839,cost:8 ms
parse block 292645838,cost:4 ms
parse block 292645837,cost:21 ms
parse block 292645836,cost:37 ms
parse block 292645835,cost:17 ms
parse block 292645834,cost:21 ms
parse block 292645833,cost:31 ms
Invalid quoteAmount: 0, skipping transaction 2XVYy9cKJafN4PTVHdzP8tuw2xQ2M85uoLSFrExCX8Kdkf7iPhqjCBSVJr1rEDw7QrCngjHh4nhu5eK1LhNLm1Fs
Invalid tokenAmount: 0, skipping transaction 2ftMZfdgJEbDpqzAx6Jh37q64HHpXoLR4w2PySwA4kkobuoUdwa2LfNT87rgiUx4uWhJene1eZfPSEpDjWB2racx
quoteSymbol not support EGFr9UhnGqENjD1gb5qNLyNFCwTryjY6kWT5HQMZyhBz, skipping transaction 4gw8Y6BqiaCJC8zgLxeQLCpYFWbNgis8BivXAJ1m5TuZbTTo6vZLoiBP6SqzZgUmzQ6YmtzZMRTrDZ4DVAeucmWr
quoteSymbol not support 4kp3tFvBD3X1QeG9PkcJmJL6QaoxTTMUvbSDJhJqpump, skipping transaction 2PN7ktgFVeTSTEwmjw5xXwCT9rq78LcWatqnRKxqtvX9nW62u2JGrgfSqhjpkHnq4DKyXu1Expbmo93rqVnRGcmg
quoteSymbol not support H8LW3afnmHYhvhLydBPsFNfUF1JTPpNt6VoeYzutpump, skipping transaction 5SWTJk6WJ5wAGPSvqTh1rwFKgU9rPoGW1fgcnawDfEvG6n2HmnPwKphCjJKTBgx12C3Tos45ZeFMgSatA1KE57v4
Invalid tokenAmount: 0, skipping transaction 4ZPNB66VxT86o8PTCzT8j3b6G3bfk4Zu5jWFLpw3HNKbsRh8YMRp7zXpWKJakvZZerrEyeK6tQnz2ydcS9f7zct7
Invalid tokenAmount: 0, skipping transaction 3FF9JRtbLE8GJMKpKLPXvt5KuUMrne3CwCDoZavggwEao2Yq2u1oQ6anK1BWCpoohGEHCGmRCZAhhAaq3xwvWzRv
Invalid quoteAmount: 0, skipping transaction 4fbCkEg1JufFfsWpKQsFhmjgEKapdchP5bTwe4pmnyWkYESzAj9RgSKnAdM4UrRmQ7RVXVqPLcTYiEJ2FRcBzSPa
Invalid tokenAmount: 0, skipping transaction 5UPnRzJmHFvjYAT3NHa2hoZ7c8kAMxpsTW6MCzHULje4zX9vUafExZPfXijJQmk5p3JshkSMNrndGd1p5ZBxvjEq
Invalid tokenAmount: 0, skipping transaction 4ow5CYzvzq2NU6KA4pzB1Hb4K6XXVCT1eZZL6YDDnbar7XDeghou31yEDPWMdySbRWXUFany68vaPcW4cdU1gaXe
quoteSymbol not support EGFr9UhnGqENjD1gb5qNLyNFCwTryjY6kWT5HQMZyhBz, skipping transaction 2V4TpBhhjJ1zrg4oMXFUti3JREhJ8ywM4H8xszwruowKyiBS834S5dVCmxvJ89ir5HTFDMAY6ejAbZqueTg656uy
quoteSymbol not support 4kp3tFvBD3X1QeG9PkcJmJL6QaoxTTMUvbSDJhJqpump, skipping transaction 49ncWrzu5cmF9MeniNs3Uu9W5ckKK1z5cWvoPpaqtYKp5MYUxn2AHmiEz8wCfzHXeA5ZroTKar8NNF8iopr1aMHH
Invalid tokenAmount: 0, skipping transaction Hg5tA5xUPdsfcYnNeYFDJoASAyo87LqWfm8c8T3zNok99tJewZ12YbYnxT25ouGKseanaLDGSRcth6cbLxtymkF
✅ 插入 5008 条记录到 solana_history_data_new
HIGH PERFORMANCE: parse 100 blocks, cost: 3339 ms
[Port 8014] server total use, cost: 3340 ms
100
parse block 324449633,cost:18 ms
parse block 324449632,cost:23 ms
parse block 324449631,cost:19 ms
parse block 324449630,cost:17 ms
parse block 324449629,cost:21 ms
parse block 324449628,cost:26 ms
parse block 324449627,cost:29 ms
parse block 324449626,cost:28 ms
parse block 324449625,cost:15 ms
parse block 324449624,cost:30 ms
parse block 324449623,cost:50 ms
parse block 324449622,cost:32 ms
parse block 324449621,cost:25 ms
parse block 324449620,cost:20 ms
parse block 324449619,cost:23 ms
parse block 324449618,cost:11 ms
parse block 324449617,cost:24 ms
parse block 324449616,cost:25 ms
parse block 324449615,cost:24 ms
parse block 324449614,cost:26 ms
parse block 324449613,cost:71 ms
parse block 324449612,cost:30 ms
parse block 324449611,cost:14 ms
parse block 324449610,cost:17 ms
parse block 324449609,cost:10 ms
parse block 324449608,cost:28 ms
parse block 324449607,cost:11 ms
parse block 324449606,cost:23 ms
parse block 324449605,cost:21 ms
parse block 324449604,cost:67 ms
parse block 324449603,cost:14 ms
parse block 324449602,cost:18 ms
parse block 324449601,cost:27 ms
parse block 324449600,cost:27 ms
parse block 324449599,cost:19 ms
parse block 324449598,cost:22 ms
parse block 324449597,cost:29 ms
parse block 324449596,cost:17 ms
parse block 324449595,cost:48 ms
parse block 324449594,cost:31 ms
parse block 324449593,cost:20 ms
parse block 324449592,cost:18 ms
parse block 324449591,cost:19 ms
parse block 324449590,cost:25 ms
parse block 324449589,cost:14 ms
parse block 324449588,cost:18 ms
parse block 324449587,cost:44 ms
parse block 324449586,cost:17 ms
parse block 324449585,cost:43 ms
parse block 324449584,cost:23 ms
parse block 324449583,cost:22 ms
parse block 324449582,cost:13 ms
parse block 324449581,cost:17 ms
parse block 324449580,cost:12 ms
parse block 324449579,cost:19 ms
parse block 324449578,cost:18 ms
parse block 324449577,cost:18 ms
parse block 324449576,cost:60 ms
parse block 324449575,cost:23 ms
parse block 324449574,cost:15 ms
parse block 324449573,cost:22 ms
parse block 324449572,cost:16 ms
parse block 324449571,cost:16 ms
parse block 324449570,cost:27 ms
parse block 324449569,cost:15 ms
parse block 324449568,cost:34 ms
parse block 324449567,cost:13 ms
parse block 324449566,cost:59 ms
parse block 324449565,cost:22 ms
parse block 324449564,cost:24 ms
parse block 324449563,cost:19 ms
parse block 324449562,cost:13 ms
parse block 324449561,cost:38 ms
parse block 324449560,cost:24 ms
parse block 324449559,cost:25 ms
parse block 324449558,cost:16 ms
parse block 324449557,cost:31 ms
parse block 324449556,cost:53 ms
parse block 324449555,cost:10 ms
parse block 324449554,cost:28 ms
parse block 324449553,cost:16 ms
parse block 324449552,cost:44 ms
parse block 324449551,cost:20 ms
parse block 324449550,cost:18 ms
parse block 324449549,cost:19 ms
parse block 324449548,cost:32 ms
parse block 324449547,cost:16 ms
parse block 324449546,cost:38 ms
parse block 324449545,cost:33 ms
parse block 324449544,cost:25 ms
parse block 324449543,cost:24 ms
parse block 324449542,cost:19 ms
parse block 324449541,cost:23 ms
parse block 324449540,cost:21 ms
parse block 324449539,cost:45 ms
parse block 324449538,cost:26 ms
parse block 324449537,cost:12 ms
parse block 324449536,cost:43 ms
parse block 324449535,cost:19 ms
parse block 324449534,cost:15 ms
quoteSymbol not support 5pPkhLEJDMFDHUuE1wW5os5YJeyNUDVmih1DKgMFpB38, skipping transaction 4m3bkD7CuvwtaDpvPxZ8yCpcT18CojvVPzkKpL9XLdtbumQPDCYuUXjWk3dMAoevDKdsqiNUxC1VFPpBZ6g1fDDJ
quoteSymbol not support Da2PnDeVD1o7By8vLA4VZfEibtExUdHsFx8qeQUYpump, skipping transaction GbGJY7W2WfW4evELaHT6qNUZCswnj811LSpE813Wxu7YVWf26J2nvnErKHhJqMEw5mZARaFwBjynqYGgJdKAtYF
quoteSymbol not support JDVNrJdKdjAMqVAx8NvZ5952ve3B6DDxZz7B4hyJM5nA, skipping transaction 4P1GjiFyQgNDmtt2rQ6YyUjDPBfeyXKxT9DVYKecnobQH8JdoPsH94M8ymiwvfLyikYmJBwUEqEGKaUR3QUDCRes
quoteSymbol not support 6XUyaPQ6sgrR5wrQYQv2ppcZznPDFfTgbkiUac8pqT3z, skipping transaction 4yPeEUBiKSMfHB71Wn47fjmyNzdyDXeYK8aEr19q3N6FXmnxqtyYZ2skbhFtLLV3m2eYs2gyvtM8QTUCMD56giiE
quoteSymbol not support Ddm4DTxNZxABUYm2A87TFLY6GDG2ktM2eJhGZS3EbzHM, skipping transaction 7xNDzvSuDe2LTUsfWVvYQbVhqTobJFmvYMq55RfdRHmvoCvWkTTLZm5s1idYTmrpLKWrg5YPTNBREG87KZUvArz
quoteSymbol not support 5pPkhLEJDMFDHUuE1wW5os5YJeyNUDVmih1DKgMFpB38, skipping transaction 5xEE2KVd7xf5Wd1JAfpbqRCcpkJ2dzxdXAxikvw5bbfC8eyKcabM2gErXzQ5YEY47F5hhZU1wW5mYfDthinqcxQz
quoteSymbol not support FyRpkWS29Qzf6GBi7ns36jjPj6UbSGX4MnJhpgrapump, skipping transaction 3M3MQ6N5fEjQ5KpbjrfCYtqL2K2147FwmjN5PBtvWzEoeDjvQ8B7aa9oP21cENv8rtviJJNCz2YquRoXG5yFGgSb
quoteSymbol not support 5pPkhLEJDMFDHUuE1wW5os5YJeyNUDVmih1DKgMFpB38, skipping transaction 3kGAvKiWhkTEGszxmtQyz4ijJGqwsXmnyTyuWq1zKgPvxUJumz6p2fNejPa5svRaH99c88E67yBEJBSSgFNSGFTe
quoteSymbol not support 7gjWKuKQ7cK9Xdd8fQzj954h43roTRfNxcSVFyCkTBxe, skipping transaction 4YSwndESMcM26M658a6UWH6WopzeZAVFT1zm3bZqwecf5mDxnV85hzqTSoBuPpbY1RVZWPXrKSQiqsRYzLCzEQAJ
quoteSymbol not support FX893cZgNNopgLssL7KRLZrRUQh5jeNeJaaKW9nHD9sC, skipping transaction Cmtacejvk9oFsbBYCZgcr6F4omhbPA66rrmJN8eQbuVVrfbGHJGjqUsDbEnqdxhN3bHn4cFYka7fbefJtWhTNKQ
quoteSymbol not support BABrNVTWCpsxR6L9bkwskefHrXo4Smu4Yv3qH6atpump, skipping transaction 2rq2QR12EuDBRxVx3UG3W2SW8KzxjmHtLsRCzdRs4rRUbJ8nLGseUQaSPGQzqmtk7fgdcwiM6QAkJbkdDC774YB9
✅ 插入 8277 条记录到 solana_history_data_new
HIGH PERFORMANCE: parse 100 blocks, cost: 2936 ms
[Port 8014] server total use, cost: 2949 ms
100
parse block 324445533,cost:29 ms
parse block 324445532,cost:27 ms
parse block 324445531,cost:23 ms
parse block 324445530,cost:22 ms
parse block 324445529,cost:52 ms
parse block 324445528,cost:41 ms
parse block 324445527,cost:17 ms
parse block 324445526,cost:10 ms
parse block 324445525,cost:14 ms
parse block 324445524,cost:33 ms
parse block 324445523,cost:10 ms
parse block 324445522,cost:20 ms
parse block 324445521,cost:21 ms
parse block 324445520,cost:24 ms
parse block 324445519,cost:16 ms
parse block 324445518,cost:9 ms
parse block 324445517,cost:25 ms
parse block 324445516,cost:27 ms
parse block 324445515,cost:17 ms
parse block 324445514,cost:20 ms
parse block 324445513,cost:47 ms
parse block 324445512,cost:15 ms
parse block 324445511,cost:29 ms
parse block 324445510,cost:28 ms
parse block 324445509,cost:16 ms
parse block 324445508,cost:16 ms
parse block 324445507,cost:13 ms
parse block 324445506,cost:26 ms
parse block 324445505,cost:14 ms
parse block 324445504,cost:43 ms
parse block 324445503,cost:14 ms
parse block 324445502,cost:38 ms
parse block 324445501,cost:27 ms
parse block 324445500,cost:19 ms
parse block 324445499,cost:27 ms
parse block 324445498,cost:12 ms
parse block 324445497,cost:22 ms
parse block 324445496,cost:20 ms
parse block 324445495,cost:15 ms
parse block 324445494,cost:48 ms
parse block 324445493,cost:16 ms
parse block 324445492,cost:26 ms
Invalid quoteAddress: undefined, skipping transaction 3BfCpce6GistaKQfT2kqNFDzuoJqYUpgqEfKUu6smyithQZNpE3Qmmy3cBXxhQcJvDJ5y4yu1RGspvGEptZEWur5
parse block 324445491,cost:11 ms
parse block 324445490,cost:19 ms
parse block 324445489,cost:16 ms
parse block 324445488,cost:23 ms
parse block 324445487,cost:33 ms
parse block 324445486,cost:39 ms
parse block 324445485,cost:27 ms
parse block 324445484,cost:33 ms
parse block 324445483,cost:46 ms
parse block 324445482,cost:25 ms
parse block 324445481,cost:23 ms
parse block 324445480,cost:26 ms
parse block 324445479,cost:25 ms
parse block 324445478,cost:22 ms
parse block 324445477,cost:27 ms
parse block 324445476,cost:23 ms
parse block 324445475,cost:17 ms
parse block 324445474,cost:33 ms
parse block 324445473,cost:34 ms
parse block 324445472,cost:17 ms
parse block 324445471,cost:20 ms
parse block 324445470,cost:26 ms
parse block 324445469,cost:21 ms
parse block 324445468,cost:15 ms
parse block 324445467,cost:17 ms
parse block 324445466,cost:23 ms
parse block 324445465,cost:20 ms
parse block 324445464,cost:49 ms
parse block 324445463,cost:23 ms
parse block 324445462,cost:15 ms
parse block 324445461,cost:22 ms
parse block 324445460,cost:29 ms
parse block 324445459,cost:19 ms
parse block 324445458,cost:15 ms
parse block 324445457,cost:21 ms
parse block 324445456,cost:15 ms
parse block 324445455,cost:11 ms
parse block 324445454,cost:44 ms
parse block 324445453,cost:35 ms
parse block 324445452,cost:13 ms
parse block 324445451,cost:15 ms
parse block 324445450,cost:26 ms
parse block 324445449,cost:13 ms
parse block 324445448,cost:38 ms
parse block 324445447,cost:13 ms
parse block 324445446,cost:19 ms
parse block 324445445,cost:39 ms
parse block 324445444,cost:78 ms
parse block 324445443,cost:9 ms
parse block 324445442,cost:22 ms
parse block 324445441,cost:20 ms
parse block 324445440,cost:14 ms
parse block 324445439,cost:23 ms
parse block 324445438,cost:14 ms
parse block 324445437,cost:31 ms
parse block 324445436,cost:25 ms
parse block 324445435,cost:20 ms
parse block 324445434,cost:36 ms
quoteSymbol not support 2zto592G38BUK7t7E9ULfHnUfidXFZtYxiiE69fEpump, skipping transaction 2hf9mEEQXBDbWwvbpxZabC9KXkEQ7R1px4Bk8AokEDp2zwZ5u51Wpg3vTCXzjtRoMbQxLTSkf3gFGHyzLv36FEpN
Invalid quoteAddress: undefined, skipping transaction 3kgapUQ3gNC1GGrxMA12q9eYPZVZJmXtUakHyNC6Yz4Zdd1o6v975za4WFi6LzbHbiRU66d7bkytE4oLkQqEG97e
Invalid tokenAmount: 0, skipping transaction 2nYv5VTUXQvmgUCqLC6q5MyvvZNyR2yPTxqZwEE7Uqt57NQQaeQYqWXCqxk2TT5FgRpYMCAkCy9S3TkFtaNUDDgE
Invalid quoteAddress: undefined, skipping transaction 39yqDFsuBcz2e6VvS6dyA7VUwdQTyRYidhWPN5ZhR28EgQcvgM6QoWwpECL8CoiCYePWfJJPYkD9kWYGrao6pdX6
quoteSymbol not support 7iMwcVdoQResYL8R7FzWueiRkg9TDj44rLfq5uTmBULL, skipping transaction 3LDLHv1PdornT5VoNPAtPRCr67oewYQPLFtRPNoSw7AFLK1gXyF1iS28haPZyit7DUgARRZTRjVVy97LkuoXcX6J
quoteSymbol not support J6PoGZZ3T2VMCuAR6TQE3BUGczg673JmMBkKgASdpump, skipping transaction 4xVYdTi5KYBGxaptmQzfscmMCGxs7yAFTxwd2XvaQnRuTfHjeBAaNjSQd8DvxigjirQ5ykmmZJvZRcddJxwu7wnM
quoteSymbol not support J6PoGZZ3T2VMCuAR6TQE3BUGczg673JmMBkKgASdpump, skipping transaction 46kErpGwVnJaNqkjKKadXYHNt3UK1hj8emEJQwjDmBbnAXoQwNJRMwDobF12QXsX3szQDbTaP4CztFjCEJ4oe7XT
Invalid tokenAmount: 0, skipping transaction 48NdvuRUvWDFibwxKX97PqixhGsg4pGsnraFweNcH1Ea3iiGVYgzyScQ2msSrbrjPgUQMXXfk6UzuvZqJVQjHNqn
Invalid quoteAddress: undefined, skipping transaction 5ZYLPqSSCc6T4XUeC8w2GV92f1MTFPwHLkQHyyHJYpJyZfhJ6Wn6EHJa6dtqF5B3WVrG6kAPauq8K9ZY7QPNBgAa
quoteSymbol not support 8s81BPYFpKe6oT2Az8JsWJUeV8j4H3Ns3EJfbFuBy3cu, skipping transaction CzPFVBn18MkF3sPVUGjj5bjWd7vujr7UKzRVzic2cKDMcRKGVU6Pw4Qn3hg4C2Js6pmNzPVcPvfmNynau9Z4d9h
quoteSymbol not support 8x5VqbHA8D7NkD52uNuS5nnt3PwA8pLD34ymskeSo2Wn, skipping transaction 4kyxyMCGr9MZiRTafJnCvWPkEyi8zX9GXHGNwAtJmozBAhTQu77fc2NgjExf6V2r7D8wd3qRw5Gcnu3vRVnP5jcR
Invalid quoteAddress: undefined, skipping transaction 3EdzYiSBniaEoDhJQ6kzqJ1X9RXFBTRfXX8QEFJ2eb4UcnAiDSe87qfSJ5Xy6EBZNci3aEpZrcift42UTodrt15N
Invalid tokenAmount: 0, skipping transaction 2SCPRh7yZSxAKcJyaGZXLFJLRGivbx1qAJ7NK2X5QKvUbqZA8h9J3WtYHzL14bioKXmcGzBNR5U6XXaSss5dp73Y
Invalid quoteAmount: 0, skipping transaction 5MNotyWPtEMpEu7nKRvDwVWfEemYfnqKrUAZ8vEyUueaEzmaYBnZn5Une2QvH2PkAz3wJVHLjRjYgk3gsq5LiPpq
Invalid tokenAmount: 0, skipping transaction 4y4mqEZ2NpBJvG1Dhz7EN54qFrQXShnaJtUYJR3FBQurUd7Jvd8kuuy7cEkP7tfFRjhcB9DfA1YbLnhZnWmw22Pa
Invalid quoteAmount: 0, skipping transaction 4a1gjimU8nEJ6uuBXB76uV76DUYNt1bR988mzUSREnjRrf5t5EETh7JQ62txPejhboSLutVasZMnCtUoCtKVSLrL
Invalid tokenAmount: 0, skipping transaction 57pfNCrmgT1PC9HuQgGTCvnSM7Xse26ow5NHSfoDUhbh4eMbSVr7qx8dQofMRaEHQ9g1wzBGCQhCuPyHFn51upaP
Invalid tokenAmount: 0, skipping transaction 5frFX1wePmDH1HsqWxi31WjnfUQa6fzPcamsRPJ9GaQGjuhYy9X64zKQ82pzcnUAdSybWmmpuEQhqYjWB86NV3rM
quoteSymbol not support 2zMMhcVQEXDtdE6vsFS7S7D5oUodfJHE8vd1gnBouauv, skipping transaction 3F2UFX1WNfrxUK5F8CRF5J2tsMdg9iq5qhTnyVBNWFre2yJxEu1Dq45gvZtxy5G5EHsTtd7Z9E2zzo24f5WPpkmn
Invalid quoteAddress: undefined, skipping transaction htgZW4qKUrS4Bw4aLRMWkwxyQ4ucQ8DLySQU1NFLFLHtPGxHU79DqhYQWe48MbA9SprXxWaTLLL2SNLgoP9yaLH
Invalid quoteAddress: undefined, skipping transaction 2sRwwrhUefQjeFetBghwMdN4MPtc17cVZtHMUzEPjmgazPXvb4FU8Sb9Uhum1YkDCUUsVJ3ojzF79CNFpxbqjCLZ
quoteSymbol not support BhwwEnvzsEdncGWdDZv2airsw1HZVbRBBGfYhgZfpump, skipping transaction 3xFgbNhXzNMbfeAemmP1ak8Tf36STCetgavDZE5tB1K58LhgAETXFww1oAGu3YyE1DBxi91YnER1sSTwiWCxZq2
Invalid quoteAddress: undefined, skipping transaction 4aJxivHp6wdQjvxZZ3APYpdhA8qwaceK9TKrE3UdKrEB91ePW4Bh3Ln4ca9F6iexzSzcBX6xU3UVsANuHVFc1f8i
quoteSymbol not support GUW492pCgvXzYwbkRo9Bv2MRDvdyVJ2R2aZ1Sd55XbEH, skipping transaction 599bEAKusC8jA5j44DNoBzpQDK9trJoca4Z6qKgqtbRky9GQZsgB2uowUaDyLN78WovxXY84AyhEftopzmEnWxrx
quoteSymbol not support 44uPypuyR3TSzfvXeKEcKfrBkc9oFeGeX5o92Nyapump, skipping transaction 2aMtt8zmPDP1qW7q49cffHZeY7w7gZ9NuHSSYgbLaQsYKjS9vT99ehX3jKu4EjptSap2Yei9meyDkY3wNu5SFnzE
quoteSymbol not support 44uPypuyR3TSzfvXeKEcKfrBkc9oFeGeX5o92Nyapump, skipping transaction 3HvPWrji7aLEvg8nKuZJ5ooTq4SCmcMNGyxeXsAQJnsF58urU1deg189tJY5QntKLRN6GkS9Wv9MEuxn1zkCvEcf
quoteSymbol not support 44uPypuyR3TSzfvXeKEcKfrBkc9oFeGeX5o92Nyapump, skipping transaction USZRn8SXHUvhTszkhYNf8rrv3wBYVSwVx4abNF1h4rEaDkfu349A5W89ZB9MmsMBQTbxgn29hx9s9LPPREFffN3
quoteSymbol not support 3TgKjFHBHK34LjbTfMtWkgQ9zEhoVV2GrtkrW7UEzbEd, skipping transaction 4gAnaPYreP22FfcJun7TByjPz1Mo2xAZgBWFeB6jy3KF2qGYrjbrbSLy9oby7a1yX6UhBDXHqJKh5A78sMMQDmmJ
Invalid tokenAmount: 0, skipping transaction 3exoJQJbjvWKnWXeQWjya2c9DkqYi28pipPBqjmydzv2RqwA4PekjxpvPk9n4jqYWyiFhxVDZLvqxa34qApKWiE7
Invalid quoteAddress: undefined, skipping transaction 2GFX5uw8RE5Co2QB2sHbhjfruoU9YhnQajWzZNKLSii7EoZ1TgQ1cwQZediyzVQwKGp5jEot8iTWekgWgi4D91we
Invalid quoteAddress: undefined, skipping transaction 4d2PRBoHXUg1bw7Eq6jLfLyCbr4Xue77MqkYjpumk3eJHgoraXJcar4pcxQrNRjWmBh1WWxEVMnVC74gsJ2ftiPJ
Invalid quoteAddress: undefined, skipping transaction 3RUgAoNEcs2o7rUqrDNf2QkHbJTV7MyE252qhKkKtsLvZsTnAvkzSfxuotFbK85tuAW27fHEYVz6hE8Kv8ynLH4S
Invalid quoteAddress: undefined, skipping transaction 3a3YoL9DSWv1ybHAv1FeWU8fnDZ8R9J1mw29LSEVGGJ1TGj8a2j5uY6Dy51T5FiELw799DKEJh7KYQa8dtXsq33m
quoteSymbol not support 44uPypuyR3TSzfvXeKEcKfrBkc9oFeGeX5o92Nyapump, skipping transaction 5h2grteSD2QKm9FYDvP33ovQdx3bi8CmoAAQWTjbs66imHwhpDhqHUPdnZg3MF5w5T6qsbVohjYKysDV6t3S2Mm9
quoteSymbol not support 44uPypuyR3TSzfvXeKEcKfrBkc9oFeGeX5o92Nyapump, skipping transaction 5ckwcQaYUbNJKz71VpZ5Fbh37FSjDzMhiepDYxUAt4xnuJDX1MHxCYfKdaNWcZDXUw92mx7MFHGdvKha2c6L9yQT
quoteSymbol not support 44uPypuyR3TSzfvXeKEcKfrBkc9oFeGeX5o92Nyapump, skipping transaction NidAq6eA2jiXvBvxjkS6EvoupcdWswCyokLU6FXRhwJBgCX7HTf3xSc1pUnDEd93hTB2rXLMgpiSYaLLJX3szMA
quoteSymbol not support 3TgKjFHBHK34LjbTfMtWkgQ9zEhoVV2GrtkrW7UEzbEd, skipping transaction BaWuY6yEr9HpWF2hLBN93pZ1KJQH7Na1kXs32Rrj4zujZXaWekbaWiJ4s5SzK4PX4cuHMMuGefvGFkdaDcAafRh
✅ 插入 7337 条记录到 solana_history_data_new
HIGH PERFORMANCE: parse 100 blocks, cost: 2826 ms
[Port 8014] server total use, cost: 2826 ms
100
parse block 324443333,cost:33 ms
parse block 324443332,cost:0 ms
parse block 324443331,cost:29 ms
parse block 324443330,cost:38 ms
parse block 324443329,cost:57 ms
parse block 324443328,cost:41 ms
parse block 324443327,cost:8 ms
parse block 324443326,cost:5 ms
parse block 324443325,cost:13 ms
parse block 324443324,cost:15 ms
parse block 324443323,cost:73 ms
parse block 324443322,cost:36 ms
parse block 324443321,cost:11 ms
parse block 324443320,cost:32 ms
parse block 324443319,cost:19 ms
parse block 324443318,cost:35 ms
parse block 324443317,cost:44 ms
parse block 324443316,cost:17 ms
parse block 324443315,cost:65 ms
parse block 324443314,cost:24 ms
parse block 324443313,cost:29 ms
parse block 324443312,cost:22 ms
parse block 324443311,cost:35 ms
parse block 324443310,cost:30 ms
parse block 324443309,cost:30 ms
parse block 324443308,cost:36 ms
parse block 324443307,cost:62 ms
parse block 324443306,cost:19 ms
parse block 324443305,cost:27 ms
parse block 324443304,cost:32 ms
parse block 324443303,cost:34 ms
parse block 324443302,cost:21 ms
parse block 324443301,cost:19 ms
parse block 324443300,cost:23 ms
parse block 324443299,cost:70 ms
parse block 324443298,cost:25 ms
parse block 324443297,cost:26 ms
parse block 324443296,cost:33 ms
parse block 324443295,cost:22 ms
parse block 324443294,cost:29 ms
parse block 324443293,cost:16 ms
parse block 324443292,cost:45 ms
parse block 324443291,cost:45 ms
parse block 324443290,cost:28 ms
parse block 324443289,cost:36 ms
parse block 324443288,cost:25 ms
parse block 324443287,cost:27 ms
parse block 324443286,cost:52 ms
parse block 324443285,cost:47 ms
parse block 324443284,cost:72 ms
parse block 324443283,cost:18 ms
parse block 324443282,cost:31 ms
Invalid tokenAmount: 0, skipping transaction 4jzjQw8HMBzgoUw7gNNrexsqPYawhVngag5HagoAvJAdvAmvGpPAUjJ7yY81QmGRPT9TQ9fR9cZPpoiBgvNYgb2Z
parse block 324443281,cost:16 ms
parse block 324443280,cost:32 ms
parse block 324443279,cost:21 ms
parse block 324443278,cost:23 ms
parse block 324443277,cost:67 ms
parse block 324443276,cost:27 ms
parse block 324443275,cost:21 ms
parse block 324443274,cost:19 ms
parse block 324443273,cost:33 ms
parse block 324443272,cost:35 ms
parse block 324443271,cost:16 ms
parse block 324443270,cost:40 ms
parse block 324443269,cost:21 ms
parse block 324443268,cost:46 ms
parse block 324443267,cost:27 ms
parse block 324443266,cost:24 ms
parse block 324443265,cost:33 ms
parse block 324443264,cost:27 ms
parse block 324443263,cost:13 ms
parse block 324443262,cost:22 ms
parse block 324443261,cost:55 ms
parse block 324443260,cost:76 ms
parse block 324443259,cost:29 ms
parse block 324443258,cost:20 ms
parse block 324443257,cost:54 ms
parse block 324443256,cost:46 ms
parse block 324443255,cost:43 ms
parse block 324443254,cost:16 ms
parse block 324443253,cost:10 ms
parse block 324443252,cost:24 ms
parse block 324443251,cost:25 ms
parse block 324443250,cost:18 ms
parse block 324443249,cost:53 ms
parse block 324443248,cost:63 ms
parse block 324443247,cost:30 ms
parse block 324443246,cost:13 ms
parse block 324443245,cost:19 ms
parse block 324443244,cost:13 ms
parse block 324443243,cost:20 ms
parse block 324443242,cost:24 ms
parse block 324443241,cost:25 ms
parse block 324443240,cost:29 ms
parse block 324443239,cost:21 ms
parse block 324443238,cost:16 ms
parse block 324443237,cost:29 ms
parse block 324443236,cost:27 ms
parse block 324443235,cost:27 ms
parse block 324443234,cost:18 ms
Invalid tokenAmount: 0, skipping transaction 3B2jHPgt382N2YHJu7vZDmZ5mC9Ef6CACsFhMbm9wt7fwJ1xYG8eJ2FPm6SDfoGaqF3okMTkkPNLjRyv58L9goQU
quoteSymbol not support BABrNVTWCpsxR6L9bkwskefHrXo4Smu4Yv3qH6atpump, skipping transaction JBnFedHiY7ZNdVAu1f7L5TN9433o5gZgAfWTrUA88SWhALb4E2RH91ZeB4FdygZjYZgbHXj87ZGjjp4JnCr3L2c
quoteSymbol not support CAJx6p2VPAkEQmDbsrBsnwpjiZ2nvmmVUcVkuYGp6uEb, skipping transaction 4EYiA8EhPnjHma9CotJJBB5ptEGm1E9jnCzH6Wud6f2Ks2tMVGLQt9XdPjzwciN7vmfXQpPcPpNAj7a7931pJmWp
quoteSymbol not support J3NKxxXZcnNiMjKw9hYb2K4LUxgwB6t1FtPtQVsv3KFr, skipping transaction 3sS8rbpKtwwvNNkjttSy4zDX8YxUqq6KAc6LcyrcSKxE6sTFRPJwbyZYn8CTLnjYgWoFA3jfVYYRGS7KQypLMdSb
Invalid tokenAmount: 0, skipping transaction 4dNuqhq7zJiwH7DPzTeLtGGXSx6moVojKN4D66Lf61fm9URMSGKRHoijYFm1WECBPDRu8Mn3D3zdVbfvXHF6JUso
Invalid quoteAmount: 0, skipping transaction 4M6UiUTL3UzeMPhncbPC6YFQdZ7NVANP5m6oxSSGzabC8w789yq9oCVyKFfSoSei7aCZrhZJUTVkVVaGGgYwkcQu
quoteSymbol not support 5Na8UvGBLnyYiXuuBPQGhAWbZVj5Kj3xe3kUtCSTyENC, skipping transaction 3TVcYmdsmscGfvywUnX6yYps2gWz2Cww3AB2urbZ3vqq3hxM7eq5NfmeyMoP1yEMjE9ykw6izRkQWQEXHMorsx8S
Invalid quoteAddress: undefined, skipping transaction 4DnxJ3vY3PetnwYKQ2mKmT53dtsEaRu5UZ7Myccxnw9wyJqRYZ4PRj7gE8Gpaboghktj8QwLQcapsWj2NVQvRPJZ
Invalid quoteAmount: 0, skipping transaction 3aq5LUkEra1k4rsbv8cLUdRbdmtqMDrihXQppHGdYxboGytLdfuryDrW3krb251bVB5j3i4qW2J7HTopG2tdJdwp
Invalid tokenAmount: 0, skipping transaction 26WckoNnkQ2y7GJecWdUT2H9Tx1ibVD2wwyqEc7ANXDnkP3kttgRTFjJba42X9h74NMQg8KhCSQR5HpaR73WRnsE
Invalid tokenAmount: 0, skipping transaction 3HsRSB1H8zJVRpRRoVvj9YNrskaP4rQD5sCPxmyuXPDT25EpcDxKn2VegkoDoa728sa17qB98wCxcBtJSCcy3hZv
Invalid quoteAddress: undefined, skipping transaction 3JUaW58NForFa1eGuVrX6M9c7vvR9mi5P3dPFkgSiiE5ch9oxDmPmmzkqxJ9f2vwjtmm5aHywUUxKtW9CjJ66a4
Invalid tokenAmount: 0, skipping transaction 5Rg4nLrjFci8BqBLZTBNt9BdoWdfUnCYK4cRt7MhgaFfPsoZMpSivkPbV2yb5r4RvMXLE6HNfGy9Nx2CCci97HLq
quoteSymbol not support FasH397CeZLNYWkd3wWK9vrmjd1z93n3b59DssRXpump, skipping transaction 4FquqXDe6msZGCj9SXJxgWYFLMKPukWfru7UfTbjHDjTPhRdtqVHqmdcjnevyyPpviEo8CzhA9KarMiioeorsHgC
quoteSymbol not support DezXAZ8z7PnrnRJjz3wXBoRgixCa6xjnB7YaB1pPB263, skipping transaction 4JXjQKB88hb1iEUDsyq8JBLg2PHeJJStyS4bSkbCyvNPpDnnxdJGPKu5enDCoi1DGrersiYpMuF3txtQgMn7DMiD
Invalid tokenAmount: 0, skipping transaction UM1xY1n6aVuJ9bM1jpbvuLWYVkQ18EDRucGRqMgeSZn17cKF4ithyQQAiuTw8pMput4LUEys9Rp7m1acjUAwmE2
Invalid tokenAmount: 0, skipping transaction 64wL54zq4MxRxrfSfQmb1QjE5cLycveGBnHKpDKr6YXJxUCZGyi3ABR58gNVAnuEf9Hf3amGgY45vdkNxnpTDL8a
Invalid tokenAmount: 0, skipping transaction oQEo41Y5VAFWSxjzKUPPY8vKfzabBpF3woU3ynWXUj3mDpYj8eUeRkpizTynwonGBLsjgVoKg3gG3LXJ7ApZK9W
quoteSymbol not support FZN7QZ8ZUUAxMPfxYEYkH3cXUASzH8EqA6B4tyCL8f1j, skipping transaction 5mTdfuTsE9gmaRrb4qzYm2MUN7ekj33XqBDKFPXobE2pyxrvihi5P1u5xji95FdFyYC7F22C11fB6jvvJRHuzLpN
Invalid tokenAmount: 0, skipping transaction 2cD2qnfSJaqBbL9usUqC44zKwTy7kyoQfjnZpnwfzXgfpYB9fnw8DFsYNSFJLT9R3VpScBvk4bcixW1TxgW26CFU
quoteSymbol not support JUPyiwrYJFskUPiHa7hkeR8VUtAeFoSYbKedZNsDvCN, skipping transaction 3GmASv4rQz28qYorfjS9zmLvjs87WZaZVwVm38tx66fb5k1sDe1oi6bE7E5qbwFWn4p9rAgSjUJaHMF2NST8Jnag
quoteSymbol not support BABrNVTWCpsxR6L9bkwskefHrXo4Smu4Yv3qH6atpump, skipping transaction 2zhbyRvS8mA4hhiyzAYCmqMzAHfQqhkHfRq9ucP7X8nZ9wkuPF9SusdGyuytHvV394Xmkvo3JMMbRYHwNiGorqRs
Invalid tokenAmount: 0, skipping transaction VrQkBP6Prbn91uQf3MBHKcjzjQabXm7DYC1gHQ9KbyFMNY45R4MPUcT8eENb6aqd6YZMbiSxEBQxZpmM6JCWfxU
✅ 插入 10045 条记录到 solana_history_data_new
HIGH PERFORMANCE: parse 100 blocks, cost: 3668 ms
[Port 8014] server total use, cost: 3681 ms
