🚀 Starting server on port 8023
Listening on http://0.0.0.0:8023/ (http://localhost:8023/)
99
parse block 292701732,cost:86 ms
parse block 292701731,cost:29 ms
parse block 292701730,cost:36 ms
parse block 292701729,cost:65 ms
parse block 292701728,cost:44 ms
parse block 292701727,cost:66 ms
parse block 292701726,cost:38 ms
parse block 292701724,cost:107 ms
parse block 292701723,cost:64 ms
parse block 292701722,cost:17 ms
parse block 292701721,cost:23 ms
parse block 292701720,cost:21 ms
parse block 292701719,cost:57 ms
parse block 292701718,cost:72 ms
parse block 292701717,cost:54 ms
parse block 292701716,cost:64 ms
parse block 292701715,cost:13 ms
parse block 292701714,cost:14 ms
parse block 292701713,cost:27 ms
parse block 292701712,cost:23 ms
parse block 292701711,cost:44 ms
parse block 292701710,cost:34 ms
parse block 292701709,cost:38 ms
parse block 292701708,cost:31 ms
parse block 292701707,cost:27 ms
parse block 292701706,cost:37 ms
parse block 292701705,cost:35 ms
parse block 292701704,cost:38 ms
parse block 292701703,cost:22 ms
parse block 292701702,cost:47 ms
parse block 292701701,cost:29 ms
parse block 292701700,cost:51 ms
parse block 292701699,cost:50 ms
parse block 292701698,cost:42 ms
parse block 292701697,cost:57 ms
parse block 292701696,cost:16 ms
parse block 292701695,cost:40 ms
parse block 292701694,cost:64 ms
parse block 292701693,cost:44 ms
parse block 292701692,cost:40 ms
parse block 292701691,cost:51 ms
parse block 292701690,cost:51 ms
parse block 292701689,cost:36 ms
parse block 292701688,cost:17 ms
parse block 292701687,cost:40 ms
Invalid tokenAmount: 0, skipping transaction 3jMNJUi6VaqwKa5ame5fSXQhBiNxXXxzZjxSWA9Aw11455xaEem8xty5p1HzXhVcQLMgzohj2U789Re6vofNEy5d
parse block 292701686,cost:56 ms
parse block 292701685,cost:41 ms
parse block 292701684,cost:48 ms
parse block 292701683,cost:53 ms
parse block 292701682,cost:37 ms
parse block 292701681,cost:31 ms
parse block 292701680,cost:49 ms
parse block 292701679,cost:22 ms
parse block 292701678,cost:39 ms
parse block 292701677,cost:24 ms
parse block 292701676,cost:69 ms
parse block 292701675,cost:34 ms
parse block 292701674,cost:53 ms
parse block 292701673,cost:77 ms
parse block 292701672,cost:24 ms
parse block 292701671,cost:60 ms
parse block 292701670,cost:63 ms
parse block 292701669,cost:12 ms
parse block 292701668,cost:51 ms
parse block 292701667,cost:80 ms
parse block 292701666,cost:36 ms
parse block 292701665,cost:40 ms
parse block 292701664,cost:52 ms
parse block 292701663,cost:47 ms
parse block 292701662,cost:30 ms
parse block 292701661,cost:32 ms
parse block 292701660,cost:50 ms
parse block 292701659,cost:43 ms
parse block 292701658,cost:89 ms
parse block 292701657,cost:49 ms
parse block 292701656,cost:51 ms
parse block 292701655,cost:62 ms
parse block 292701654,cost:68 ms
parse block 292701653,cost:32 ms
parse block 292701652,cost:28 ms
parse block 292701651,cost:59 ms
parse block 292701650,cost:55 ms
parse block 292701649,cost:58 ms
parse block 292701648,cost:31 ms
parse block 292701647,cost:73 ms
parse block 292701646,cost:82 ms
parse block 292701645,cost:48 ms
parse block 292701644,cost:23 ms
parse block 292701643,cost:46 ms
parse block 292701642,cost:71 ms
parse block 292701641,cost:80 ms
parse block 292701640,cost:29 ms
parse block 292701639,cost:49 ms
parse block 292701638,cost:27 ms
parse block 292701637,cost:40 ms
parse block 292701636,cost:46 ms
parse block 292701635,cost:0 ms
parse block 292701634,cost:7 ms
parse block 292701633,cost:37 ms
Invalid tokenAmount: 0, skipping transaction BMZVrkBWCHagrk9P4sUK4T7PHPvUcchJkXkDGGb51t2dGD6uXvxok3YAEVfdLxjeqZCKEjuWfjybKyBR5GMhHXU
Invalid tokenAmount: 0, skipping transaction 5Ru741gKTX916AhaPQVxBXpiPe14Y6HujpiYVNnnwpWAPc1z28SkBtJb6MNFH8ekCQxiJW32cjMddEVKZLJRzwtT
Invalid tokenAmount: 0, skipping transaction 5d51SkDGCwGDFExwSKcS66cenxjPdZ4cqCff9CbuLWneixbyR7gDRtQNQeKTz6spNeJXbCuAmdvrSov4GDVVsxfY
Invalid quoteAmount: 0, skipping transaction va8SJKiAcDnE1cP4hYVRgKrWwwgQY91MTrFsPmYncQzWonwRjBjLVXXD9mFSfn65TsD6pyYSR43HZxUSGaRw53q
Invalid tokenAmount: 0, skipping transaction Hyt6GQSmtUcfV6AFMyMmNqHcbxWdQitWh8UiPoskzhQhzgxZendydSY8QnG2ZJXHVdEcD1WQb1FfmQWBfXcGaRi
Invalid tokenAmount: 0, skipping transaction 5LwF4pAxo3uWSEvK5yRkgvFZMjzhZ5dHD8ofYz2eNvswE6nHP27W4e7cuJGRjKw4SR6NYrwBmUD3S474isLKhkWj
quoteSymbol not support 2niLT8fZQi8GDJQWs8SUWu3uxnRMMAwHzFPPZ8C8pump, skipping transaction 3PetvEmW9caNZKtnSQdPeDbSng4h67zAUgedPodw7q8FgZMsTWubE66syhkHmcEUctdbeEYZMSM86EqEY7wYeUD8
quoteSymbol not support EnxNPSjYpvmcSYwuGfMXNsEBeQc8qiUpRdoDEosBpump, skipping transaction 3FzMn269WFU1yJ5JtGnDjS1aQmg7SQTHiMnxhT6obqpNdQfP1F4oqW3uU66dAuTkpuzuZV1tY6eshtzjnLRu2vTA
quoteSymbol not support DogC4JhFWEPGxVYEkBzWfX4cKSnEdZC3YbTqMEdYaEdi, skipping transaction 5GLQcjcX1VnrGKvFRV5QFkyi6L7vDdfF8paihgvGErNdEg3QjFrQiBHYskLoxDsZDjH3yxRVx9oBnArhaZDxEudU
quoteSymbol not support E33ise4T7jX4ngT5sMVEMFEumksGNgwEWvvM2EcpgV5B, skipping transaction 4beUQ5GpsUzSEon8yM6NTSGEBZ7JkijG7msgrwUVHtx6ccWpmNAzKLkfDgDH4wvyd1mx1MEVftseqrBTcXDG1zCH
quoteSymbol not support EnxNPSjYpvmcSYwuGfMXNsEBeQc8qiUpRdoDEosBpump, skipping transaction 5PeDBC9hRS5Redtb2Sgb4ZkyzgMDkspW33kked9SPn5Rn8nFfMoq3UChPRaikGR8m1ZPu7ieTnyKMHwEHYvWRm79
Invalid tokenAmount: 0, skipping transaction 2wFsHUFD7CUb6GKQjM3zYbquwoD1CQFf8ynyvryi4oCViN1VTXKoU1iA9XN7MWGMcFM8qUCcqdinfCi2Wa8nPr4V
quoteSymbol not support E4jVYMPqtDL1xeGEnC6u826rUnqM77673jkt1L49daiP, skipping transaction 3TcEVda7ZLTihyD1QXENsT8ZoeJzE18rqLH7B3fX2omdBREuEwLjnqz7a4pf9YVab299UyGBpkYBg2mwho8mqHjW
[Port 8023] Error processing request: Decimal value is too big: 17 digits were read: '15385638815641025'e-5. Expected to read decimal with scale 8 and precision 18: (while reading the value of key quote_price): (at row 3698)
: While executing ParallelParsingBlockInputFormat. 
100
parse block 292698332,cost:29 ms
parse block 292698331,cost:36 ms
parse block 292698330,cost:29 ms
parse block 292698329,cost:27 ms
parse block 292698328,cost:23 ms
parse block 292698327,cost:28 ms
parse block 292698326,cost:43 ms
parse block 292698325,cost:25 ms
parse block 292698324,cost:26 ms
parse block 292698323,cost:30 ms
parse block 292698322,cost:31 ms
parse block 292698321,cost:34 ms
parse block 292698320,cost:54 ms
parse block 292698319,cost:3 ms
parse block 292698318,cost:13 ms
parse block 292698317,cost:23 ms
parse block 292698316,cost:14 ms
parse block 292698315,cost:51 ms
parse block 292698314,cost:52 ms
parse block 292698313,cost:53 ms
parse block 292698312,cost:32 ms
parse block 292698311,cost:23 ms
parse block 292698310,cost:25 ms
parse block 292698309,cost:26 ms
parse block 292698308,cost:43 ms
parse block 292698307,cost:35 ms
parse block 292698306,cost:57 ms
parse block 292698305,cost:14 ms
parse block 292698304,cost:31 ms
parse block 292698303,cost:40 ms
parse block 292698302,cost:50 ms
parse block 292698301,cost:25 ms
parse block 292698300,cost:31 ms
parse block 292698299,cost:26 ms
parse block 292698298,cost:43 ms
parse block 292698297,cost:27 ms
parse block 292698296,cost:55 ms
parse block 292698295,cost:28 ms
parse block 292698294,cost:90 ms
parse block 292698293,cost:12 ms
parse block 292698292,cost:4 ms
parse block 292698291,cost:26 ms
parse block 292698290,cost:36 ms
parse block 292698289,cost:33 ms
parse block 292698288,cost:15 ms
parse block 292698287,cost:16 ms
parse block 292698286,cost:49 ms
parse block 292698285,cost:32 ms
parse block 292698284,cost:0 ms
parse block 292698283,cost:61 ms
parse block 292698282,cost:28 ms
parse block 292698281,cost:20 ms
parse block 292698280,cost:40 ms
parse block 292698279,cost:66 ms
parse block 292698278,cost:30 ms
parse block 292698277,cost:28 ms
parse block 292698276,cost:25 ms
parse block 292698275,cost:28 ms
parse block 292698274,cost:64 ms
parse block 292698273,cost:50 ms
parse block 292698272,cost:31 ms
quoteSymbol not support 4k3Dyjzvzp8eMZWUXbBCjEvwSkkk59S5iCNLY3QrkX6R, skipping transaction 3UiJ4yF6DR4oAuPpZCEtnXNA7WUXvfnVgRmouqrRLLkt57YdnuxFBNNrXXb6jy27SXN48k25uC8QCwwvXj5urqwj
parse block 292698271,cost:27 ms
parse block 292698270,cost:23 ms
parse block 292698269,cost:35 ms
parse block 292698268,cost:49 ms
parse block 292698267,cost:23 ms
parse block 292698266,cost:27 ms
parse block 292698265,cost:11 ms
parse block 292698264,cost:80 ms
parse block 292698263,cost:14 ms
parse block 292698262,cost:18 ms
parse block 292698261,cost:12 ms
parse block 292698260,cost:32 ms
parse block 292698259,cost:21 ms
parse block 292698258,cost:33 ms
parse block 292698257,cost:36 ms
parse block 292698256,cost:33 ms
parse block 292698255,cost:23 ms
parse block 292698254,cost:30 ms
parse block 292698253,cost:25 ms
parse block 292698252,cost:58 ms
parse block 292698251,cost:4 ms
parse block 292698250,cost:31 ms
parse block 292698249,cost:62 ms
parse block 292698248,cost:34 ms
parse block 292698247,cost:40 ms
parse block 292698246,cost:53 ms
parse block 292698245,cost:59 ms
parse block 292698244,cost:26 ms
parse block 292698243,cost:49 ms
parse block 292698242,cost:38 ms
parse block 292698241,cost:52 ms
parse block 292698240,cost:33 ms
parse block 292698239,cost:38 ms
parse block 292698238,cost:57 ms
parse block 292698237,cost:31 ms
parse block 292698236,cost:52 ms
parse block 292698235,cost:93 ms
parse block 292698234,cost:60 ms
parse block 292698233,cost:30 ms
quoteSymbol not support zVTMqmViptbSiVf1Hert3qrXK1FjcZujzxhgPbbpump, skipping transaction 5vTwT8Mgfifv2RA5JF2HnrEtZEL1c7NvtkJYGaprFx6EhvECn83ika8A6WoSo8kUXiW9mBUNm4ynUwxUUs1aQsUt
quoteSymbol not support 4k3Dyjzvzp8eMZWUXbBCjEvwSkkk59S5iCNLY3QrkX6R, skipping transaction 3PnXUpUuEvYC4GUjvyox1kMGTvuyJejd5sF5LgFtLQDkcKoLYssuYurPM5AY9BA8xa4AqDRf7EG4QGkbYuZrq89t
Invalid tokenAmount: 0, skipping transaction 36aiQQZD9oDZY59kBeGeSMZM7YigX96UWD6HZotKBZFRRrCbhpyUE4F4R9ohQE9JyXJPCT643xdD4VgQqUZrBkW5
Invalid tokenAmount: 0, skipping transaction 4phhyyah6gk2gFL94BESCPRReddRMXhZFr79gc5Naoma54CCkMtfyYBUGoHtS1qWgfgMjchvPMgh5yCgtnCzYvoV
quoteSymbol not support BpVL9ikYBGuDom81fpDPh7g1af4Ck4sL2Kq4odnc2uj8, skipping transaction xbP9wso4SKaUMxrKPEmFi4aQWjsG2MowTKkQ5jZ3oYZxjERHPiHARgXDBDmmXCUJiBSV8PBmMRTPwnVdusArfAt
Invalid quoteAmount: 0, skipping transaction tiXmAGvWTh2vTfu48W8wb5gv81mxC2CJtz4EaJBF1zvoXMGk42eBeAh81ZVbGpTussVJbfuQqvwcR3poRs1GiMf
quoteSymbol not support 4k3Dyjzvzp8eMZWUXbBCjEvwSkkk59S5iCNLY3QrkX6R, skipping transaction 2R8dnhCHaZ8JDonVd9RXkUt1ssAPQEfjmjj1aVrfLTVxbTd3MzwuHdS9qyzkABdnRPREAhjxwzUKPSTMBew58uZS
Invalid tokenAmount: 0, skipping transaction 5Dpi2qeLQb7nANB1hLuXzoEBt8c6smm4dVhkZ57bUCrEtkAh8gtQ4t432zjrTQ63PUZYBLrtZxy86zCHhVLempBJ
quoteSymbol not support 4k3Dyjzvzp8eMZWUXbBCjEvwSkkk59S5iCNLY3QrkX6R, skipping transaction 5PehvQC5asmbQY12tkLThThMV87btSBsLmxaj43Rc5LS12QAHMAdEWMiVJxJDsqoFSBGBidC9URHP7izkrmTs9hp
Invalid tokenAmount: 0, skipping transaction 4xSUZPnXCpRohtqQg7gCN7QuKAbcyLf5mVNTcHaHwzBZmmTLrf2YFTYyhGiMwSo9p42ADbwE7mcKqgXko4AP6iWg
quoteSymbol not support 123fJ8eJ3KeMaAsSXAaCE1B17xjAYHuGa3Wt7cwkpump, skipping transaction 4hEK7UvFnSWQu1kyxhRi5THAARRcURn7jgciCqb8C1fRXtwX2eg9f54HgTUxnEqs4BxCMkGTEtXEM9HQtFQjg47Z
quoteSymbol not support 123fJ8eJ3KeMaAsSXAaCE1B17xjAYHuGa3Wt7cwkpump, skipping transaction L3w5wKVKbLdFqyGnJ5U9TnjYYtSQLGifVxG9Cf7aHMBmiXi1GebqG4ubE1zfQNPCHdtvYCSM4RW7aBirnQgsp5W
quoteSymbol not support 4k3Dyjzvzp8eMZWUXbBCjEvwSkkk59S5iCNLY3QrkX6R, skipping transaction DGokmJqaK3VBB5Hrv3qySGh3gsAYiWJcJ55Sa9jWdNkUwUHCvzp7grRxBdabpvBxEwBeBEqjVC9PtGWqEzBy7E4
Invalid tokenAmount: 0, skipping transaction 3AjHsZKjhjvTkYEDudqnyugzUbh4vJKjnfcKw9kfUADsFW9qZqRTDXPXgCbkitqANPu4R4zibDzn6hZxCT3ryMd8
✅ 插入 7615 条记录到 solana_history_data_new
HIGH PERFORMANCE: parse 100 blocks, cost: 3888 ms
[Port 8023] server total use, cost: 3888 ms
92
parse block 292695832,cost:120 ms
parse block 292695831,cost:54 ms
parse block 292695830,cost:68 ms
parse block 292695829,cost:85 ms
parse block 292695828,cost:7 ms
parse block 292695827,cost:49 ms
parse block 292695826,cost:45 ms
parse block 292695825,cost:32 ms
parse block 292695824,cost:73 ms
parse block 292695823,cost:20 ms
parse block 292695822,cost:32 ms
parse block 292695821,cost:57 ms
parse block 292695820,cost:30 ms
parse block 292695819,cost:29 ms
parse block 292695818,cost:97 ms
parse block 292695817,cost:27 ms
parse block 292695816,cost:6 ms
parse block 292695811,cost:61 ms
parse block 292695810,cost:98 ms
parse block 292695809,cost:15 ms
parse block 292695808,cost:41 ms
parse block 292695807,cost:17 ms
parse block 292695806,cost:22 ms
parse block 292695805,cost:45 ms
parse block 292695804,cost:55 ms
parse block 292695803,cost:38 ms
parse block 292695802,cost:50 ms
parse block 292695801,cost:75 ms
parse block 292695800,cost:66 ms
parse block 292695799,cost:32 ms
parse block 292695798,cost:50 ms
parse block 292695797,cost:52 ms
parse block 292695796,cost:39 ms
parse block 292695795,cost:61 ms
parse block 292695794,cost:79 ms
parse block 292695793,cost:89 ms
parse block 292695792,cost:59 ms
parse block 292695791,cost:52 ms
parse block 292695790,cost:9 ms
parse block 292695789,cost:86 ms
parse block 292695788,cost:51 ms
parse block 292695787,cost:54 ms
parse block 292695786,cost:59 ms
parse block 292695785,cost:55 ms
parse block 292695784,cost:93 ms
parse block 292695783,cost:39 ms
parse block 292695782,cost:34 ms
parse block 292695781,cost:48 ms
parse block 292695780,cost:37 ms
parse block 292695779,cost:47 ms
parse block 292695778,cost:62 ms
parse block 292695777,cost:66 ms
parse block 292695776,cost:68 ms
parse block 292695775,cost:14 ms
parse block 292695774,cost:57 ms
parse block 292695773,cost:20 ms
parse block 292695772,cost:76 ms
parse block 292695771,cost:101 ms
parse block 292695770,cost:24 ms
parse block 292695769,cost:50 ms
parse block 292695768,cost:48 ms
parse block 292695767,cost:42 ms
parse block 292695766,cost:54 ms
parse block 292695765,cost:36 ms
parse block 292695764,cost:44 ms
parse block 292695763,cost:96 ms
parse block 292695762,cost:70 ms
parse block 292695761,cost:78 ms
parse block 292695760,cost:124 ms
parse block 292695759,cost:84 ms
parse block 292695758,cost:86 ms
parse block 292695757,cost:109 ms
parse block 292695756,cost:74 ms
parse block 292695755,cost:54 ms
parse block 292695754,cost:64 ms
parse block 292695753,cost:30 ms
parse block 292695752,cost:95 ms
parse block 292695751,cost:36 ms
parse block 292695750,cost:42 ms
parse block 292695749,cost:33 ms
parse block 292695748,cost:119 ms
parse block 292695747,cost:15 ms
parse block 292695746,cost:31 ms
parse block 292695745,cost:47 ms
parse block 292695744,cost:42 ms
parse block 292695739,cost:84 ms
parse block 292695738,cost:70 ms
parse block 292695737,cost:49 ms
parse block 292695736,cost:30 ms
parse block 292695735,cost:51 ms
parse block 292695734,cost:40 ms
parse block 292695733,cost:39 ms
quoteSymbol not support F2SsQ8NXdohV3Ks8M5FpVVocXTpQLLdHE9acTzZcpump, skipping transaction 3PrVDXbgfJekZW6BK2PFf6dvrXkiiVdTG3qwLuoRE7NxXi7Zx4Dwjk6pDPAmTEFcKdZMVUvuUfznKoHAps27GodF
Invalid tokenAmount: 0, skipping transaction 5k9mD61ptmAU5qf7w4YkbYUP3t98DcPyrF6qurRB6GKaGcimByuh4PdYjXWpsDoo7D9w8mNPJhkbhuz3nWFz2Ro5
quoteSymbol not support J3NKxxXZcnNiMjKw9hYb2K4LUxgwB6t1FtPtQVsv3KFr, skipping transaction 5ZvN3wCavqLTEscRPx7bB4FcXkh8ed8wLKwjG81r898wwxSQKpbj37d35obr9mP9pp6bhrn3yTCDJdeuwTHTABzr
quoteSymbol not support DzdZ85vgihPv6V5nGhjKwNAaLh3JWHGa2Z3vmFYNpump, skipping transaction pjMV5aGFPPWdHBAqRxzrZofZ9gksUPdYb7XeS3w7gL3edfnrqz5qp627XjWztEkxBPDTiPoPoWvw5UB1heBPYVV
quoteSymbol not support DezXAZ8z7PnrnRJjz3wXBoRgixCa6xjnB7YaB1pPB263, skipping transaction 3VSHzV8TVmQiG4kVd1eCTj5ZCT1xwj8Z9n4sgRNpvdynNpmaHGm42mpc96Zewr3JFJsBKkaJBC68wDwukDdiVdA5
quoteSymbol not support CGtaWrCyeWzSYQvsvWZ1q3gXYSYdhPh653m1B3Vwpump, skipping transaction ngCvvkmuVqE7UHHSPknrP9xgwYziWk77dnM252HfxTToKmrCNn7DJRtkSwuNNcSetFHpAzNFCw8SyWkjr12nw5m
Invalid tokenAmount: 0, skipping transaction 4ejRYZW5Q8RtTw7aU3HvgiSarabaSs1dqdmbG1ptoftwPtpPcYJ3Na4XPcveYDLsXSQD9ERXUwNCE5EbmmHAk6Xz
Invalid tokenAmount: 0, skipping transaction 2RidswRnPzkALvjSGxfFPK7KJicutU1rWRXBAG21D73FjgttkXegXX7aR7Kh67NnLJ5QZFmDqTPqH6V3zvBz4gsk
quoteSymbol not support 2G8LH53fcr3aCrEsmAo73eunbZRbyjKrGH5qmur6pump, skipping transaction 4dc81APbRD7Pkobi4RXfgSYMG6ye4y72p7jgk7mxTEaj8jjsFCovAUtpvnP6dZCSRXj7KrLKHpEb5ZGjNGizhjeG
Invalid tokenAmount: 0, skipping transaction 29eGmmd6uKdjVys14tqYY9Y9UuMmP22QyEKeMHpSmvFHrqaCryHvPpiv7otd7SyM3n84P21AzVhUAKjsJoxB7HSi
quoteSymbol not support AZsHEMXd36Bj1EMNXhowJajpUXzrKcK57wW4ZGXVa7yR, skipping transaction 4ZxbcFAGAoSHaF6UMNK6GYByB1d4QgSTEdqmhN5s5wkVWgb6WT3Cys9v6g2z5iER2dnFGpPynMPjjgEP5Mr2W7Xh
quoteSymbol not support ED5nyyWEzpPPiWimP8vYm7sD7TD3LAt3Q3gRTWHzPJBY, skipping transaction 2s2g3Xpcfz1ZcKawmFR2KdiSMnQWGQQG6k9SuBrAU1W8j1x9fCY895idbtcwXrRhNPEZULgxLb7ehVBVmyMJrf7a
quoteSymbol not support AZsHEMXd36Bj1EMNXhowJajpUXzrKcK57wW4ZGXVa7yR, skipping transaction 51kbDfwhet9wWmwV2PV4X78WgTVjhk2qB6ihe56MAdBW5itMtEfPZuWg9a64AKZ1XYGWNdouuFpzUSaeHuQEv3QC
quoteSymbol not support CAj9eUiAFFZbFQtFSQ1SB2FXUKjq819coeoKN4gkpump, skipping transaction v1Tq8wLWj31xx9VQxEbaf5URwbzobssvGjABAazGnjX7XgvcjZnJjJnhLDcMm6kjy8eXvdtt28SyGELaaQJD6wE
Invalid tokenAmount: 0, skipping transaction 4bFX18UA9Jb4tUjd5XJcNdbEuS1DXDjiVPT4rxAxtsAEuGDZs4VYixAdfDUZrWG4Ybf6KUdFnNGGWomH1L5WBp91
quoteSymbol not support HsEUM6PJfaEFDJREAUPCykBRC2exfHwVZvaNmYX7BHf4, skipping transaction 5T7MV3HV4JiFM3nv9EJ87uuUKJnjNTX5W6k1qztuqba854sGEqGuvTEkhhF97Gvw3qyRRuHW8aFocsYpnjFdVQVK
Invalid quoteAddress: undefined, skipping transaction 3k6zofwd3z9LH9ZjQRMPERMVEwxWhavT7kVGeEtSL9baqBSyuMZsLZgKgD1VNWkMkvxWBJN7cNaUKj3sUEro7qPa
Invalid tokenAmount: 0, skipping transaction 2grL2Nh49ULizJqHc9Ajb2RJJjiAwadvwUh3GvtNyfzRsfEgLXHiXaMrwijYSGUFeD6VAvm74mouciW7nqetRvEP
Invalid quoteAmount: 0, skipping transaction 2wbExjYiMHUNZ7eAUZaaeX9irqwesaBgf8rrEnjzLH1L5TJBc4Yndubou7rhzNfKYxA5fRjNM52n6xqf8vtDw3Xa
quoteSymbol not support AZsHEMXd36Bj1EMNXhowJajpUXzrKcK57wW4ZGXVa7yR, skipping transaction D4nSvh7vLKmeqJHQYoQHMCf4q4Wm2R1eBwQagNeViisa8Xk7P7KePHNbiAKyPH8Y6zicpfcbfZbQEcEhsTgeH4e
Invalid tokenAmount: 0, skipping transaction 2Z8o8Pgusv9yXAEECTQi9QBXTQWvXQpLi9wLu2JzFtd2pj6MLNFYVwQ9QVBAjWDUzXpcQS9Unmkp1AZ1VKU6ArcV
Invalid tokenAmount: 0, skipping transaction aRDz6Vj48V3vaNjmXCY9oNFpHNnKMSj6NTm62LiThQga8rcjsPEZK2tgLN8XR9FxCX71XbGhRioiKYbFBegZ8m9
quoteSymbol not support DsERFo1U6jV8gGQaFcDkMRPz6xUunxspv282n1bupump, skipping transaction 2Rm3BUxDKo4arKTf1ahbTbi4x4XXHd5rTJkCjH8Gchmmm41hkDVNBTuVCzWP2mL4PrU1f1FjJ7CHPg7j82haNeHY
Invalid tokenAmount: 0, skipping transaction 3L9ZQiqqa1TsQmuTEb61d4dMhk81sDiQgvNwFYs6tWRa4NfjH64KASH8X9R8sXQP4PU4tqi4KJaucv2yFRWtyvVq
Invalid tokenAmount: 0, skipping transaction 2euL2VVe3qCjfKkJCea4FufctMr4cmoYkKF5o9CtpNhmxfdWWNBpiVXwQTVNtJewok6UwuMJ7gdr276Edq1GS7nn
Invalid tokenAmount: 0, skipping transaction MDrEZckMhtTh2knp3Fzdbh3P2AXwd6pRTEv1beGUxwhDkAv1BRRrNdLFTgMSRA3t9BXaDjSKJoC2CddizauZngx
Invalid tokenAmount: 0, skipping transaction 5xp2yf7h9utSuUWsMRg8oaxpPG4fz3NYNJJjBTeWq3VfoMavcw56or17Dk8hB5N5HtpM7ReFDYZ6k1C8wkAydcjL
Invalid tokenAmount: 0, skipping transaction 5HGXT8ewKAhcZuZKiBaqeQ8d2eD37P8jqNF6n7ivAi81qGxfZqviyqmsSPfU4hJQNkxMA3P5rjbo7ifteL374WtC
✅ 插入 11737 条记录到 solana_history_data_new
HIGH PERFORMANCE: parse 92 blocks, cost: 5514 ms
[Port 8023] server total use, cost: 5514 ms
94
parse block 292692832,cost:12 ms
parse block 292692827,cost:22 ms
parse block 292692826,cost:34 ms
parse block 292692825,cost:20 ms
parse block 292692824,cost:13 ms
parse block 292692823,cost:43 ms
parse block 292692822,cost:18 ms
parse block 292692821,cost:49 ms
parse block 292692820,cost:28 ms
parse block 292692819,cost:35 ms
parse block 292692818,cost:48 ms
parse block 292692817,cost:47 ms
parse block 292692816,cost:26 ms
parse block 292692815,cost:25 ms
parse block 292692814,cost:23 ms
parse block 292692813,cost:46 ms
parse block 292692812,cost:40 ms
parse block 292692811,cost:41 ms
parse block 292692810,cost:52 ms
parse block 292692809,cost:32 ms
parse block 292692808,cost:28 ms
parse block 292692807,cost:24 ms
parse block 292692806,cost:54 ms
parse block 292692805,cost:36 ms
parse block 292692804,cost:15 ms
parse block 292692803,cost:54 ms
parse block 292692802,cost:57 ms
parse block 292692801,cost:32 ms
parse block 292692800,cost:64 ms
parse block 292692799,cost:19 ms
parse block 292692798,cost:31 ms
parse block 292692797,cost:11 ms
parse block 292692796,cost:20 ms
parse block 292692795,cost:55 ms
parse block 292692794,cost:30 ms
parse block 292692793,cost:62 ms
parse block 292692792,cost:36 ms
parse block 292692791,cost:27 ms
parse block 292692790,cost:44 ms
parse block 292692789,cost:61 ms
parse block 292692788,cost:38 ms
parse block 292692787,cost:30 ms
parse block 292692786,cost:19 ms
parse block 292692785,cost:43 ms
parse block 292692784,cost:48 ms
parse block 292692783,cost:31 ms
parse block 292692782,cost:64 ms
parse block 292692781,cost:38 ms
parse block 292692780,cost:34 ms
parse block 292692779,cost:71 ms
parse block 292692778,cost:51 ms
parse block 292692777,cost:47 ms
parse block 292692776,cost:39 ms
parse block 292692775,cost:43 ms
parse block 292692774,cost:38 ms
parse block 292692773,cost:33 ms
parse block 292692772,cost:13 ms
parse block 292692771,cost:28 ms
parse block 292692770,cost:59 ms
parse block 292692769,cost:48 ms
parse block 292692768,cost:27 ms
parse block 292692767,cost:32 ms
parse block 292692766,cost:47 ms
parse block 292692765,cost:42 ms
parse block 292692764,cost:35 ms
parse block 292692763,cost:47 ms
parse block 292692762,cost:61 ms
parse block 292692761,cost:56 ms
parse block 292692760,cost:53 ms
parse block 292692759,cost:34 ms
parse block 292692758,cost:63 ms
parse block 292692757,cost:73 ms
parse block 292692756,cost:74 ms
parse block 292692755,cost:31 ms
parse block 292692754,cost:26 ms
parse block 292692753,cost:13 ms
parse block 292692751,cost:33 ms
parse block 292692749,cost:34 ms
parse block 292692748,cost:42 ms
parse block 292692747,cost:38 ms
parse block 292692746,cost:36 ms
parse block 292692745,cost:70 ms
parse block 292692744,cost:7 ms
parse block 292692743,cost:67 ms
parse block 292692742,cost:25 ms
parse block 292692741,cost:35 ms
parse block 292692740,cost:50 ms
parse block 292692739,cost:54 ms
parse block 292692738,cost:64 ms
parse block 292692737,cost:75 ms
parse block 292692736,cost:47 ms
parse block 292692735,cost:25 ms
parse block 292692734,cost:54 ms
parse block 292692733,cost:56 ms
Invalid quoteAmount: 0, skipping transaction 3KE237M8h5WN6uZo4GHJM5ARZHv5MJPhu8cB67oh6LHghpygDQeww6t5A4yxFebjgQZQTHyT7c8iv8J1hGprHcsJ
Invalid tokenAmount: 0, skipping transaction 63QsWhjqKGg3yvdZsptpY6KKE6UBWsXC4ShZWd1S2x5LkXXQYfCSJdrrtZ7QzpiY4npUCxywtxF6SD2VCLvCKzYP
Invalid tokenAmount: 0, skipping transaction mDBpC5h7cxrMM2s9gh3GX6JSv2ZPPN5mbfv1TrvunH1pN3t3vSWPKFeBzD9nM1wr6iTC588JjeVLvKQf9CbZuy2
quoteSymbol not support J1toso1uCk3RLmjorhTtrVwY9HJ7X8V9yYac6Y7kGCPn, skipping transaction 5WVUrem6Chy8PJgjGUoM3yGfqNYE4pPgN1tCS5o31icSjstsKUxwNyV2KK143W7AzVD3T4YP5wB6YDBfXqkFZAR
quoteSymbol not support E3dHunmVEYuxyjCiVQhCCwMEZVhgHEe3M35NbZUkRUe8, skipping transaction 3BeNKY1hJ2hwPYkWsJAzvtuz67S7Wnz6V85R8WkNfCyJQh3h5QUkBqsrCikqpeNpg8E1tXqJnKGwxTy3QnxdPe16
quoteSymbol not support 4k3Dyjzvzp8eMZWUXbBCjEvwSkkk59S5iCNLY3QrkX6R, skipping transaction 4DKVS8BVUiA5Jf5HKtR3LbFAanJ6FPtbecj1BdWtuvv3XTipDekN96uUtYbTf9HkJF7jNt3oTc7zsVwWH7JK5KRs
quoteSymbol not support 4k3Dyjzvzp8eMZWUXbBCjEvwSkkk59S5iCNLY3QrkX6R, skipping transaction 4jRNRGphemYKsNy77aboGj42ChnkS2u7nVu5WisLsovm7Ppun4HQVYbyptkWtam66oXuz3WJtiKfr842s4wtMoMu
quoteSymbol not support B582oxHHy41ijxaGem3GksSWAVBfr2fJxNKrL7mpC1z1, skipping transaction 57pG6zeh7U7iZVN78SVqEiRiXQg9WXgxUtk9vXjrtzyeGvUeAnmkLcU5zHNrpQ9QhceY8VwptrBvmjqLGnhC1pcM
quoteSymbol not support J1toso1uCk3RLmjorhTtrVwY9HJ7X8V9yYac6Y7kGCPn, skipping transaction 5EV9g2fCPgpv9v4R6L2YxNyTRanXZ4AhWtZqa864GEQ6YXLinMDnYtxjfxLhPY12HjEssKu3yeqNA4PemYkMraNP
Invalid tokenAmount: 0, skipping transaction 452rBVMipkc3QWQyFDPco8zv2mi5kA3P6okBFY9cKmTxAkdyJwcqK8YyHnx6cNHMEyGK9NW5FPMhq6zA1fRhAto2
Invalid quoteAddress: undefined, skipping transaction 64DkoH8Mwe4gqcpuv2cTU9HCPECEoYzaQTd9d6uiU18mLh9A3Qq2ybcTPydYoCVAM6cZkK25wkW6cVhtpF9fC573
Invalid quoteAmount: 0, skipping transaction 61ntJ3H1kfHPA8JYSP4PnkFK5bEdYVzsD9LVQojjBXgi5uv5GwCADdDdb7F4TDEVhAUYspKNGdwCD9AM211oxyf
quoteSymbol not support 2niLT8fZQi8GDJQWs8SUWu3uxnRMMAwHzFPPZ8C8pump, skipping transaction 3C1d2irmZLgo68vQcWSZjrWRUZ578ddoDbTUdeyAtkDQSyW3t1SxwpmMNS8BokynFgAppZeWFhFtmKJQUY83vYak
Invalid quoteAddress: undefined, skipping transaction 48psRtPVdUqnqvu23Y5i6PabmWTVr6Au1ZhaVgKQ9mDHeGLpwp8hcCAXkavbdqcXzmBWakpdXkvh6RDV4wUnuSjx
Invalid quoteAddress: undefined, skipping transaction TxKauYu8dYGsnHrRe8JrWZP4SW6SKvgGERBAMjhwj2R9X3AaXB6vCV8nqHNbcoFEB9kXeT1vEuweKeiRsdaMGD9
quoteSymbol not support B2BsVuodH2eBGRnFckRYYW6yjur7Tn8cCxaSE2Xrnj5V, skipping transaction 4apEZNBjQLuiDbrXkhmcSRtuX3zoFrJN8XaJ9EiQKUiKtkdiHUn9HAXYsfGqG1w3dYkqEpkezcTdivyDjLNp3Yt5
Invalid quoteAddress: undefined, skipping transaction 56vYwWbghBoPSSAoE2p7qpz6Njj3CuopmEsvbvzUfDxRfrHLQT8wvyNX4UnYbA7FAn4F5V9pTYPmoRLGLkjkv8tC
Invalid tokenAmount: 0, skipping transaction 5sheqYw9LdsXDTohuvKukZVvMaxoLGjeZULr2LPRYZVrtxww68JexfjJ7veS8y6CExfQP2EzMoA4knZReRTzCe4W
quoteSymbol not support AkKiBr3pdYTi8gUPuMoQV1iZnSan9ix22gkPrsJUKkpM, skipping transaction 5GmjJbGRwJqV51ocgBaV36zK6tPK3voqWrFSNUTDZ4Qm5bdQLhWPwdME7YzDp1q2u8ehzFKWUgtU6BYwHzh6mBAX
Invalid quoteAddress: undefined, skipping transaction 3SExcqpfw5wSqJvMnd4CtKWQvnT9h1tFYQAzCZyXjAzvDWuT4EwWKD1tjNmNkCviEtZu3yjZL6BE1uGBL1Yr7mzH
Invalid tokenAmount: 0, skipping transaction GVo49LdYwLmV8RF4LmrPrf6fpRse9RVtjgJrZmubabogMhdJdJ5UbdZgPQcn7n1DiYQnQSVJLcoQZRw3CfUiyj7
quoteSymbol not support 45EgCwcPXYagBC7KqBin4nCFgEZWN7f3Y6nACwxqMCWX, skipping transaction 3DuW3RWB3uBgLafzbWmRoTAETzcvCQyMSBE8ybHAMiP25Z2wN5SLwq3EDh78q9ad32ggGusH3TFaiKYJHYJC7DUv
quoteSymbol not support 45EgCwcPXYagBC7KqBin4nCFgEZWN7f3Y6nACwxqMCWX, skipping transaction 2CTMaEckAbyqotdp78zR45YwMkduCw8f29Phe9FyC9w7YAVMkFDZzKhJL2f7JzCFqhXarebefhQANEgMUtmJynrF
Invalid quoteAmount: 0, skipping transaction 4gAqJCDT9SFMk8mMqnMAatdKugg9XyYMUBGGjnrgYoS63nggnYuKoQcRB4478TSQac61y2deEvaDnuhXiUNtZ6yE
quoteSymbol not support J1toso1uCk3RLmjorhTtrVwY9HJ7X8V9yYac6Y7kGCPn, skipping transaction t7WyLPxYVuQs6bJLZ9Vth5wADZWbpjuuvxyWZRKwTSeikVntxnyRaU1cxTZbaFrcfyatpKpQVRyBvELDWnCc3nE
Invalid tokenAmount: 0, skipping transaction 5nrXLJDgb8bqRzeuhhByKUXFsVNk7gfuMi2rqLfD47tXMyorJvQDwt18ML7j7hVUbQGBqNF1kSBhmmt5otBs4THj
Invalid tokenAmount: 0, skipping transaction 3XH7teLmtZY6aaPZ3fCGt9GQBixErpW3qL3pXKTRfNfVXrHUfjTQUuJrfmEqgNpcKMXeYr7PtmX64BEAB7ucaVHW
Invalid tokenAmount: 0, skipping transaction 4qkKMoWiMygNdpvz5j72z2sz9pV97wNg4haVRfhJwJR7A5aECSB9HAT7wTbjz9nvGdDA5vW4cT3bAZpeUGJwY8kw
quoteSymbol not support 6ogzHhzdrQr9Pgv6hZ2MNze7UrzBMAFyBBWUYp1Fhitx, skipping transaction 4wByXxPH79hajLadwsiSJ5yn2GT7HzQ75g9ADsJNG4ZfvHZL2Umo6hbuGxie9zxQhukzZnCWgWxWMsAfVM1Qm7yv
quoteSymbol not support 6JoH8vJCJeJQyP8BtJfzKmtifisHrF5Nwy3oqRwjpump, skipping transaction ycR5evPByjLz1PNTvsEkwG4sDwKcWouNdYifZjF4z2nrezhnwRraRifevphPLJq7Z9pfA2Pg77Rsfi9o1Te9yi8
✅ 插入 7438 条记录到 solana_history_data_new
HIGH PERFORMANCE: parse 94 blocks, cost: 4175 ms
[Port 8023] server total use, cost: 4175 ms
100
parse block 292690832,cost:41 ms
parse block 292690831,cost:11 ms
parse block 292690830,cost:18 ms
parse block 292690829,cost:20 ms
parse block 292690828,cost:17 ms
parse block 292690827,cost:36 ms
parse block 292690826,cost:42 ms
parse block 292690825,cost:35 ms
parse block 292690824,cost:35 ms
parse block 292690823,cost:41 ms
parse block 292690822,cost:50 ms
parse block 292690821,cost:27 ms
parse block 292690820,cost:35 ms
parse block 292690819,cost:40 ms
parse block 292690818,cost:31 ms
parse block 292690817,cost:39 ms
parse block 292690816,cost:53 ms
parse block 292690815,cost:60 ms
parse block 292690814,cost:86 ms
parse block 292690813,cost:17 ms
parse block 292690812,cost:49 ms
parse block 292690811,cost:25 ms
parse block 292690810,cost:30 ms
parse block 292690809,cost:25 ms
parse block 292690808,cost:28 ms
parse block 292690807,cost:58 ms
parse block 292690806,cost:53 ms
parse block 292690805,cost:33 ms
parse block 292690804,cost:54 ms
parse block 292690803,cost:16 ms
parse block 292690802,cost:36 ms
parse block 292690801,cost:30 ms
parse block 292690800,cost:31 ms
parse block 292690799,cost:48 ms
parse block 292690798,cost:82 ms
parse block 292690797,cost:47 ms
parse block 292690796,cost:30 ms
parse block 292690795,cost:62 ms
parse block 292690794,cost:30 ms
parse block 292690793,cost:43 ms
parse block 292690792,cost:46 ms
parse block 292690791,cost:86 ms
parse block 292690790,cost:38 ms
parse block 292690789,cost:31 ms
parse block 292690788,cost:31 ms
parse block 292690787,cost:44 ms
parse block 292690786,cost:38 ms
parse block 292690785,cost:36 ms
parse block 292690784,cost:47 ms
parse block 292690783,cost:26 ms
parse block 292690782,cost:59 ms
parse block 292690781,cost:23 ms
parse block 292690780,cost:48 ms
parse block 292690779,cost:31 ms
parse block 292690778,cost:48 ms
parse block 292690777,cost:50 ms
parse block 292690776,cost:48 ms
parse block 292690775,cost:33 ms
parse block 292690774,cost:34 ms
parse block 292690773,cost:53 ms
parse block 292690772,cost:81 ms
parse block 292690771,cost:27 ms
parse block 292690770,cost:22 ms
parse block 292690769,cost:27 ms
parse block 292690768,cost:41 ms
parse block 292690767,cost:29 ms
parse block 292690766,cost:46 ms
parse block 292690765,cost:57 ms
parse block 292690764,cost:40 ms
parse block 292690763,cost:35 ms
parse block 292690762,cost:28 ms
parse block 292690761,cost:41 ms
parse block 292690760,cost:32 ms
parse block 292690759,cost:42 ms
parse block 292690758,cost:63 ms
parse block 292690757,cost:20 ms
parse block 292690756,cost:76 ms
parse block 292690755,cost:37 ms
parse block 292690754,cost:28 ms
parse block 292690753,cost:17 ms
parse block 292690752,cost:35 ms
parse block 292690751,cost:42 ms
parse block 292690750,cost:43 ms
parse block 292690749,cost:65 ms
parse block 292690748,cost:54 ms
parse block 292690747,cost:51 ms
parse block 292690746,cost:27 ms
parse block 292690745,cost:51 ms
parse block 292690744,cost:40 ms
parse block 292690743,cost:44 ms
parse block 292690742,cost:25 ms
parse block 292690741,cost:32 ms
parse block 292690740,cost:45 ms
parse block 292690739,cost:64 ms
parse block 292690738,cost:18 ms
parse block 292690737,cost:48 ms
parse block 292690736,cost:45 ms
parse block 292690735,cost:30 ms
parse block 292690734,cost:54 ms
parse block 292690733,cost:44 ms
quoteSymbol not support 8JamYLTLGxAqD1UWs3q2K2my8u9BnhRHNTqJrPce1zVQ, skipping transaction WGL8rwW1FmATZmTT2ZXVXaiFMcFdrz2B9RvEuo1P8Tb4tv4tVa8HKUQLDcYcLQjdQdTF33j7GXAuZHaX29CcsCU
Invalid tokenAmount: 0, skipping transaction 2FUAAfYsuuYw1E19rdWY4EdHQ7wdyaj8qMKFU9djpvRvdSHUkFZuC1Pi8quPgNzcBPXaCD2CCaNjKBo7V8tqHwi8
quoteSymbol not support 5mbK36SZ7J19An8jFochhQS4of8g6BwUjbeCSxBSoWdp, skipping transaction 3FrAAXFyaCUcCqbb5Tq7MJWV9Ap8hJWw11RYhTKyEdWiew33C6yYDHftFrQvMs6Nkg76vRAjaiAPeEG4MAcnsfTG
Invalid tokenAmount: 0, skipping transaction 2VkNYBj8nyykhT1gmsuDGtxwjTF1wt4Fce89MjvMopQp8HJZQrUQdDyFBkeG3GLNtvoA2wnddnUArAde3exb3mfj
quoteSymbol not support CEdKYVwEee47oSZuq8BvwFFpwaNiYmVeFt45hSdZpump, skipping transaction 27xHmVGYijHPA4KgBy6vVjqMGms7gFM2TwWQdzK3aQAbejZpyY1zaXQaimM1WwJRbxC1AatfwGgCdqa4bwbsmgbX
quoteSymbol not support FU1q8vJpZNUrmqsciSjp8bAKKidGsLmouB8CBdf8TKQv, skipping transaction 3fuG4YURW3o6Gr2iQh375VaSbJeaQhnxkqCKua3BL8QexkesCYMZ6tvt4FpuSxtoa5aurnuspaY622AoTur3Ppre
quoteSymbol not support J4kisnm6yA9gHXhyCmmoFEV8C4eTnHDKBC4Tcd6upump, skipping transaction 4RsRLS4DZu7Rg5RgjGopY6L4HJVhTugFN7tXfYXDUCRAKduFcGCogPhsPKG31HEvKXaPDfe95YreYXoNuEqy5eLk
quoteSymbol not support H3np8erpfDMiJenHoMqBZoxKUEHeVeZwdeZx8adPpump, skipping transaction 2tW4vGFGFpqSwGADTgkvh986Nt4ZRMiecicdU5eBL8CPAahqfEcZHU5S623TBBDKdJnvzzs3zTWJP9cxeL7AzLDf
Invalid tokenAmount: 0, skipping transaction AZn7zDbASBNziiUzVdSvjwKHvg3BBFnPhhJHMHJzNFTNdJ9QPDtgR6DVLCiC6if9MXFLpzkkaUKUP6vK1sHGERf
quoteSymbol not support BDeeKZMJ2fMJum4zzHBunJ6vLJkLEFdFMuZFXG17b1t7, skipping transaction 3c7e367Pz2EHK2tRUK2PxynVEew3XdY1WJzrRxzUXqfrFoAp83hUprpzFN2x3DsZBUWqS2nwsfrEsnDDGmdXHmxA
quoteSymbol not support J4kisnm6yA9gHXhyCmmoFEV8C4eTnHDKBC4Tcd6upump, skipping transaction 5TXyJsg2FgYe4AvPQkYBnHovPucoW3WpytAc8DyvffAb3pPFc4fyi6Pmawno5nkErVfg6WUmLMNJkHzZ6nmhSERa
Invalid tokenAmount: 0, skipping transaction 2eKq9eAQPAesuMEBsXLviQDcvu9pfYYTzfYhBz7w2N69aV636sv7KQ7KAk13HaKknXG9rKVMuvy4L1UuxKyAuVnq
Invalid tokenAmount: 0, skipping transaction 5jG5et9dzWFb26goJERP2KLawYYEXq8iBJZPxkTbFRzE5ZQ7XioMCjWqxgmdSgksFRJBvJSYy4Yyz7bM45ZcMVk
quoteSymbol not support AZsHEMXd36Bj1EMNXhowJajpUXzrKcK57wW4ZGXVa7yR, skipping transaction 5SxqudL27X7CPDcHxr5HsC3n7yaeG2wWg8Skq26eAFtxURRfyTDkSuqJWHqU1qe5Dm7Y8WwgtKb3x6Hq4Kp3p4N9
✅ 插入 8350 条记录到 solana_history_data_new
HIGH PERFORMANCE: parse 100 blocks, cost: 4484 ms
[Port 8023] server total use, cost: 4484 ms
98
parse block 292687032,cost:38 ms
parse block 292687031,cost:29 ms
parse block 292687030,cost:38 ms
parse block 292687029,cost:40 ms
parse block 292687028,cost:33 ms
parse block 292687027,cost:70 ms
parse block 292687026,cost:41 ms
parse block 292687025,cost:77 ms
parse block 292687024,cost:61 ms
parse block 292687023,cost:71 ms
parse block 292687022,cost:29 ms
parse block 292687021,cost:62 ms
parse block 292687020,cost:29 ms
parse block 292687019,cost:46 ms
parse block 292687018,cost:111 ms
parse block 292687017,cost:19 ms
parse block 292687016,cost:7 ms
parse block 292687013,cost:6 ms
parse block 292687012,cost:17 ms
parse block 292687011,cost:47 ms
parse block 292687010,cost:48 ms
parse block 292687009,cost:42 ms
parse block 292687008,cost:18 ms
parse block 292687007,cost:65 ms
parse block 292687006,cost:73 ms
parse block 292687005,cost:23 ms
parse block 292687004,cost:40 ms
parse block 292687003,cost:26 ms
parse block 292687002,cost:75 ms
parse block 292687001,cost:27 ms
parse block 292687000,cost:39 ms
parse block 292686999,cost:35 ms
parse block 292686998,cost:13 ms
parse block 292686997,cost:17 ms
parse block 292686996,cost:32 ms
parse block 292686995,cost:16 ms
parse block 292686994,cost:63 ms
parse block 292686993,cost:41 ms
parse block 292686992,cost:8 ms
parse block 292686991,cost:49 ms
parse block 292686990,cost:61 ms
parse block 292686989,cost:31 ms
parse block 292686988,cost:30 ms
parse block 292686987,cost:24 ms
parse block 292686986,cost:35 ms
parse block 292686985,cost:30 ms
parse block 292686984,cost:22 ms
parse block 292686983,cost:24 ms
parse block 292686982,cost:36 ms
parse block 292686981,cost:59 ms
parse block 292686980,cost:20 ms
parse block 292686979,cost:18 ms
parse block 292686978,cost:45 ms
parse block 292686977,cost:28 ms
parse block 292686976,cost:49 ms
parse block 292686975,cost:15 ms
parse block 292686974,cost:6 ms
parse block 292686973,cost:4 ms
parse block 292686972,cost:54 ms
parse block 292686971,cost:45 ms
parse block 292686970,cost:18 ms
parse block 292686969,cost:11 ms
parse block 292686968,cost:103 ms
parse block 292686967,cost:34 ms
parse block 292686966,cost:53 ms
parse block 292686965,cost:29 ms
parse block 292686964,cost:65 ms
parse block 292686963,cost:30 ms
parse block 292686962,cost:32 ms
parse block 292686961,cost:19 ms
parse block 292686960,cost:46 ms
parse block 292686959,cost:27 ms
parse block 292686958,cost:69 ms
parse block 292686957,cost:47 ms
parse block 292686956,cost:68 ms
parse block 292686955,cost:23 ms
parse block 292686954,cost:18 ms
parse block 292686953,cost:78 ms
parse block 292686952,cost:55 ms
parse block 292686951,cost:54 ms
parse block 292686950,cost:67 ms
parse block 292686949,cost:42 ms
parse block 292686948,cost:29 ms
parse block 292686947,cost:39 ms
parse block 292686946,cost:66 ms
parse block 292686945,cost:45 ms
parse block 292686944,cost:55 ms
parse block 292686943,cost:47 ms
parse block 292686942,cost:13 ms
parse block 292686941,cost:10 ms
parse block 292686940,cost:12 ms
parse block 292686939,cost:47 ms
parse block 292686938,cost:20 ms
parse block 292686937,cost:87 ms
parse block 292686936,cost:111 ms
parse block 292686935,cost:5 ms
parse block 292686934,cost:13 ms
parse block 292686933,cost:42 ms
quoteSymbol not support 7vfCXTUXx5WJV5JADk17DUJ4ksgau7utNKj4b963voxs, skipping transaction 4WJ8ecdw6QNJzuP7nHZZfz8cFt3r3DUK1UCx5dTfjbfd92UFg7rTz7VJQH4EM8kPmDy6mJwGiub4V1Xo9GDo8SFf
quoteSymbol not support ED5nyyWEzpPPiWimP8vYm7sD7TD3LAt3Q3gRTWHzPJBY, skipping transaction 3bNZkvMvrQZyfshP2KJfZUno356cPHCUC5F3ZqzxwPZGjVCw9tHy3JeHrp2FkUqMxB6pPRy52R1ofMvTFsT3waTj
quoteSymbol not support ED5nyyWEzpPPiWimP8vYm7sD7TD3LAt3Q3gRTWHzPJBY, skipping transaction 4JaUnXvuPVqi6M7aKCn4zNrd4DU2Hb42z6TQwncJysppcuaaz9EAe6H9AmgNJpntzRf2jMPj6yg2ULUZ9s8vAzQv
quoteSymbol not support CEdKYVwEee47oSZuq8BvwFFpwaNiYmVeFt45hSdZpump, skipping transaction 2hFfAMBi8orTcpnsZSrFffAfFvM8TUPwJuihyt55xTox7ScjpR7qABJKpdcwmyJ2YsUmgtByEzcNkWYicKzJvnSC
Invalid quoteAmount: 0, skipping transaction 3FCfzGarftq7UM4Fmk9XdzK6EfDt8Educpr5PVBWFtqVBgji923MYmckgrYqDrCtvHgPBjb8H7sX7a9iJzVCXvJR
quoteSymbol not support 3vv45YNWapBmb7CxL86czWJshpmWVUziHCMX4JH1Lyzh, skipping transaction 2hTsu78d4mEVZTdGrJwzR8Eeu3W6hGtJcVXJXgZbWrkmfrq87HgQUppem4vakkfK5UqjYqyweifinkJScJjaCkUR
quoteSymbol not support ED5nyyWEzpPPiWimP8vYm7sD7TD3LAt3Q3gRTWHzPJBY, skipping transaction 4gmd6JzApNvfRDrdp79z6P31v8cFSujsagdh29pP34eRXPSPerB5bCC9VXmccjfoP6ntu8c9TbGWnfB1izXy6QP8
Invalid tokenAmount: 0, skipping transaction iqnHxc26tAMqP9v1v7t2Kwssks5f3K5g7poot1pJzfxyxoPXXvvP2yiFr4UisSGrWdCYAjoSojAcgTTySe5nhk3
Invalid tokenAmount: 0, skipping transaction 3wjjnuVT4vTU145qEpFPMjsY3BuEeYm6buPYgU6X6sGZoiT6axNyyLKdH9atZhsbEFVNkA2qUcmufLhERnffNLHF
quoteSymbol not support Hf9GtJGd4EwBLkqp7KQSAfaKhKDyUabGkLHznTzYtcw9, skipping transaction 5A5ND742ESsF9R1Waomm6HU91GS4orN5nxVK96VLkiDZN3vsdw3Kw6G3ZND5AqSssgVVgq7z24WHrHtCFnT8rKXY
quoteSymbol not support 5hNH9FH4AgQ9AVp7vVxydyvSH6MXUpqAFvss1YgZpump, skipping transaction 3WCeLURFHNMeDWJdCkwvZUkbfzAwqNiA9kKvxmDdd9AforZ86FztBhZphKotuLGVoR2YVkGJsEdVyToRF529cjxH
quoteSymbol not support DkKWcJPjk9zU7kVeppaouTQPfYa51pXbBVhVU7U4xWJi, skipping transaction 5xk83zGfCpCjgDnNY3s5Kgn7b3yS6XoPEJ3VpqcJ3NqbHW1sQzbN4gtvCa7Di5WVEd17XKSCQkKJkB16863BGaR2
Invalid tokenAmount: 0, skipping transaction 2qhePaRgHNxqavFzHQp6dpPoiHcQBXcWXKE5nUdHY1GAkaj4ocWQKuUyddkhRVKBuCSkFkRG93kZJXLZGkNg3xmo
quoteSymbol not support ED5nyyWEzpPPiWimP8vYm7sD7TD3LAt3Q3gRTWHzPJBY, skipping transaction 2uWrRLYTjQCzjCqEbbX6c5NvjsBjM78teLXRScn3KipgwHzRN5Twh4Uz9WTc8LdR4zmhrwtoaoTAJYpt7dSGsNCy
Invalid tokenAmount: 0, skipping transaction 2sbUqT25phNnsffah5fuLtkiVz6xh1NW9qTWXEr2MoRAU3UN6e9s4DZ78bBPgyLqfeQtGNbaKEziN2aEHcZwYjhP
✅ 插入 8914 条记录到 solana_history_data_new
HIGH PERFORMANCE: parse 98 blocks, cost: 4344 ms
[Port 8023] server total use, cost: 4344 ms
99
parse block 292685432,cost:36 ms
parse block 292685431,cost:32 ms
parse block 292685430,cost:38 ms
parse block 292685429,cost:70 ms
parse block 292685428,cost:32 ms
parse block 292685427,cost:44 ms
parse block 292685426,cost:30 ms
parse block 292685425,cost:19 ms
parse block 292685424,cost:21 ms
parse block 292685423,cost:38 ms
parse block 292685422,cost:35 ms
parse block 292685421,cost:46 ms
parse block 292685420,cost:40 ms
parse block 292685419,cost:28 ms
parse block 292685418,cost:40 ms
parse block 292685417,cost:27 ms
parse block 292685416,cost:37 ms
parse block 292685415,cost:27 ms
parse block 292685414,cost:61 ms
parse block 292685413,cost:43 ms
parse block 292685412,cost:92 ms
parse block 292685411,cost:20 ms
parse block 292685410,cost:28 ms
parse block 292685409,cost:26 ms
parse block 292685408,cost:67 ms
parse block 292685407,cost:28 ms
parse block 292685406,cost:42 ms
parse block 292685405,cost:35 ms
parse block 292685404,cost:50 ms
parse block 292685403,cost:79 ms
parse block 292685402,cost:67 ms
parse block 292685401,cost:29 ms
parse block 292685400,cost:60 ms
parse block 292685399,cost:13 ms
parse block 292685398,cost:25 ms
parse block 292685397,cost:43 ms
parse block 292685396,cost:110 ms
parse block 292685395,cost:32 ms
parse block 292685394,cost:42 ms
parse block 292685393,cost:32 ms
parse block 292685392,cost:24 ms
parse block 292685391,cost:14 ms
parse block 292685390,cost:68 ms
parse block 292685389,cost:49 ms
parse block 292685388,cost:7 ms
parse block 292685387,cost:42 ms
parse block 292685386,cost:35 ms
parse block 292685385,cost:28 ms
parse block 292685384,cost:48 ms
parse block 292685383,cost:26 ms
parse block 292685382,cost:52 ms
parse block 292685381,cost:34 ms
parse block 292685380,cost:25 ms
parse block 292685379,cost:39 ms
parse block 292685378,cost:54 ms
parse block 292685377,cost:20 ms
parse block 292685376,cost:18 ms
parse block 292685375,cost:62 ms
parse block 292685374,cost:50 ms
parse block 292685373,cost:38 ms
parse block 292685372,cost:55 ms
parse block 292685371,cost:28 ms
parse block 292685370,cost:39 ms
parse block 292685369,cost:17 ms
parse block 292685368,cost:43 ms
parse block 292685367,cost:19 ms
parse block 292685366,cost:51 ms
parse block 292685365,cost:72 ms
parse block 292685363,cost:33 ms
parse block 292685362,cost:94 ms
parse block 292685361,cost:46 ms
parse block 292685360,cost:47 ms
parse block 292685359,cost:33 ms
parse block 292685358,cost:24 ms
parse block 292685357,cost:39 ms
parse block 292685356,cost:55 ms
parse block 292685355,cost:36 ms
parse block 292685354,cost:56 ms
parse block 292685353,cost:36 ms
parse block 292685352,cost:34 ms
parse block 292685351,cost:45 ms
parse block 292685350,cost:26 ms
parse block 292685349,cost:57 ms
parse block 292685348,cost:54 ms
parse block 292685347,cost:90 ms
parse block 292685346,cost:61 ms
parse block 292685345,cost:60 ms
parse block 292685344,cost:37 ms
parse block 292685343,cost:20 ms
parse block 292685342,cost:60 ms
parse block 292685341,cost:39 ms
parse block 292685340,cost:44 ms
parse block 292685339,cost:72 ms
parse block 292685338,cost:54 ms
parse block 292685337,cost:10 ms
parse block 292685336,cost:50 ms
parse block 292685335,cost:45 ms
parse block 292685334,cost:24 ms
parse block 292685333,cost:51 ms
quoteSymbol not support ED5nyyWEzpPPiWimP8vYm7sD7TD3LAt3Q3gRTWHzPJBY, skipping transaction 2jMXqppQkxQ41sMkFkaXpRyRoiHkXo68FFhqDwj9cNZjn6MncmYpA9srD8bRChAPLiAWTmyqGzCXaUdzLsjUxVjL
quoteSymbol not support EgxEnP82FzkeokZKh11WqLwS2zE9Zj7M8FKGvMSKpump, skipping transaction 2xZqHCrNPBsu4CwbjMvXv1u3PMkdZvXUsmQqQHgcEp1TZLRhwwe3JRadDnEPXgfrcFq5iKqpooCE288BkahzkWJR
quoteSymbol not support 5VaPFKEAzyxoWUz9PgvpnsCdT3x6q4YpnHm5zcvPpump, skipping transaction 2TAtXHfUaRbVkFJ4tdfhKKS6gWLy9WA7pkw1GbVEDnJgyZyiqo5nSPdwTYnFM8GRuTtStqJRG6CefaWC4eQg4PXa
quoteSymbol not support ED5nyyWEzpPPiWimP8vYm7sD7TD3LAt3Q3gRTWHzPJBY, skipping transaction 2F7KjdqGVRKKdBYXQcsxmUcrAoey9ADWT8Nq9WtbW7A4worT8jBjaM1NSAjq7VgePutui51wkNAQvAsH4nRdULms
Invalid quoteAmount: 0, skipping transaction 2Fwps16WiaKM6Z1h6gPbq2131xbZyVUM298T8TLMfbeb8PDkTN4JZ887TjFcojq53hLhwJoyVHJeT2quxURGJUwi
quoteSymbol not support 6yjNqPzTSanBWSa6dxVEgTjePXBrZ2FoHLDQwYwEsyM6, skipping transaction 4MAtoed7s4Y3TEWtFYFPPryUH2zvt3TGXDMPof5Bufcp7VRC1XfeEqdNQufSeagMd7hrtggZjtfhoQmh8femuYjj
Invalid tokenAmount: 0, skipping transaction 4wj5W4psN5uLbFg7peNLLAi78MoxSumeDksDA3A4srpCgXwT1V6z3cx6mVDcfSmANaK7jx2jvuiZqUd1pBSQUMT5
quoteSymbol not support 5hNH9FH4AgQ9AVp7vVxydyvSH6MXUpqAFvss1YgZpump, skipping transaction 2QhJtmyUAHa5n7v6XkmKtC2R2mxZ4EQTu7S6nZGos1V2eJpRZs3sdSCxrHWWvY7qWKNB8gzYZFntmLfV3LaT21Dj
Invalid quoteAddress: undefined, skipping transaction 62xPoWidG1xYTF1XNCX1q2SdQgbXKi5z7cLc1chbcPDf298AmLwD7t7H6xk3hPjK3KSyhUcbjiYBziJivjDV5iG2
Invalid tokenAmount: 0, skipping transaction 2dfPt2Bq1hCFjaWVQ4WzZUF82hEPmC5uSerJZSCKxM4Nj2nTitqJHxZcBXkoPDrRnjtAfXxrrQ3m1wbAhS8QXE7M
Invalid quoteAmount: 0, skipping transaction 5qyTDUAPnWxGWEZaRisQ1wp2JUNR5CqWyzGHYr3PokZDyFKvTogH7D6PwAMoAWMJbxHrxF3dhoWmnt1KVBqWjqnq
Invalid quoteAddress: undefined, skipping transaction orw548FwR7EiVs4gzF6tSHhPNcngMDX2ewYNf71paZT4wmuxUijrrYH2ZqFs3mMQo3GNX7VbU3CteQ1mESxTeVQ
quoteSymbol not support 5hNH9FH4AgQ9AVp7vVxydyvSH6MXUpqAFvss1YgZpump, skipping transaction 5dVR8hbTrMYEPC3bwvw4wTFJQQPDSAvzgfhft8ZwdDedNCrND9rTsQPYVTfnhsmCuLtodibzed9zQRMy8chiZEZW
Invalid tokenAmount: 0, skipping transaction UegABaqvHHdcyZb5DSRWLEM28SFBcYCNFJ1gUoFafgVPvfCimcotjVx4YgXySgXrTD1LrwWj9t9k4qiXhs2xMnZ
Invalid quoteAddress: undefined, skipping transaction 4AE6yfuGHYZrZnhxeRRXHAAfaZ19DcTcmTarCh1aaa5r3SkiagFT3PiYoRiLQ44ajP1kwNSMkYVCRrQRJcvsPBfQ
quoteSymbol not support CHcAV7NRF5ydNy8KAHDiJqLJQUwpus1Hxxf7wyoaUMmk, skipping transaction 2ZSYVKTDQ57pqTyHcVGYicryfMVbifBVN3ekzqNuuKH3AbM3Y8SbLpnA62M26Fxb1eAB9v1forVwJijw2oCqjypE
quoteSymbol not support Dk1gzfVtwF18vb5ptaaj66XomzvBGQ2fesK7btntpump, skipping transaction 2t8QkfmfFD2byZ9wbu2UJVgRGJZ6YRuMwiGksf2kAJGuGgtTPsvoz5GPLmWEZ1gXKAzJWKG4kMKgCm2VK2kQLNM8
quoteSymbol not support 5hNH9FH4AgQ9AVp7vVxydyvSH6MXUpqAFvss1YgZpump, skipping transaction 3AotQjh3CVLnzpaSTsPBgfhuP4ECs5JrAo3CkTFWgrtuM48KcSsBzwwfSEG3d2pvqwS2xJw3tpmwYUZWXqt47g7r
quoteSymbol not support 5hNH9FH4AgQ9AVp7vVxydyvSH6MXUpqAFvss1YgZpump, skipping transaction 3X5x3sMPN4gEY5hmyqSKppRkH6xnUHYA7hKeQQTScW6xrsHBLZg487dYH6beokzZSu4E7bBwfLmwxK8M97Qrxzse
✅ 插入 7600 条记录到 solana_history_data_new
HIGH PERFORMANCE: parse 99 blocks, cost: 4544 ms
[Port 8023] server total use, cost: 4544 ms
100
parse block 292681232,cost:38 ms
parse block 292681231,cost:43 ms
parse block 292681230,cost:36 ms
parse block 292681229,cost:35 ms
parse block 292681228,cost:46 ms
parse block 292681227,cost:30 ms
parse block 292681226,cost:52 ms
parse block 292681225,cost:63 ms
parse block 292681224,cost:66 ms
parse block 292681223,cost:49 ms
parse block 292681222,cost:31 ms
parse block 292681221,cost:32 ms
parse block 292681220,cost:54 ms
parse block 292681219,cost:47 ms
parse block 292681218,cost:61 ms
parse block 292681217,cost:32 ms
parse block 292681216,cost:57 ms
parse block 292681215,cost:41 ms
parse block 292681214,cost:22 ms
parse block 292681213,cost:42 ms
parse block 292681212,cost:50 ms
parse block 292681211,cost:31 ms
parse block 292681210,cost:40 ms
parse block 292681209,cost:40 ms
parse block 292681208,cost:30 ms
parse block 292681207,cost:47 ms
parse block 292681206,cost:30 ms
parse block 292681205,cost:34 ms
parse block 292681204,cost:30 ms
parse block 292681203,cost:60 ms
parse block 292681202,cost:14 ms
parse block 292681201,cost:31 ms
parse block 292681200,cost:39 ms
parse block 292681199,cost:45 ms
parse block 292681198,cost:50 ms
parse block 292681197,cost:9 ms
parse block 292681196,cost:79 ms
parse block 292681195,cost:51 ms
parse block 292681194,cost:30 ms
parse block 292681193,cost:19 ms
parse block 292681192,cost:46 ms
parse block 292681191,cost:33 ms
parse block 292681190,cost:66 ms
parse block 292681189,cost:40 ms
parse block 292681188,cost:26 ms
parse block 292681187,cost:33 ms
parse block 292681186,cost:49 ms
parse block 292681185,cost:50 ms
parse block 292681184,cost:40 ms
parse block 292681183,cost:38 ms
parse block 292681182,cost:35 ms
parse block 292681181,cost:50 ms
parse block 292681180,cost:45 ms
parse block 292681179,cost:35 ms
parse block 292681178,cost:50 ms
parse block 292681177,cost:30 ms
parse block 292681176,cost:34 ms
parse block 292681175,cost:41 ms
parse block 292681174,cost:51 ms
parse block 292681173,cost:38 ms
parse block 292681172,cost:24 ms
parse block 292681171,cost:35 ms
parse block 292681170,cost:36 ms
parse block 292681169,cost:58 ms
parse block 292681168,cost:24 ms
parse block 292681167,cost:68 ms
parse block 292681166,cost:24 ms
parse block 292681165,cost:31 ms
parse block 292681164,cost:29 ms
parse block 292681163,cost:47 ms
parse block 292681162,cost:42 ms
parse block 292681161,cost:112 ms
parse block 292681160,cost:59 ms
parse block 292681159,cost:56 ms
parse block 292681158,cost:47 ms
parse block 292681157,cost:43 ms
parse block 292681156,cost:9 ms
parse block 292681155,cost:44 ms
parse block 292681154,cost:43 ms
parse block 292681153,cost:35 ms
parse block 292681152,cost:74 ms
parse block 292681151,cost:48 ms
parse block 292681150,cost:21 ms
parse block 292681149,cost:43 ms
parse block 292681148,cost:32 ms
parse block 292681147,cost:51 ms
parse block 292681146,cost:59 ms
parse block 292681145,cost:39 ms
parse block 292681144,cost:43 ms
parse block 292681143,cost:44 ms
parse block 292681142,cost:40 ms
parse block 292681141,cost:40 ms
parse block 292681140,cost:42 ms
parse block 292681139,cost:37 ms
parse block 292681138,cost:39 ms
parse block 292681137,cost:36 ms
parse block 292681136,cost:42 ms
parse block 292681135,cost:47 ms
parse block 292681134,cost:70 ms
parse block 292681133,cost:48 ms
quoteSymbol not support 5VaPFKEAzyxoWUz9PgvpnsCdT3x6q4YpnHm5zcvPpump, skipping transaction 4TUcZLEocPejsshK5ARGhFnTNkKdUrn1LNXEADRLmrSD8sP5suU65bLCFUNzhk7J17DUZMRPh98qXCh766dKGEeS
quoteSymbol not support ED5nyyWEzpPPiWimP8vYm7sD7TD3LAt3Q3gRTWHzPJBY, skipping transaction 4TfSXim6PAfDpvwPmWpyxSNP5BAAHqaDfUhSCwpQacDUXRC4GhogJSeJtfddJzT18fe6rk7oUN53DTvhyAArCayF
Invalid tokenAmount: 0, skipping transaction uGzsjDWeWXh6Bq4MN1ePNyBkH523DfMp9JbeVbcGubZL4jkw9x93189LVbRsqQkK8ifWNrvGYZZyVU5U8nuHMEY
quoteSymbol not support 9VcoV5HHM8jPAuZ6X5VAzZkHNySVB4GyYQ1byc8BB6Zm, skipping transaction 4adVRXr8wyhG6s9APbcAgkj7Vd9gXtLpgqQ9ecpsp88ZiLVuNaiUoZtAjVihZFABstHhQuWd3vpeGPdkBG3g3hfL
quoteSymbol not support ED5nyyWEzpPPiWimP8vYm7sD7TD3LAt3Q3gRTWHzPJBY, skipping transaction 2MphLdAjmz9c5R4HQdt5b2rurZkbvASQvouH68tWxUuPDf5iEBwRv4YxC2KK3EDo6qTk5nWc8Mv8GtUCVYxFxh4W
quoteSymbol not support ED5nyyWEzpPPiWimP8vYm7sD7TD3LAt3Q3gRTWHzPJBY, skipping transaction 44Wyatu9qF5yfUrtBExG9YnhrHxeBL7tHMRYuB2c8Hp6LYRamFhhzs43SNk14JcbTkMvNQnUDmSpKcM8eTB7J1pT
quoteSymbol not support ENFcR4n3TTSzwDLxuCst3dUq8HvA1czhDB98cj8Ppump, skipping transaction 4D1yLZdXWvQ1XXCrz67MPHwrep3PaFBiYRVtnREhjWUzHrbqG6AVT7am9aaNmHKhMdLFDYkzTchbtdUi15mKnMoh
quoteSymbol not support DsML3wscMkN5UHndBJheejYAANuyfTdLUZNzjY57m1TZ, skipping transaction 5EpWB6X2Ap4QYYEU9VzjJn8eK35ZWiG4LY1TaWSfxsK2HVB1DQj73Lz9jW7AdYMkA6ALSSzD21SW7bW2kmWPNaPV
✅ 插入 8286 条记录到 solana_history_data_new
HIGH PERFORMANCE: parse 100 blocks, cost: 4660 ms
[Port 8023] server total use, cost: 4660 ms
99
parse block 292678032,cost:49 ms
parse block 292678031,cost:61 ms
parse block 292678030,cost:93 ms
parse block 292678029,cost:49 ms
parse block 292678027,cost:66 ms
parse block 292678026,cost:60 ms
parse block 292678025,cost:18 ms
parse block 292678024,cost:8 ms
parse block 292678023,cost:20 ms
parse block 292678022,cost:36 ms
parse block 292678021,cost:17 ms
parse block 292678020,cost:54 ms
parse block 292678019,cost:31 ms
parse block 292678018,cost:22 ms
parse block 292678017,cost:25 ms
parse block 292678016,cost:29 ms
parse block 292678015,cost:35 ms
parse block 292678014,cost:43 ms
parse block 292678013,cost:26 ms
parse block 292678012,cost:45 ms
parse block 292678011,cost:32 ms
parse block 292678010,cost:37 ms
parse block 292678009,cost:62 ms
parse block 292678008,cost:36 ms
parse block 292678007,cost:37 ms
parse block 292678006,cost:46 ms
parse block 292678005,cost:53 ms
parse block 292678004,cost:67 ms
parse block 292678003,cost:21 ms
parse block 292678002,cost:55 ms
parse block 292678001,cost:19 ms
parse block 292678000,cost:36 ms
parse block 292677999,cost:66 ms
parse block 292677998,cost:60 ms
parse block 292677997,cost:31 ms
parse block 292677996,cost:42 ms
parse block 292677995,cost:28 ms
parse block 292677994,cost:37 ms
parse block 292677993,cost:17 ms
parse block 292677992,cost:38 ms
parse block 292677991,cost:30 ms
parse block 292677990,cost:27 ms
parse block 292677989,cost:57 ms
parse block 292677988,cost:55 ms
parse block 292677987,cost:20 ms
parse block 292677986,cost:45 ms
parse block 292677985,cost:36 ms
parse block 292677984,cost:34 ms
parse block 292677983,cost:61 ms
parse block 292677982,cost:41 ms
parse block 292677981,cost:59 ms
parse block 292677980,cost:67 ms
parse block 292677979,cost:27 ms
parse block 292677978,cost:44 ms
parse block 292677977,cost:58 ms
parse block 292677976,cost:33 ms
parse block 292677975,cost:38 ms
parse block 292677974,cost:48 ms
parse block 292677973,cost:55 ms
parse block 292677972,cost:35 ms
parse block 292677971,cost:66 ms
parse block 292677970,cost:53 ms
parse block 292677969,cost:59 ms
parse block 292677968,cost:26 ms
parse block 292677967,cost:23 ms
parse block 292677966,cost:55 ms
parse block 292677965,cost:36 ms
parse block 292677964,cost:50 ms
parse block 292677963,cost:65 ms
parse block 292677962,cost:62 ms
parse block 292677961,cost:44 ms
parse block 292677960,cost:43 ms
parse block 292677959,cost:15 ms
parse block 292677958,cost:27 ms
parse block 292677957,cost:33 ms
parse block 292677956,cost:38 ms
parse block 292677955,cost:41 ms
parse block 292677954,cost:45 ms
parse block 292677953,cost:24 ms
parse block 292677952,cost:61 ms
parse block 292677951,cost:36 ms
parse block 292677950,cost:36 ms
parse block 292677949,cost:47 ms
parse block 292677948,cost:26 ms
parse block 292677947,cost:34 ms
parse block 292677946,cost:31 ms
parse block 292677945,cost:38 ms
parse block 292677944,cost:37 ms
parse block 292677943,cost:37 ms
parse block 292677942,cost:81 ms
parse block 292677941,cost:49 ms
parse block 292677940,cost:29 ms
parse block 292677939,cost:26 ms
parse block 292677938,cost:62 ms
parse block 292677937,cost:28 ms
parse block 292677936,cost:39 ms
parse block 292677935,cost:51 ms
parse block 292677934,cost:9 ms
parse block 292677933,cost:24 ms
quoteSymbol not support JUPyiwrYJFskUPiHa7hkeR8VUtAeFoSYbKedZNsDvCN, skipping transaction 3iZGBwz3j6Jco867ALtLwhfkDxtRPRZJJwVQKYiCV28LYR9SsPwTYnQsHVzHbeE1MfaWPHrHQFRHJ18xcsDvxnwA
quoteSymbol not support 41wBNxjPMdRShuf3Qa37xwFQCYziMgiiwzxFWqsapump, skipping transaction 4Pj8HvCAqJFzDiTNhKyHz2B6tvi1VediQDiN8mSg4PRDVDPh2cyD2keBZJ4PUjFwMjFXx18Wg3hhxp5YfVCnp1v5
Invalid tokenAmount: 0, skipping transaction 4UPT73od5uMMnkZu979SAUsKZKmUrXUdMEkP3LKJhH3yXcfsrQ7Dz8q9XiGnAeR98akw3Y4sy3u99jeYqBhwXKTC
quoteSymbol not support 9Z5KMxPfZDon5UhMb1mPNqgKq25cU652RJdS1aBapump, skipping transaction 56FQS5CMatoZGNkpEAfgpWZQY3qc3rm1hX3BG6C7sEXEob4LDeXweynjDF98Y7TeBvWmxceS69CAAgQvh3oKZjDA
quoteSymbol not support WENWENvqqNya429ubCdR81ZmD69brwQaaBYY6p3LCpk, skipping transaction 4hcnp3xXN8dTveyizbAvigcAVJSuAfebjp39VbSLAtFJQgrZp2dmR4FBUKCH4Mwpgp3iQGnysJ8C5uYyJtqKSjDU
quoteSymbol not support H6nACZy7P98A6G1VNb7MDwmR98noen99ZnwFL1H8pump, skipping transaction 5Ja3PXFSJ878FJw9oe4A3eKnrL9HaPCeGQFF1dyaGJepUN8pWQDPtWyv19DxCW88SxjiRQTmLskLatkLwU8fi72D
quoteSymbol not support 5RyGF7NMbhLW6chpwMSVgNxu1GMc3g12XpwJWkAVpump, skipping transaction 62qoS92JUUBqZoGZsT7j8M8qTCq2SRMijcZWbieVytRm7Z5DEiDSrFumMBcn5vum4S6GaK2ahgXFJhUvdZRp2Xjt
Invalid tokenAmount: 0, skipping transaction 2vhtBRAuNhDuB4vWFsdwMXHViFhNVSYGMtVgy2mHcnXpx8ic41G5aSFa5YWrTx3bgeYEGwgK8GEyumbui7fU226p
Invalid tokenAmount: 0, skipping transaction 5F5ALACgZCAVKhGrDnw6PBfLJGSLSLaPQo3yKhJkqRXXQCGRwax3J9maemuwGBN7JgwqtcdR2NVC5JbrEEdua4un
quoteSymbol not support ukHH6c7mMyiWCf1b9pnWe25TSpkDDt3H5pQZgZ74J82, skipping transaction 4bEw1vjEWfik8ofjJPQCU4uCsffhEwXcBcEKnpdygrmabE981z19ZZjyk6csmb3BeV3StCa2YxZB4JCPB9onSpm1
quoteSymbol not support 7Nv6baBR7x4sMYFMXSUPxRo22eCooLM2B4Y5xkHPpump, skipping transaction 4gFwMH4rwuciZLkTvZuBf6Jik158YnzPcjTtj5dy6fERP2TnrRjx7cfBmgkXFN4GByk9xivZU83vjmqGevTSevKb
Invalid tokenAmount: 0, skipping transaction 2un5BQ1ya5UKXRmjGhTTFtT93b3xtRtYFcA5zXJ9nyFz1so5VCwSgvYzeCDTZSoGHMgakhpr3iQSUwvHMo1pxEhM
Invalid quoteAmount: 0, skipping transaction sjmFJRtqy1ybdQn1wktXbtzRmS4EQEeVPJMJ52ARsnVkDSbGAwKNjNxB2FyL774zLgh8EyYpmWV3krvj7gLuSrx
✅ 插入 7914 条记录到 solana_history_data_new
HIGH PERFORMANCE: parse 99 blocks, cost: 4603 ms
[Port 8023] server total use, cost: 4603 ms
100
parse block 292674732,cost:37 ms
parse block 292674731,cost:32 ms
parse block 292674730,cost:40 ms
parse block 292674729,cost:35 ms
parse block 292674728,cost:39 ms
parse block 292674727,cost:25 ms
parse block 292674726,cost:43 ms
parse block 292674725,cost:31 ms
parse block 292674724,cost:34 ms
parse block 292674723,cost:47 ms
parse block 292674722,cost:63 ms
parse block 292674721,cost:17 ms
parse block 292674720,cost:6 ms
parse block 292674719,cost:6 ms
parse block 292674718,cost:38 ms
parse block 292674717,cost:43 ms
parse block 292674716,cost:33 ms
parse block 292674715,cost:42 ms
parse block 292674714,cost:53 ms
parse block 292674713,cost:16 ms
parse block 292674712,cost:54 ms
parse block 292674711,cost:41 ms
parse block 292674710,cost:42 ms
parse block 292674709,cost:49 ms
parse block 292674708,cost:18 ms
parse block 292674707,cost:59 ms
parse block 292674706,cost:38 ms
parse block 292674705,cost:34 ms
parse block 292674704,cost:44 ms
parse block 292674703,cost:28 ms
parse block 292674702,cost:26 ms
parse block 292674701,cost:23 ms
parse block 292674700,cost:26 ms
parse block 292674699,cost:48 ms
parse block 292674698,cost:13 ms
parse block 292674697,cost:29 ms
parse block 292674696,cost:28 ms
parse block 292674695,cost:25 ms
parse block 292674694,cost:31 ms
parse block 292674693,cost:40 ms
parse block 292674692,cost:30 ms
parse block 292674691,cost:27 ms
parse block 292674690,cost:71 ms
parse block 292674689,cost:35 ms
parse block 292674688,cost:23 ms
parse block 292674687,cost:40 ms
parse block 292674686,cost:94 ms
parse block 292674685,cost:32 ms
parse block 292674684,cost:38 ms
parse block 292674683,cost:35 ms
parse block 292674682,cost:32 ms
parse block 292674681,cost:15 ms
parse block 292674680,cost:50 ms
parse block 292674679,cost:12 ms
parse block 292674678,cost:27 ms
parse block 292674677,cost:54 ms
parse block 292674676,cost:63 ms
parse block 292674675,cost:17 ms
parse block 292674674,cost:38 ms
parse block 292674673,cost:12 ms
parse block 292674672,cost:26 ms
parse block 292674671,cost:44 ms
parse block 292674670,cost:45 ms
parse block 292674669,cost:14 ms
parse block 292674668,cost:29 ms
parse block 292674667,cost:23 ms
parse block 292674666,cost:46 ms
parse block 292674665,cost:54 ms
parse block 292674664,cost:38 ms
parse block 292674663,cost:41 ms
parse block 292674662,cost:48 ms
parse block 292674661,cost:54 ms
parse block 292674660,cost:26 ms
parse block 292674659,cost:24 ms
parse block 292674658,cost:23 ms
parse block 292674657,cost:23 ms
parse block 292674656,cost:34 ms
parse block 292674655,cost:25 ms
parse block 292674654,cost:15 ms
parse block 292674653,cost:67 ms
parse block 292674652,cost:26 ms
parse block 292674651,cost:42 ms
parse block 292674650,cost:15 ms
parse block 292674649,cost:23 ms
parse block 292674648,cost:66 ms
parse block 292674647,cost:32 ms
parse block 292674646,cost:32 ms
parse block 292674645,cost:57 ms
parse block 292674644,cost:38 ms
parse block 292674643,cost:27 ms
parse block 292674642,cost:50 ms
parse block 292674641,cost:34 ms
parse block 292674640,cost:46 ms
parse block 292674639,cost:34 ms
parse block 292674638,cost:35 ms
parse block 292674637,cost:37 ms
parse block 292674636,cost:32 ms
parse block 292674635,cost:57 ms
parse block 292674634,cost:39 ms
parse block 292674633,cost:43 ms
quoteSymbol not support 3SawMnZ56amqAh2pum8pvmtxji2TtbgC3tYEM6QerHhy, skipping transaction 5MgQgi5s4cuLG7LxsadyBz3xbbSrNVSfLJ6ywBnnCdz96JZTwZDaojcD3NcTLnUapN2a8kRqxqaQnn9xwzvDnDq
Invalid quoteAmount: 0, skipping transaction 4FVscM5QTTLVhKJH1VoxtPLeEB3u1MXhxG9cWBHg21LBaqDF6fNPrfxEJJ7VWTVhsgKMVDpaTgu5MYeNp1dAUrZP
Invalid tokenAmount: 0, skipping transaction cuByJZoH3XipM3AZwB8HDBbSHgpDr6cw2C1xEUZ9gEVvNg4PcX5thBrawSr8ZDdde89zUcuJdz6YPMCjzxAptBQ
Invalid tokenAmount: 0, skipping transaction 5H29Le1jUZiPRKRNJBzDwUYkm6tSfSqvUrror4L2G4oDZAwrbw4VwWxozC8qvzDLo83jtqaUfvwbjyc1iiyvRRSk
Invalid tokenAmount: 0, skipping transaction 49vT1xQbXigGqfgzSvhpAZ25i6HFDB8uaxJkMzLkw9hZDsowpua9Zch62bjSzwX73jXa5Aa55pxvSnMockqQaqQw
quoteSymbol not support ATLASXmbPQxBUYbxPsV97usA3fPQYEqzQBUHgiFCUsXx, skipping transaction 5A2A6WHmCXcJS4psjsDZBbWPBteRFtysVj4FEYuR6PxC1Pp9fpaSgjrg9cdV8W3HpmJ3JfXdaKYKmXLMTqkUzAnP
Invalid quoteAmount: 0, skipping transaction RnY5WyxePFGnSpKizVLFu8WPefmmKqLywFThtaGkCrS2RcRnHDKTLWSh74HGYMXheqmwkRyR6oRFECMfduyNaYJ
Invalid tokenAmount: 0, skipping transaction 3m4b5epD3VqPcHTbzye6GfdZWxLG98Vq585exsRkcVCJcfy1bKegXGikMF9NLFWFi7cQgCQa7fjtZajSRuKbvQ5w
quoteSymbol not support 7m1fw31wzCD2zCDEXckYAcgtDuxgx8PZ8cQTYJuRpump, skipping transaction 4YyXwbiAhCKSbpfLxRmQkE2xFe5HymngoLE1TPhts3koiPdkt1bfTMUSQ4xMo2sx74YdwuaPmRxkwGE5hrgFnTkN
✅ 插入 5762 条记录到 solana_history_data_new
HIGH PERFORMANCE: parse 100 blocks, cost: 3970 ms
[Port 8023] server total use, cost: 3982 ms
94
parse block 292673332,cost:43 ms
parse block 292673331,cost:26 ms
parse block 292673330,cost:41 ms
parse block 292673329,cost:30 ms
parse block 292673328,cost:39 ms
parse block 292673327,cost:33 ms
parse block 292673326,cost:53 ms
parse block 292673325,cost:29 ms
parse block 292673324,cost:67 ms
parse block 292673323,cost:26 ms
parse block 292673322,cost:33 ms
parse block 292673321,cost:12 ms
parse block 292673320,cost:15 ms
parse block 292673319,cost:67 ms
parse block 292673318,cost:33 ms
parse block 292673317,cost:37 ms
parse block 292673316,cost:51 ms
parse block 292673315,cost:51 ms
parse block 292673314,cost:66 ms
parse block 292673313,cost:36 ms
parse block 292673311,cost:40 ms
parse block 292673310,cost:66 ms
parse block 292673309,cost:51 ms
parse block 292673308,cost:60 ms
parse block 292673303,cost:14 ms
parse block 292673302,cost:77 ms
parse block 292673301,cost:26 ms
parse block 292673300,cost:28 ms
parse block 292673299,cost:38 ms
parse block 292673298,cost:31 ms
parse block 292673297,cost:34 ms
parse block 292673296,cost:55 ms
parse block 292673295,cost:26 ms
parse block 292673294,cost:29 ms
parse block 292673293,cost:55 ms
parse block 292673292,cost:40 ms
parse block 292673291,cost:40 ms
parse block 292673290,cost:25 ms
parse block 292673289,cost:21 ms
parse block 292673288,cost:50 ms
parse block 292673287,cost:31 ms
parse block 292673286,cost:46 ms
parse block 292673285,cost:26 ms
parse block 292673284,cost:37 ms
parse block 292673283,cost:25 ms
parse block 292673282,cost:23 ms
parse block 292673281,cost:121 ms
parse block 292673279,cost:40 ms
parse block 292673278,cost:40 ms
parse block 292673277,cost:12 ms
parse block 292673276,cost:68 ms
parse block 292673275,cost:45 ms
parse block 292673274,cost:21 ms
parse block 292673273,cost:66 ms
parse block 292673272,cost:29 ms
parse block 292673271,cost:40 ms
parse block 292673270,cost:60 ms
parse block 292673269,cost:39 ms
parse block 292673268,cost:33 ms
parse block 292673267,cost:46 ms
parse block 292673266,cost:23 ms
parse block 292673265,cost:11 ms
parse block 292673264,cost:53 ms
parse block 292673263,cost:23 ms
parse block 292673262,cost:31 ms
parse block 292673261,cost:43 ms
parse block 292673260,cost:42 ms
parse block 292673259,cost:47 ms
parse block 292673258,cost:29 ms
parse block 292673257,cost:78 ms
parse block 292673256,cost:30 ms
parse block 292673255,cost:22 ms
parse block 292673254,cost:16 ms
parse block 292673253,cost:29 ms
parse block 292673252,cost:38 ms
parse block 292673251,cost:15 ms
parse block 292673250,cost:19 ms
parse block 292673249,cost:38 ms
parse block 292673248,cost:32 ms
parse block 292673247,cost:32 ms
parse block 292673246,cost:36 ms
parse block 292673245,cost:43 ms
parse block 292673244,cost:39 ms
parse block 292673243,cost:39 ms
parse block 292673242,cost:23 ms
parse block 292673241,cost:53 ms
parse block 292673240,cost:34 ms
parse block 292673239,cost:11 ms
parse block 292673238,cost:34 ms
parse block 292673237,cost:24 ms
parse block 292673236,cost:39 ms
parse block 292673235,cost:16 ms
parse block 292673234,cost:38 ms
parse block 292673233,cost:20 ms
quoteSymbol not support 4k3Dyjzvzp8eMZWUXbBCjEvwSkkk59S5iCNLY3QrkX6R, skipping transaction 5yB1WK9GW97qN1LL1c9SedjBkRE5UDFs2TU4jqrHhrkDKhcgs5RNZkep4agyt4udfBxMCVVQTFVwP2XMzVGSvhaz
quoteSymbol not support 3SawMnZ56amqAh2pum8pvmtxji2TtbgC3tYEM6QerHhy, skipping transaction 46haKWDjDNG5Ss6EmQNXsxPRR2AcGyALsLgeVHqa8kfmBvYSLqK8KhKKGbn4CGmspoUBgarwH9ZE4TiXdeF6tfZn
Invalid quoteAddress: undefined, skipping transaction 2CoPiPm1zNfLCGFeYQ8MH56ZKiWJrPVE3ok3C5UawGMFwnx2RjWw4YwFK7SDxb83Gr78sGoicDYF6Y7Rx1XqF1ML
Invalid tokenAmount: 0, skipping transaction 4yNTk8FGHUuRsd9tMQ74oCpaS4zWn4RacGVJq3RvwmxKuSwcYCqZxCUdeyiY2b44ENs49Jb7pvfUpzwjP1kL6aGi
quoteSymbol not support DezXAZ8z7PnrnRJjz3wXBoRgixCa6xjnB7YaB1pPB263, skipping transaction 2Z6U3nry2Mo7gG2vV7JNZssixtvrtynSTPRzYvDqT6ApG1rBHTwZ8gVgdBC2KWXsXv246pgnDgSpu2ByjqHjDMD1
Invalid quoteAmount: 0, skipping transaction 2fttDACLFvNXVuRJvRv2csTL5TT8onjf5qdPqx841KfaTLQbqgywjayAXpULBTiTTKY1CaJzzC9naTQNRb6x7Zee
quoteSymbol not support AiYhnwWiqbdSiEHgAzqrurcdoZx4V21mnuMt5ps2pump, skipping transaction 4FQPGWcN7tVAb3z6qEhUgeWNPkVMuJoMRWuTZ94NAngBApo8ypPEbRSmV1aEggTZ2cj9Bz4TGX3mYbWTwoahvYtq
quoteSymbol not support poLisWXnNRwC6oBu1vHiuKQzFjGL4XDSu4g9qjz9qVk, skipping transaction 2ME7ywCJDW4gmo2bej3d2AsAoGa5QHnja7ELTCpr4KKhBNXrPSwNAU7wJvx8knasQwJxS18V1VLuNwSKUyDZog2d
Invalid quoteAmount: 0, skipping transaction 5YEmDTRXZUsQ787HkWViH5AZ4UmVyXGpLMV4ewH6XrdAKJicCHUFdXongs15KMFWhVDCmEjuMJdkCHokRQXmciRU
Invalid quoteAmount: 0, skipping transaction x1ndoeFsk1iaK1xVv6gpV1NiEgkM2k1U2eh6QqQUjMAWdgE9vAwz4EoNKLDskjq2nLeB8kpq9THHGwrU2yw9GRV
quoteSymbol not support GqVc7vEP1HnSKdP4QWPzCnXP2NzxDZU9M5UUXwAfpump, skipping transaction 2mPhBh2xzQG5RoJJiMhFByLGC3oBYXFwr2MTn1sCdUgP9ukwMTm6TkGn65u1qubu4NxeQy8fYZjhRFpFgSNNTNbY
quoteSymbol not support poLisWXnNRwC6oBu1vHiuKQzFjGL4XDSu4g9qjz9qVk, skipping transaction cA8qnETsTYS8A6uhSuA2wsqnzqhPbvyTvySpiLVxYCys3RzeGouxmugW6QvR5MNYsJG1bY9ZzWtp4ZBAbG7LG6B
quoteSymbol not support 63LfDmNb3MQ8mw9MtZ2To9bEA2M71kZUUGq5tiJxcqj9, skipping transaction 5NCRefYLADMgiZqtuDZiNuKeZNMv5hPuZiYNv4vkUaPyu4McU66uZFqvLQZajYn1UWnqcEv2EYBCUdsR3qkddvDT
✅ 插入 5782 条记录到 solana_history_data_new
HIGH PERFORMANCE: parse 94 blocks, cost: 3906 ms
[Port 8023] server total use, cost: 3923 ms
95
parse block 292668132,cost:45 ms
parse block 292668131,cost:66 ms
parse block 292668130,cost:25 ms
parse block 292668129,cost:70 ms
parse block 292668128,cost:46 ms
parse block 292668127,cost:58 ms
parse block 292668126,cost:27 ms
parse block 292668125,cost:32 ms
parse block 292668124,cost:55 ms
parse block 292668123,cost:26 ms
parse block 292668122,cost:13 ms
parse block 292668121,cost:35 ms
parse block 292668120,cost:19 ms
parse block 292668119,cost:49 ms
parse block 292668118,cost:49 ms
parse block 292668117,cost:32 ms
parse block 292668116,cost:53 ms
parse block 292668115,cost:30 ms
parse block 292668114,cost:59 ms
parse block 292668113,cost:59 ms
parse block 292668112,cost:7 ms
parse block 292668111,cost:22 ms
parse block 292668110,cost:14 ms
parse block 292668109,cost:23 ms
parse block 292668108,cost:45 ms
parse block 292668107,cost:49 ms
parse block 292668106,cost:44 ms
parse block 292668105,cost:73 ms
parse block 292668104,cost:20 ms
parse block 292668103,cost:54 ms
parse block 292668102,cost:67 ms
parse block 292668101,cost:31 ms
parse block 292668100,cost:28 ms
parse block 292668099,cost:36 ms
parse block 292668098,cost:38 ms
parse block 292668097,cost:55 ms
parse block 292668096,cost:92 ms
parse block 292668091,cost:25 ms
parse block 292668090,cost:59 ms
parse block 292668089,cost:31 ms
parse block 292668088,cost:34 ms
parse block 292668087,cost:24 ms
parse block 292668086,cost:50 ms
parse block 292668085,cost:42 ms
parse block 292668084,cost:51 ms
parse block 292668083,cost:27 ms
parse block 292668082,cost:58 ms
parse block 292668081,cost:19 ms
parse block 292668080,cost:30 ms
parse block 292668079,cost:17 ms
parse block 292668078,cost:32 ms
parse block 292668077,cost:20 ms
parse block 292668076,cost:27 ms
parse block 292668075,cost:32 ms
parse block 292668074,cost:9 ms
parse block 292668073,cost:43 ms
parse block 292668072,cost:47 ms
parse block 292668071,cost:49 ms
parse block 292668070,cost:46 ms
parse block 292668069,cost:48 ms
parse block 292668068,cost:97 ms
parse block 292668067,cost:14 ms
parse block 292668066,cost:18 ms
parse block 292668065,cost:15 ms
parse block 292668064,cost:8 ms
parse block 292668063,cost:56 ms
parse block 292668062,cost:49 ms
parse block 292668060,cost:20 ms
parse block 292668059,cost:27 ms
parse block 292668058,cost:28 ms
parse block 292668057,cost:60 ms
parse block 292668056,cost:84 ms
parse block 292668055,cost:43 ms
parse block 292668054,cost:31 ms
parse block 292668053,cost:25 ms
parse block 292668052,cost:18 ms
parse block 292668051,cost:42 ms
parse block 292668050,cost:58 ms
parse block 292668049,cost:39 ms
parse block 292668048,cost:33 ms
parse block 292668047,cost:13 ms
parse block 292668046,cost:58 ms
parse block 292668045,cost:24 ms
parse block 292668044,cost:11 ms
parse block 292668043,cost:31 ms
parse block 292668042,cost:41 ms
parse block 292668041,cost:46 ms
parse block 292668040,cost:16 ms
parse block 292668039,cost:17 ms
parse block 292668038,cost:32 ms
parse block 292668037,cost:37 ms
parse block 292668036,cost:31 ms
parse block 292668035,cost:61 ms
parse block 292668034,cost:59 ms
parse block 292668033,cost:29 ms
quoteSymbol not support 6HbQVAZUfGqNQ4xQQbRLmjTBQLEqq9w7ewikERWJbK6Y, skipping transaction 5Jg45ibNpPstFMkmsQ45ga7Cd8TpndKr8qS7NdQuHvp3BVZujMPCRst7ju61YTd1VuLdVajmXZocJ4zQ2AaqCVgi
Invalid quoteAmount: 0, skipping transaction 2JeUNwxdpoupi5Qxhxn7PdTt4M1DqhLwdMKMezQeAWiByV9W3ah6sNcEa91gNx8W5oapSYFFtXvTr28rcuTNvB2B
Invalid quoteAmount: 0, skipping transaction TNTtVRBnVP82nh3vjRAAgrSEhLUC6viZJamGvQt3Un7K2MrgfQbCBvEivAh2JAWMfzQkG1TXCZAwZrPFcRoaDM4
Invalid tokenAmount: 0, skipping transaction 8PD8K5reddGeyr9cuN71p6XG1j6Job9MZ4MDeB59Cqz15NVCXJ5h9sK3cBiomcRa55ajkXCbReDzDcFVDQaHRSD
quoteSymbol not support HZqjeutZQ7ZZLfcHqhqU9wywS1qCUWdcEN1Tuj8quXQy, skipping transaction 3Z7vbVj5iXon18F2NDEdvrtgRnE14uc5FnwiDsCntV4EEk6BJuM69WE9SpfrZLJkM7eeagjMM6MTp5VY2s3UtKRZ
✅ 插入 7365 条记录到 solana_history_data_new
HIGH PERFORMANCE: parse 95 blocks, cost: 4043 ms
[Port 8023] server total use, cost: 4043 ms
100
parse block 292666132,cost:25 ms
parse block 292666131,cost:36 ms
parse block 292666130,cost:81 ms
parse block 292666129,cost:66 ms
parse block 292666128,cost:38 ms
parse block 292666127,cost:30 ms
parse block 292666126,cost:33 ms
parse block 292666125,cost:39 ms
parse block 292666124,cost:76 ms
parse block 292666123,cost:20 ms
parse block 292666122,cost:52 ms
parse block 292666121,cost:28 ms
parse block 292666120,cost:50 ms
parse block 292666119,cost:35 ms
parse block 292666118,cost:61 ms
parse block 292666117,cost:33 ms
parse block 292666116,cost:37 ms
parse block 292666115,cost:54 ms
parse block 292666114,cost:69 ms
parse block 292666113,cost:36 ms
parse block 292666112,cost:12 ms
parse block 292666111,cost:103 ms
parse block 292666110,cost:49 ms
parse block 292666109,cost:25 ms
parse block 292666108,cost:16 ms
parse block 292666107,cost:39 ms
parse block 292666106,cost:24 ms
parse block 292666105,cost:27 ms
parse block 292666104,cost:23 ms
parse block 292666103,cost:33 ms
parse block 292666102,cost:42 ms
parse block 292666101,cost:30 ms
parse block 292666100,cost:39 ms
parse block 292666099,cost:62 ms
parse block 292666098,cost:56 ms
parse block 292666097,cost:55 ms
parse block 292666096,cost:29 ms
parse block 292666095,cost:37 ms
parse block 292666094,cost:30 ms
parse block 292666093,cost:29 ms
parse block 292666092,cost:41 ms
parse block 292666091,cost:39 ms
parse block 292666090,cost:97 ms
parse block 292666089,cost:31 ms
parse block 292666088,cost:39 ms
parse block 292666087,cost:31 ms
parse block 292666086,cost:23 ms
parse block 292666085,cost:31 ms
parse block 292666084,cost:21 ms
parse block 292666083,cost:38 ms
parse block 292666082,cost:22 ms
parse block 292666081,cost:39 ms
parse block 292666080,cost:32 ms
parse block 292666079,cost:55 ms
parse block 292666078,cost:66 ms
parse block 292666077,cost:40 ms
parse block 292666076,cost:50 ms
parse block 292666075,cost:30 ms
parse block 292666074,cost:25 ms
parse block 292666073,cost:48 ms
parse block 292666072,cost:24 ms
parse block 292666071,cost:23 ms
parse block 292666070,cost:26 ms
parse block 292666069,cost:50 ms
parse block 292666068,cost:31 ms
parse block 292666067,cost:54 ms
parse block 292666066,cost:32 ms
parse block 292666065,cost:53 ms
parse block 292666064,cost:67 ms
parse block 292666063,cost:40 ms
parse block 292666062,cost:42 ms
parse block 292666061,cost:46 ms
parse block 292666060,cost:27 ms
parse block 292666059,cost:40 ms
parse block 292666058,cost:42 ms
parse block 292666057,cost:40 ms
parse block 292666056,cost:43 ms
parse block 292666055,cost:46 ms
parse block 292666054,cost:13 ms
parse block 292666053,cost:30 ms
parse block 292666052,cost:14 ms
parse block 292666051,cost:36 ms
parse block 292666050,cost:27 ms
parse block 292666049,cost:41 ms
parse block 292666048,cost:29 ms
parse block 292666047,cost:53 ms
parse block 292666046,cost:37 ms
parse block 292666045,cost:29 ms
parse block 292666044,cost:25 ms
parse block 292666043,cost:42 ms
parse block 292666042,cost:50 ms
parse block 292666041,cost:22 ms
parse block 292666040,cost:57 ms
parse block 292666039,cost:19 ms
parse block 292666038,cost:43 ms
parse block 292666037,cost:39 ms
parse block 292666036,cost:86 ms
parse block 292666035,cost:18 ms
parse block 292666034,cost:27 ms
parse block 292666033,cost:37 ms
quoteSymbol not support FN9E6nBK1D3TReLtyHMEVNa3eVHnGTtx9fRpAdSRTeQ5, skipping transaction shLuHc7bLAx4YjZNEVBCWNBYYmZ3dBmfUwEyZjZthSxbMMrnU87H7HqVx9kdFGyyqf13pzXquXJFNshsKWvT3tx
quoteSymbol not support 8XHwtUs9PX64TGLzWRMZfhhvhRNPdkEMvRdWUQ4Zpump, skipping transaction 2RyVZ6yPt94g8sDvcMVcbwU2LWFwJmgpGoeyWnU3vuXZaQjBATrXt2Kw3LTaNMvGBeoaCwqeVR21HQL8yzEaunKB
quoteSymbol not support 8XHwtUs9PX64TGLzWRMZfhhvhRNPdkEMvRdWUQ4Zpump, skipping transaction 3PNrhSmkgUVKMeGy4zzuEVzDK5RTsdxJ6d92htmHZhNJjSb1QfvwCLjSXSqJCGGWinkJaJJMMgCSkABGExnNwSVJ
quoteSymbol not support 8XHwtUs9PX64TGLzWRMZfhhvhRNPdkEMvRdWUQ4Zpump, skipping transaction 4WNoY8RzuNXgb7wR74mnyFK6ZPbpY67rtMjdf6GkbwZ6PyFvwHDMtPKGPEh4pZSGHdPnnnSSJ7ia8ePC8geRhD5
quoteSymbol not support 8XHwtUs9PX64TGLzWRMZfhhvhRNPdkEMvRdWUQ4Zpump, skipping transaction ymWXArk76KAsTuc6LJkj6Gv7p99NRY3RX1DKCPNkKFkDDSEQzdCUbmvDTqUUmbodkX7VTmPQ9jvgJsUPMMvwPH9
Invalid quoteAmount: 0, skipping transaction 66wVYy2jvHCWiCvCEKRh9H5Q94CCiw3RKKYN4Vjpt4zMnDmXBZx6KeeqFw6qJfx9jKErtWCZZpY2HBp4qEaypP1
quoteSymbol not support 87bZzcXXHnQRjB4AmYQWCCdRaeGUSiaA7DgUEBYqpump, skipping transaction 2YZqURtviaBuCvrSirdymeYvpAkF7PuaQ1XDfDJxJxJBJjFHbvU4UFP6BRptGZaM9FivBAJ8fnfQXViFbSWUTVgh
quoteSymbol not support AtakVE4hj5KgbS58YzmCYrUwRqMNCnwaamUckk2Zpump, skipping transaction 68wDJPC1BPxyUnk13S7LHbMgD2UJtTHPX1p83zKXD975gayUREdgZ8URYrLMkDoaM5YuvDdghE4xZncZziU7KJZ
Invalid tokenAmount: 0, skipping transaction GdmBk1FqNo1GZkAgr2U9tjSdWRhoxkqtRu5Nacuxn8JVegtjLWiM7G989zzgGMjiw4i8CymgRCECCEdMphutnMm
quoteSymbol not support 8XHwtUs9PX64TGLzWRMZfhhvhRNPdkEMvRdWUQ4Zpump, skipping transaction 4swqKL4tkD5diiBM91fY7QeC8jCnTqRw9RtMbwh6P9XK7KJp1Dz4K6XmkxCfv4NUHhHqyYrbVZLZpHgfPiNPXy4A
quoteSymbol not support 7yrmdtEGQN4CuPApfWHiLCQBr9eNTbKsizD7YyKL5pci, skipping transaction 3AhXVEA1Kw2ni2jRMM1jfwxoeCadAzgpkPiZbAZnUT4HYziMDixaWPLZHvUd2iCpNhekVPx3cau5R9LarzWHbDAe
Invalid tokenAmount: 0, skipping transaction Xj4XwXzqFqusxr5STMDyqXAmeXJiquV5Xh5udC8bqyaQZQDEqVNfDzianofTUfzoLd5Zj5mRc4EzkotfgWwjdvb
quoteSymbol not support JBkGRszmsZc42MygUt5AvJ4BYKcqtboE7DDQ9SJpump, skipping transaction 1dcSxUJNRpByeLGN7hoo8ESgNDECjTg999iSPycyk1a2NAQQG5t7ZvY5C5XtBfwf4y9nj1zkdMVDErW2LeGT3V1
quoteSymbol not support 8XHwtUs9PX64TGLzWRMZfhhvhRNPdkEMvRdWUQ4Zpump, skipping transaction 4AqDUEKakXse9EYQeJTNGNrmE8CCJbw7yze5hJfkVbnRxM1zEoaC1WqnHhHDjSHu1rEKJfBBga96oVUZBKofhpxS
Invalid quoteAmount: 0, skipping transaction 2MddaAQ5PVUdhCdruEE3JyuhPekm4JES9z5VzFeL1tnf3y4kB68YcoGfafL19pov5f3dZK62awwGLBWCQ1rFmHue
quoteSymbol not support 5cVX5zZadatkA5dEouuBXBjMDRqQsiyXVeFZpMr5pump, skipping transaction 4NMdMEsYLmUsrLprFJJKtMHLGpb5sHVySJuFxR3fFKPnJZrfwRaVMgDnXmdJKCntLHsk5SZL71MtBe1pJSUfqauQ
quoteSymbol not support BreuhVohXX5fv6q41uyb3sojtAuGoGaiAhKBMtcrpump, skipping transaction 5QCF48bBtvY9D7jhJAWx6CYCc5bunBswNBwQzc7xfxyChcHdeDPmRn682kSbWwEZkPWoaebgSsXErtBCGkqgvXDZ
quoteSymbol not support 8XHwtUs9PX64TGLzWRMZfhhvhRNPdkEMvRdWUQ4Zpump, skipping transaction KJViNHVXGj8KKcLnbWodd8gjnSJHbr5M5TaGoF81yJ4ndCNCpvbjDAP5kmWKcbUcYv7xtA56GhGSjdyMDABHp8L
quoteSymbol not support 8XHwtUs9PX64TGLzWRMZfhhvhRNPdkEMvRdWUQ4Zpump, skipping transaction 3D28cnnrQg8PTvH88KKTXCiZP3DzzEJrBzSnaBLLxNXzVpZX1vR1jQCYuwLqZ4ZWTTgtxzkLjJnxZrC4PTNmj7UX
Invalid tokenAmount: 0, skipping transaction 2QVUDCLF4hdXQcmxVG3budy56nnyM9SfDruH6rJbGGnvhFUCGedrFVZJdpwcjjzXVhHDCSyyXtUdsFgFZTDtwddo
✅ 插入 7811 条记录到 solana_history_data_new
HIGH PERFORMANCE: parse 100 blocks, cost: 4423 ms
[Port 8023] server total use, cost: 4423 ms
100
parse block 292661932,cost:41 ms
parse block 292661931,cost:22 ms
parse block 292661930,cost:22 ms
parse block 292661929,cost:34 ms
parse block 292661928,cost:26 ms
parse block 292661927,cost:42 ms
parse block 292661926,cost:29 ms
parse block 292661925,cost:22 ms
parse block 292661924,cost:43 ms
parse block 292661923,cost:15 ms
parse block 292661922,cost:31 ms
parse block 292661921,cost:36 ms
parse block 292661920,cost:18 ms
parse block 292661919,cost:21 ms
parse block 292661918,cost:24 ms
parse block 292661917,cost:18 ms
parse block 292661916,cost:21 ms
parse block 292661915,cost:21 ms
parse block 292661914,cost:68 ms
parse block 292661913,cost:23 ms
parse block 292661912,cost:23 ms
parse block 292661911,cost:63 ms
parse block 292661910,cost:49 ms
parse block 292661909,cost:36 ms
parse block 292661908,cost:45 ms
parse block 292661907,cost:50 ms
parse block 292661906,cost:41 ms
parse block 292661905,cost:30 ms
parse block 292661904,cost:23 ms
parse block 292661903,cost:53 ms
parse block 292661902,cost:55 ms
parse block 292661901,cost:27 ms
parse block 292661900,cost:40 ms
parse block 292661899,cost:17 ms
parse block 292661898,cost:60 ms
parse block 292661897,cost:35 ms
parse block 292661896,cost:35 ms
parse block 292661895,cost:30 ms
parse block 292661894,cost:41 ms
parse block 292661893,cost:47 ms
parse block 292661892,cost:37 ms
parse block 292661891,cost:48 ms
parse block 292661890,cost:24 ms
parse block 292661889,cost:11 ms
parse block 292661888,cost:36 ms
parse block 292661887,cost:33 ms
parse block 292661886,cost:29 ms
parse block 292661885,cost:35 ms
parse block 292661884,cost:26 ms
parse block 292661883,cost:28 ms
parse block 292661882,cost:41 ms
parse block 292661881,cost:21 ms
parse block 292661880,cost:40 ms
parse block 292661879,cost:29 ms
parse block 292661878,cost:34 ms
parse block 292661877,cost:52 ms
parse block 292661876,cost:41 ms
parse block 292661875,cost:50 ms
parse block 292661874,cost:17 ms
parse block 292661873,cost:29 ms
parse block 292661872,cost:31 ms
parse block 292661871,cost:32 ms
parse block 292661870,cost:34 ms
parse block 292661869,cost:32 ms
parse block 292661868,cost:54 ms
parse block 292661867,cost:31 ms
parse block 292661866,cost:38 ms
parse block 292661865,cost:44 ms
parse block 292661864,cost:87 ms
parse block 292661863,cost:40 ms
parse block 292661862,cost:34 ms
parse block 292661861,cost:9 ms
parse block 292661860,cost:36 ms
parse block 292661859,cost:22 ms
parse block 292661858,cost:22 ms
parse block 292661857,cost:22 ms
parse block 292661856,cost:19 ms
parse block 292661855,cost:40 ms
parse block 292661854,cost:41 ms
parse block 292661853,cost:15 ms
parse block 292661852,cost:21 ms
parse block 292661851,cost:35 ms
parse block 292661850,cost:40 ms
parse block 292661849,cost:33 ms
parse block 292661848,cost:43 ms
parse block 292661847,cost:41 ms
parse block 292661846,cost:78 ms
parse block 292661845,cost:33 ms
parse block 292661844,cost:73 ms
parse block 292661843,cost:9 ms
parse block 292661842,cost:6 ms
parse block 292661841,cost:14 ms
parse block 292661840,cost:13 ms
parse block 292661839,cost:40 ms
parse block 292661838,cost:17 ms
parse block 292661837,cost:59 ms
parse block 292661836,cost:31 ms
parse block 292661835,cost:38 ms
parse block 292661834,cost:23 ms
parse block 292661833,cost:34 ms
Invalid quoteAddress: undefined, skipping transaction 2sgTnz49YRKU41RQUQaEAAR5mY62obc8L6KiG9RU3WAL4ijaBjfHNANxRG6exP5Dh7wuuphgTSwHfp43jXk2B3N4
Invalid quoteAddress: undefined, skipping transaction 5RVgbg7ZmybXQocFw8QDfrLwaJnxeiGu93steAmzGuJ5MdcGDz4djvUhwHnRMcEZbmPaDVkiW3zdT4YYFeKD3AYo
Invalid quoteAddress: undefined, skipping transaction 2yj7s5HzDAPU5JqcFr9r1MdNvZthyT8WrbMea4vVQHx5HTNWy4ZDtLk8R4zDwvP4dZVwfeB3H5PCAge77XQDgddY
quoteSymbol not support AtakVE4hj5KgbS58YzmCYrUwRqMNCnwaamUckk2Zpump, skipping transaction 4d27vV54syF17khnvFvMf7GEHEfwnr33kmgGBoY7EMv51XsF1m2VpXsUFAWDHXSRyXrcgdLufK41Mrv2K2wrBRER
Invalid quoteAmount: 0, skipping transaction 4RxTXGDbdMcip2vR3s4QgcR6s4BW9Rsw8fAhVPRrah9y4fSyH4UUZ3Z1nHHdezAJdX2jdR68xhAByTGrpjLjF6fB
quoteSymbol not support HDQoRYqG75yyXoGWLUMhMcaaPdxQP3HNHUUJjX1jgwM7, skipping transaction 4UkjjwhcfdBEoigr3YGQdDDw6DejwN1jkS6sTZhX4bt3oVCdkH6odw9JsbGY5Ddm9KmL1tESqM3cvWZEzXsdC6vT
Invalid quoteAmount: 0, skipping transaction 39g5kLERQoyKqqJS5WZJEqt9meGK1GyZfMmzxL6aVwr5u3TCxEkDyAYyFJ7WuMVUJJJpAmhcPV5YaQaEV8bsAw9J
quoteSymbol not support 5cVX5zZadatkA5dEouuBXBjMDRqQsiyXVeFZpMr5pump, skipping transaction 3zToxRAGLN7YRkkwfjK2eiCxV8b9xQkTwsX7EBdduvZMPJH4APLMFdkkmbnev1LUgwr3Mx4F2CraWpVqaMeuYzL4
Invalid quoteAmount: 0, skipping transaction 5kK9gsQAz167QLnttFxRgSrbMNhATd8FKWLMYdL6JetbMSUNT5wbKvyK51vD2qRq456exGzc1YTtrGDbipfZW4mZ
Invalid quoteAmount: 0, skipping transaction 33J63k6sqb21BKuvAbxwZGofkE691aLx4vMHyMZBq97ePEdrXuCAETXNKHetSH1nUZFqUHMHMKt2LcrqqTSsnkMk
Invalid tokenAmount: 0, skipping transaction 2k8p7ss7LjBrG1CYGdtQXWERdoKsBwsEUHhGjmAKDxqinW1CLWJi92wUeSFDtXSctLicTViEEaELAnwJVtCY4SLv
quoteSymbol not support H2s5dPtCyNuuhsTtYJaskaJ8CtKfPnaRta6oDc98JZQR, skipping transaction 2EQnzhF3AjH9uTJc2hHfkQm82QK2rR4bSfk6eg2qaevE5PamRhWzJGdodFW2fGpQzmeQzTLatH1uQNo7aPB1QpRV
Invalid tokenAmount: 0, skipping transaction 5ga4pLNMfg5Wq4Xgrwty4WgXWx9R7QPyN2Acup6p3Pzknq6es1weHDWPPyJS3UoSi6NLZmDnRNXc7BPcWqgM1yJt
quoteSymbol not support ED5nyyWEzpPPiWimP8vYm7sD7TD3LAt3Q3gRTWHzPJBY, skipping transaction 3y3NVdgaRLs1FUEdfpcoodn6GZsWDuhXGVfAr5Bjcsqe7WmTzp63j6fTQLyJHgq4GjyRXM9WobAQhhsYxt6rLM4Y
Invalid tokenAmount: 0, skipping transaction FdqXiwGxkZ2Ns9rb5iEUfC6M2dJEAduJgt1fdqPDnBhhNLmRJhLm6MaUozgV1WSFsrEYAEhCXFps5NLcAX5Rza4
Invalid tokenAmount: 0, skipping transaction ZcMRzHcfiLZFiYMPatRhCzZ2ep3XTz8KcKRQqqQrheX1Wsz4r2gkhYz1XDhtXyn7ixoKim2UHbYzHhFj765aoLu
✅ 插入 6868 条记录到 solana_history_data_new
HIGH PERFORMANCE: parse 100 blocks, cost: 3919 ms
[Port 8023] server total use, cost: 3919 ms
95
parse block 292660532,cost:49 ms
parse block 292660531,cost:20 ms
parse block 292660530,cost:44 ms
parse block 292660529,cost:44 ms
parse block 292660528,cost:45 ms
parse block 292660527,cost:31 ms
parse block 292660526,cost:51 ms
parse block 292660525,cost:33 ms
parse block 292660524,cost:46 ms
parse block 292660523,cost:50 ms
parse block 292660522,cost:64 ms
parse block 292660521,cost:73 ms
parse block 292660519,cost:51 ms
parse block 292660518,cost:65 ms
parse block 292660517,cost:58 ms
parse block 292660516,cost:30 ms
parse block 292660515,cost:37 ms
parse block 292660514,cost:34 ms
parse block 292660513,cost:31 ms
parse block 292660512,cost:71 ms
parse block 292660511,cost:40 ms
parse block 292660510,cost:51 ms
parse block 292660509,cost:37 ms
parse block 292660508,cost:14 ms
parse block 292660507,cost:36 ms
parse block 292660506,cost:50 ms
parse block 292660505,cost:58 ms
parse block 292660504,cost:40 ms
parse block 292660503,cost:9 ms
parse block 292660502,cost:46 ms
parse block 292660501,cost:47 ms
parse block 292660500,cost:54 ms
parse block 292660499,cost:32 ms
parse block 292660498,cost:67 ms
parse block 292660497,cost:57 ms
parse block 292660496,cost:32 ms
parse block 292660495,cost:29 ms
parse block 292660494,cost:45 ms
parse block 292660493,cost:32 ms
parse block 292660492,cost:27 ms
parse block 292660491,cost:59 ms
parse block 292660490,cost:55 ms
parse block 292660489,cost:39 ms
parse block 292660488,cost:40 ms
parse block 292660487,cost:22 ms
parse block 292660486,cost:64 ms
parse block 292660485,cost:56 ms
parse block 292660484,cost:51 ms
parse block 292660483,cost:63 ms
parse block 292660482,cost:58 ms
parse block 292660481,cost:22 ms
parse block 292660480,cost:56 ms
parse block 292660479,cost:28 ms
parse block 292660478,cost:41 ms
parse block 292660477,cost:38 ms
parse block 292660476,cost:28 ms
parse block 292660475,cost:62 ms
parse block 292660474,cost:17 ms
parse block 292660473,cost:32 ms
parse block 292660472,cost:45 ms
parse block 292660471,cost:87 ms
parse block 292660470,cost:46 ms
parse block 292660469,cost:38 ms
parse block 292660468,cost:94 ms
parse block 292660463,cost:3 ms
parse block 292660462,cost:26 ms
parse block 292660461,cost:55 ms
parse block 292660460,cost:84 ms
parse block 292660459,cost:44 ms
parse block 292660458,cost:24 ms
parse block 292660457,cost:71 ms
parse block 292660456,cost:11 ms
parse block 292660455,cost:27 ms
parse block 292660454,cost:29 ms
parse block 292660453,cost:36 ms
parse block 292660452,cost:40 ms
parse block 292660451,cost:29 ms
parse block 292660450,cost:35 ms
parse block 292660449,cost:34 ms
parse block 292660448,cost:27 ms
parse block 292660447,cost:36 ms
parse block 292660446,cost:16 ms
parse block 292660445,cost:46 ms
parse block 292660444,cost:18 ms
parse block 292660443,cost:36 ms
parse block 292660442,cost:21 ms
parse block 292660441,cost:51 ms
parse block 292660440,cost:30 ms
parse block 292660439,cost:20 ms
parse block 292660438,cost:24 ms
parse block 292660437,cost:20 ms
parse block 292660436,cost:18 ms
parse block 292660435,cost:22 ms
parse block 292660434,cost:15 ms
parse block 292660433,cost:44 ms
Invalid tokenAmount: 0, skipping transaction 3NRfAZRmTFQksbU6SdgNwwgBuN37wuHGuYKMU8JDq8T5qpYZFuYoSXFAQQptakgVgMDmUzu3mLLKe7RXsZsJVmKP
quoteSymbol not support AtakVE4hj5KgbS58YzmCYrUwRqMNCnwaamUckk2Zpump, skipping transaction 38UaHXtVrjWKVoiQb4SDivYR9oy16ae7Xud26ENHedWLdcG9kcKhbWCUWBexsWte5JoFd4bnU1VqnaaoP1zZjbTf
quoteSymbol not support J1toso1uCk3RLmjorhTtrVwY9HJ7X8V9yYac6Y7kGCPn, skipping transaction 4y7ERSC6Y26EH4GM246NGEue7V5n8Hr8HyWqiN13NqxvUzt8hJRqFrfo8n7tBEaS5BxzwY5gNgTvDaUvbmMisbQr
quoteSymbol not support J1toso1uCk3RLmjorhTtrVwY9HJ7X8V9yYac6Y7kGCPn, skipping transaction xpyo59N8XFtea9UuwB2cZmVyRvQt3BXfCCyFEuRpyw9xoHGgVwUbLTUqyLTgRuRJaSqeeEe8UefpqFT9pzaXAS1
quoteSymbol not support MSN6SSwZFxGLEZf6bqBAn7joKfBupzpD3SmRevuXzkN, skipping transaction 4Eo6ViffiqjmYqTJB69iXuLyG9LxuPoAn6zbq9GD7EDRAbdbZityevFLMQcWDVTVFwrvqYfc2FzFvomfYupVhyZF
Invalid tokenAmount: 0, skipping transaction 4sUZwBodDk1eqCMUHiowJZR3ZMdnYxgGPZ8TKqiTDS3pLkTVbJiEBaibVWvmeVezgYVgyPVXr6wBh4q2XQuxetsB
quoteSymbol not support 5VaPFKEAzyxoWUz9PgvpnsCdT3x6q4YpnHm5zcvPpump, skipping transaction 4fiWNCQXUVY5bbr2K8gA8twZtcWRuEBGyz9NVpoDiBsy3mUJXCiC57EC63Q2Z7DPZViLzjK7dCCqXBtTBFKxvPsk
quoteSymbol not support GiG7Hr61RVm4CSUxJmgiCoySFQtdiwxtqf64MsRppump, skipping transaction mTsKDhUs2TqEZmtkBRUnt7fDypxWmgetoQ61f237Y6KUUWj2ubsnkxWjMWtEbHEPqgLFc1sA1zzjhUqN4KqzVRy
quoteSymbol not support C8tEY82inN7mgCoBatacvVyeufBd1f1wEdPPtsL4pump, skipping transaction 5cgWzk2S51Ybv4UkRuMfCwbNtsa7BtzxH9vXWaVcSyuvh5yH7aUKANekd2QVVoTCacM5sF4sQWNChWyLfcAS3KAp
quoteSymbol not support J1toso1uCk3RLmjorhTtrVwY9HJ7X8V9yYac6Y7kGCPn, skipping transaction 2qEKF99XkZM5hLjWQbwKYAkHyXXX8m89Bktfb3dkhu8Q8S4UFLa7AiNS7bWhuGcHxsJTCa7qZeE5jChjTGyQkJbE
✅ 插入 6879 条记录到 solana_history_data_new
HIGH PERFORMANCE: parse 95 blocks, cost: 4281 ms
[Port 8023] server total use, cost: 4281 ms
96
parse block 292657532,cost:78 ms
parse block 292657531,cost:17 ms
parse block 292657530,cost:12 ms
parse block 292657529,cost:32 ms
parse block 292657528,cost:28 ms
parse block 292657527,cost:39 ms
parse block 292657526,cost:35 ms
parse block 292657525,cost:37 ms
parse block 292657524,cost:32 ms
parse block 292657523,cost:37 ms
parse block 292657522,cost:31 ms
parse block 292657521,cost:74 ms
parse block 292657520,cost:20 ms
parse block 292657515,cost:39 ms
parse block 292657514,cost:36 ms
parse block 292657513,cost:38 ms
parse block 292657512,cost:57 ms
parse block 292657511,cost:26 ms
parse block 292657510,cost:17 ms
parse block 292657509,cost:43 ms
parse block 292657508,cost:22 ms
parse block 292657507,cost:43 ms
parse block 292657506,cost:14 ms
parse block 292657505,cost:54 ms
parse block 292657504,cost:30 ms
parse block 292657503,cost:57 ms
parse block 292657502,cost:27 ms
parse block 292657501,cost:34 ms
parse block 292657500,cost:47 ms
parse block 292657499,cost:35 ms
parse block 292657498,cost:43 ms
parse block 292657497,cost:21 ms
parse block 292657496,cost:55 ms
parse block 292657495,cost:25 ms
parse block 292657494,cost:49 ms
parse block 292657493,cost:46 ms
parse block 292657492,cost:33 ms
parse block 292657491,cost:35 ms
parse block 292657490,cost:44 ms
parse block 292657489,cost:36 ms
parse block 292657488,cost:73 ms
parse block 292657487,cost:16 ms
parse block 292657486,cost:6 ms
parse block 292657485,cost:8 ms
parse block 292657484,cost:16 ms
parse block 292657483,cost:45 ms
parse block 292657482,cost:25 ms
parse block 292657481,cost:53 ms
parse block 292657480,cost:59 ms
parse block 292657479,cost:18 ms
parse block 292657478,cost:18 ms
parse block 292657477,cost:32 ms
parse block 292657476,cost:11 ms
parse block 292657475,cost:34 ms
parse block 292657474,cost:20 ms
parse block 292657473,cost:51 ms
parse block 292657472,cost:24 ms
quoteSymbol not support 5MBBsoCVddAuF8XixvCcXNbHAw6WfpZ8WyTKMmczxxRN, skipping transaction 2cffnU8ZLya9RYW8nRhuYhgvKh8LdWUT1N6eqTNbE2fdESBewfJQ5gCaxMnbg3bvWkSt8nwRG5Zy3ypRczm58nhD
parse block 292657471,cost:57 ms
parse block 292657470,cost:37 ms
parse block 292657469,cost:22 ms
parse block 292657468,cost:51 ms
parse block 292657467,cost:84 ms
parse block 292657466,cost:51 ms
parse block 292657465,cost:25 ms
parse block 292657464,cost:40 ms
parse block 292657463,cost:29 ms
parse block 292657462,cost:44 ms
parse block 292657461,cost:34 ms
parse block 292657460,cost:37 ms
parse block 292657459,cost:0 ms
parse block 292657458,cost:10 ms
parse block 292657457,cost:10 ms
parse block 292657456,cost:3 ms
parse block 292657455,cost:72 ms
parse block 292657454,cost:39 ms
parse block 292657453,cost:22 ms
parse block 292657452,cost:84 ms
parse block 292657451,cost:27 ms
parse block 292657450,cost:7 ms
parse block 292657449,cost:18 ms
parse block 292657448,cost:21 ms
parse block 292657447,cost:24 ms
parse block 292657446,cost:36 ms
parse block 292657445,cost:31 ms
parse block 292657444,cost:55 ms
parse block 292657443,cost:51 ms
parse block 292657442,cost:42 ms
parse block 292657441,cost:71 ms
parse block 292657440,cost:54 ms
parse block 292657439,cost:19 ms
parse block 292657438,cost:37 ms
parse block 292657437,cost:29 ms
parse block 292657436,cost:17 ms
parse block 292657435,cost:66 ms
parse block 292657434,cost:67 ms
parse block 292657433,cost:32 ms
quoteSymbol not support 11W8vakvavnP9aryEK8jmDDsdeWE6S6SGu8Fjkipump, skipping transaction 5QjrmFAWm6FHbqVEFovSAEYoL4E9zTjbx9vK2Hk57qg3VpRrNbkyrQa9CYi7vTxDW149ot39C3QE8ymZgnV46rTC
quoteSymbol not support 8NNXWrWVctNw1UFeaBypffimTdcLCcD8XJzHvYsmgwpF, skipping transaction 2BYnnh1e8MqM7xqkmc23gNZgu8tNVzbhvSdFu4ycLS7LCkXm6RiPPLMMYPNeHJYRad4kgKp9Z9hCsVsrkkqcruxr
Invalid quoteAmount: 0, skipping transaction 5aPr7ZgQkA7vYUz1JodMFL4XHewXiJQYNDXKa4N6pbtxnVtKTvoDHrSnyYuQ5GpajQVUgjyFkZV5vfjhiimC5rjC
Invalid tokenAmount: 0, skipping transaction 5dPG8LJTsmp3kmHjj2tHv97mirofs4phQdiZKCuxrXXeAYHhReff79Yn79QZzMJBNjmjT1VzoiroDjeSEfgjHVMP
quoteSymbol not support BiQASes3tDqxP7XqrmVF9BveXLiKgCRQgto1yYGKnGB6, skipping transaction 4at9u81c4MYWH9xwvnQq8TSwxWen5ymRtfbLKvnhLN8hhrDFKs9Usia79sctVyihAv5HSjPPaNu4KWGeVgt1JtjE
quoteSymbol not support 34a8ALsPmbWxp7D3bQ6erERrCLz1ahr6u6o66Udmpump, skipping transaction 4HPXcsoCsFxh5HHBHD3Fx9MDxXXXibnfnvtsu2dveqx9frkdaNS9GkmBxY9euYaCymZjkSbWBb9yz8d7K6aXpUAK
✅ 插入 7402 条记录到 solana_history_data_new
HIGH PERFORMANCE: parse 96 blocks, cost: 3871 ms
[Port 8023] server total use, cost: 3885 ms
96
parse block 292653832,cost:29 ms
parse block 292653827,cost:46 ms
parse block 292653826,cost:47 ms
parse block 292653825,cost:73 ms
parse block 292653824,cost:40 ms
parse block 292653823,cost:25 ms
parse block 292653822,cost:26 ms
parse block 292653821,cost:17 ms
parse block 292653820,cost:18 ms
parse block 292653819,cost:60 ms
parse block 292653818,cost:16 ms
parse block 292653817,cost:28 ms
parse block 292653816,cost:20 ms
parse block 292653815,cost:30 ms
parse block 292653814,cost:22 ms
parse block 292653813,cost:37 ms
parse block 292653812,cost:56 ms
parse block 292653811,cost:22 ms
parse block 292653810,cost:30 ms
parse block 292653809,cost:52 ms
parse block 292653808,cost:26 ms
parse block 292653807,cost:22 ms
parse block 292653806,cost:47 ms
parse block 292653805,cost:37 ms
parse block 292653804,cost:40 ms
parse block 292653803,cost:52 ms
parse block 292653802,cost:41 ms
parse block 292653801,cost:29 ms
parse block 292653800,cost:58 ms
parse block 292653799,cost:24 ms
parse block 292653798,cost:34 ms
parse block 292653797,cost:40 ms
parse block 292653796,cost:32 ms
parse block 292653795,cost:23 ms
parse block 292653794,cost:25 ms
parse block 292653793,cost:48 ms
parse block 292653792,cost:20 ms
parse block 292653791,cost:24 ms
parse block 292653790,cost:31 ms
parse block 292653789,cost:32 ms
parse block 292653788,cost:56 ms
parse block 292653787,cost:38 ms
parse block 292653786,cost:72 ms
parse block 292653785,cost:46 ms
parse block 292653784,cost:39 ms
parse block 292653783,cost:6 ms
parse block 292653782,cost:86 ms
parse block 292653781,cost:11 ms
parse block 292653780,cost:18 ms
parse block 292653779,cost:43 ms
parse block 292653778,cost:80 ms
parse block 292653777,cost:19 ms
parse block 292653776,cost:40 ms
parse block 292653775,cost:59 ms
parse block 292653774,cost:44 ms
parse block 292653773,cost:30 ms
parse block 292653772,cost:46 ms
parse block 292653771,cost:37 ms
parse block 292653770,cost:36 ms
parse block 292653769,cost:15 ms
parse block 292653768,cost:60 ms
parse block 292653767,cost:32 ms
parse block 292653766,cost:33 ms
parse block 292653765,cost:35 ms
parse block 292653764,cost:40 ms
parse block 292653763,cost:35 ms
parse block 292653762,cost:26 ms
parse block 292653761,cost:38 ms
parse block 292653760,cost:29 ms
parse block 292653759,cost:46 ms
parse block 292653758,cost:67 ms
parse block 292653757,cost:66 ms
parse block 292653756,cost:72 ms
parse block 292653755,cost:13 ms
parse block 292653754,cost:21 ms
parse block 292653753,cost:9 ms
parse block 292653752,cost:11 ms
parse block 292653751,cost:43 ms
parse block 292653750,cost:86 ms
parse block 292653749,cost:16 ms
parse block 292653748,cost:18 ms
parse block 292653747,cost:5 ms
parse block 292653746,cost:3 ms
parse block 292653745,cost:12 ms
parse block 292653744,cost:66 ms
parse block 292653743,cost:34 ms
parse block 292653742,cost:36 ms
parse block 292653741,cost:20 ms
parse block 292653740,cost:58 ms
parse block 292653739,cost:31 ms
parse block 292653738,cost:44 ms
parse block 292653737,cost:47 ms
parse block 292653736,cost:26 ms
parse block 292653735,cost:44 ms
parse block 292653734,cost:29 ms
parse block 292653733,cost:35 ms
quoteSymbol not support cS4VyngtsHzGsWy3nUQVGEUKKNYedmLcwgzNQ8Gpump, skipping transaction 3WPzgfUQMKunWWzZNq6WNve3xf8F63ahJ7AWGHVwvmUcLiXQ7WwgTqVtoKTSUPCUpJ3HnsCNd9pEBjXiCGeec8T8
quoteSymbol not support H8LW3afnmHYhvhLydBPsFNfUF1JTPpNt6VoeYzutpump, skipping transaction Nf3FaQRbSYAka7BEiQEdpgh4FKPFwr5wnUSUUTWRBsB8B4D9hFG1Kr33T1eMw6qbhughsEuTRc1dUPbG64B63b9
quoteSymbol not support J1toso1uCk3RLmjorhTtrVwY9HJ7X8V9yYac6Y7kGCPn, skipping transaction 34vxKrgwoy7FM7qRpRnatQZphQfKXKHvXDF537dttw7vwFySZirzyk3MXGGccin4hSLGcEq4P4SZRJFtC9hCCGmD
Invalid quoteAmount: 0, skipping transaction 3hMPWPpUsMgvkPviSDrqLcNEygKt7okgcWnJM83A3ShseUwWbpmpcjgUiDf9kNAtMGs2u5G8Z2dpp24pHUGaCTsY
quoteSymbol not support CS7LmjtuugEUWtFgfyto79nrksKigv7Fdcp9qPuigdLs, skipping transaction 3936a2MkpSj9Do7CLK9Sk8bzbVrEcTXsoqCQfR8DR3hBWYXjbmyiPcUYKyMk15dvFsoRDMbG6cgxkJsqUMMYNz4d
quoteSymbol not support 9kahs6tASfXb8wXhC9g54mYA7e33XzmksYdpjQBDpump, skipping transaction ghfR4SXm6bjcBQF8QDNhroYexDWxNqTGtaY1466g8B24xXPEJj5m68h5RSX74cF616cKYnspAzZ7zsPUYyJudRM
quoteSymbol not support NYANpAp9Cr7YarBNrby7Xx4xU6No6JKTBuohNA3yscP, skipping transaction 63GkUNjKGxuczgggNEs3f3TeudeUHDWN4E7RNYMLycNuGGeFJTtDgj67HSwZSV8jPyw5ape5GUxZ8ADuCodrDZTs
quoteSymbol not support 5cVX5zZadatkA5dEouuBXBjMDRqQsiyXVeFZpMr5pump, skipping transaction 585ocL1CnZTaELWYqbRC26oTAsTsRwGFMFjmGj5rwv53yZbmPdiKp1m95FnBieEWnQgxEbGMimmj47Ds27crCptt
✅ 插入 5513 条记录到 solana_history_data_new
HIGH PERFORMANCE: parse 96 blocks, cost: 3831 ms
[Port 8023] server total use, cost: 3831 ms
88
parse block 292649732,cost:18 ms
parse block 292649731,cost:30 ms
parse block 292649730,cost:44 ms
parse block 292649729,cost:45 ms
parse block 292649728,cost:53 ms
parse block 292649727,cost:22 ms
parse block 292649726,cost:46 ms
parse block 292649725,cost:25 ms
parse block 292649724,cost:34 ms
parse block 292649723,cost:59 ms
parse block 292649722,cost:39 ms
parse block 292649721,cost:38 ms
parse block 292649720,cost:44 ms
parse block 292649719,cost:53 ms
parse block 292649718,cost:103 ms
parse block 292649717,cost:47 ms
parse block 292649716,cost:81 ms
parse block 292649707,cost:36 ms
parse block 292649706,cost:61 ms
parse block 292649705,cost:36 ms
parse block 292649704,cost:47 ms
parse block 292649703,cost:67 ms
parse block 292649702,cost:31 ms
parse block 292649701,cost:33 ms
parse block 292649700,cost:32 ms
parse block 292649699,cost:23 ms
parse block 292649698,cost:19 ms
parse block 292649697,cost:35 ms
parse block 292649696,cost:21 ms
parse block 292649695,cost:50 ms
parse block 292649694,cost:33 ms
parse block 292649693,cost:42 ms
parse block 292649692,cost:43 ms
parse block 292649691,cost:30 ms
parse block 292649690,cost:71 ms
parse block 292649689,cost:30 ms
parse block 292649688,cost:47 ms
parse block 292649687,cost:43 ms
parse block 292649686,cost:31 ms
parse block 292649685,cost:34 ms
parse block 292649684,cost:22 ms
parse block 292649683,cost:24 ms
parse block 292649682,cost:23 ms
parse block 292649681,cost:34 ms
parse block 292649680,cost:41 ms
parse block 292649679,cost:37 ms
parse block 292649678,cost:35 ms
parse block 292649677,cost:30 ms
parse block 292649676,cost:24 ms
parse block 292649675,cost:23 ms
parse block 292649674,cost:38 ms
parse block 292649673,cost:37 ms
parse block 292649672,cost:50 ms
parse block 292649671,cost:24 ms
parse block 292649670,cost:27 ms
parse block 292649669,cost:40 ms
parse block 292649668,cost:21 ms
parse block 292649667,cost:43 ms
parse block 292649666,cost:23 ms
quoteSymbol not support H8LW3afnmHYhvhLydBPsFNfUF1JTPpNt6VoeYzutpump, skipping transaction 4AcpYgGwS7CEsydwGdgNGjZ3Jyn9CeGtrgg88E3Hpmj124tdVcz2UHjcRu9SA8TQPjgSG2okh4kNaFMbD7DBJaYR
parse block 292649665,cost:39 ms
parse block 292649664,cost:16 ms
parse block 292649663,cost:22 ms
parse block 292649662,cost:50 ms
parse block 292649661,cost:59 ms
parse block 292649660,cost:13 ms
parse block 292649659,cost:22 ms
parse block 292649658,cost:38 ms
parse block 292649657,cost:42 ms
parse block 292649656,cost:21 ms
parse block 292649655,cost:49 ms
parse block 292649654,cost:30 ms
parse block 292649653,cost:33 ms
parse block 292649652,cost:22 ms
parse block 292649651,cost:23 ms
parse block 292649650,cost:41 ms
parse block 292649649,cost:37 ms
parse block 292649648,cost:79 ms
parse block 292649647,cost:21 ms
parse block 292649646,cost:19 ms
parse block 292649645,cost:38 ms
parse block 292649644,cost:33 ms
parse block 292649639,cost:14 ms
parse block 292649638,cost:37 ms
parse block 292649637,cost:29 ms
parse block 292649636,cost:33 ms
parse block 292649635,cost:29 ms
parse block 292649634,cost:27 ms
parse block 292649633,cost:30 ms
quoteSymbol not support H8LW3afnmHYhvhLydBPsFNfUF1JTPpNt6VoeYzutpump, skipping transaction 2DcskMVbB5uvjBVe6eSfMR8z86aCbv1UjrhN1YRHkYhs1V6Wb724FgULb3HFprQPJFgQfoMqwB5aBgtZcD8kWa6i
Invalid tokenAmount: 0, skipping transaction rZfcYFmzW4wE9kyoJCErnBp91YtfWtwUmKJoEuGrAvV3YYQZUaxUteDeKHSSQH7SXbHJbgAXDcGGf4mp4ghc68i
Invalid tokenAmount: 0, skipping transaction 5GJGi5nRYpKiNmEQc26gpCweVDvwoTCzodboordFPyuKD2V3w1ysRs7vyEvLbwhNuL35zHHqwfei9P97HCJY1bua
quoteSymbol not support H8LW3afnmHYhvhLydBPsFNfUF1JTPpNt6VoeYzutpump, skipping transaction 2ma1RrzYGkvq5p88QwHgFiujMzUGDuaHmSHQU2LLdVjZ7QS7z78sDwhczrdRagUpBm7zsFNeLuQfe5StxeBNs19K
quoteSymbol not support H8LW3afnmHYhvhLydBPsFNfUF1JTPpNt6VoeYzutpump, skipping transaction 3wy5s1B7THZDjtkvjbJdyTjKWzdiZZYeYEEFbZAvMvxfB9qyQx3wAohnQbm5PgPejaQtcEfpiDt3CGpC65htwdfz
quoteSymbol not support H8LW3afnmHYhvhLydBPsFNfUF1JTPpNt6VoeYzutpump, skipping transaction 3SZkpAEFC2wu8gbkdtP9J1hwSP7s3EpWv9ZUPiuecPFVi7gCEnByYUb1ZYNymgAAz1gRHyUFazbXMNzNZUH7mzgp
quoteSymbol not support H8LW3afnmHYhvhLydBPsFNfUF1JTPpNt6VoeYzutpump, skipping transaction 2NGFsrXqqFzNXMV8b9eQTmnveaxpvQnmcfcCtj9zU9PSBhycZdhY9fCwJJxZB9WMNueMrGRDMU9dkixmCVdPcHqJ
quoteSymbol not support H8LW3afnmHYhvhLydBPsFNfUF1JTPpNt6VoeYzutpump, skipping transaction 2U8mWGuMgUwt6M1NvBx4o6dfUCnAceAiBF99wUzeGfqcQTnDNZxSvUWZ9Rn3CNMktnjqMEsT3fjxYxg8jeEBTpu
quoteSymbol not support ZEUS1aR7aX8DFFJf5QjWj2ftDDdNTroMNGo8YoQm3Gq, skipping transaction 32efQ8hTRNN1HmyFU3c2cjQWqriGrd45txLaNe9ViwNPBeF1Z1NeauzLofQnZfmRQRDG31ZxfrGRb4mzBakSmy3i
quoteSymbol not support BreuhVohXX5fv6q41uyb3sojtAuGoGaiAhKBMtcrpump, skipping transaction 3EaTEseyGyoJ4sJHkPJUt6zNxZnPJKYFc8iBLZh7QFtcGB4ydKbxGiuMQvMR3E9Nuc2pGqLFsXWDqQhsbEDMAwcL
quoteSymbol not support AtakVE4hj5KgbS58YzmCYrUwRqMNCnwaamUckk2Zpump, skipping transaction 5zWRvxfg7Tg3VGGtt4nB6L5SAJyGTxs3JrCEMBNToasp8V1JuV52uFcTnes449N2pqALrTGDaJbu54tgrha96pTf
Invalid quoteAmount: 0, skipping transaction 58ygzGP9ejmDdHjfJu9CFXHSuEmUVBhYSB6ZsxCgxcLvWsAWxnKfd226P3ngcsnDffdaVxgPJ7v223nHPZrwoGD2
Invalid tokenAmount: 0, skipping transaction uiXVBcYcF77TfsKEgWou8WUP5w96eyUm2x6qv8qAZjjnqaC9kio2nHnrsu6iVqxLDNaGdEYrQHsXqcpBARCkMoh
✅ 插入 4370 条记录到 solana_history_data_new
HIGH PERFORMANCE: parse 88 blocks, cost: 3548 ms
[Port 8023] server total use, cost: 3548 ms
100
parse block 292649332,cost:22 ms
parse block 292649331,cost:24 ms
parse block 292649330,cost:41 ms
parse block 292649329,cost:25 ms
parse block 292649328,cost:46 ms
parse block 292649327,cost:27 ms
parse block 292649326,cost:29 ms
parse block 292649325,cost:59 ms
parse block 292649324,cost:29 ms
parse block 292649323,cost:36 ms
parse block 292649322,cost:42 ms
parse block 292649321,cost:40 ms
parse block 292649320,cost:43 ms
parse block 292649319,cost:33 ms
parse block 292649318,cost:12 ms
parse block 292649317,cost:22 ms
parse block 292649316,cost:17 ms
parse block 292649315,cost:33 ms
parse block 292649314,cost:19 ms
parse block 292649313,cost:45 ms
parse block 292649312,cost:39 ms
parse block 292649311,cost:41 ms
parse block 292649310,cost:34 ms
parse block 292649309,cost:37 ms
parse block 292649308,cost:67 ms
parse block 292649307,cost:40 ms
parse block 292649306,cost:55 ms
parse block 292649305,cost:44 ms
parse block 292649304,cost:62 ms
parse block 292649303,cost:51 ms
parse block 292649302,cost:61 ms
parse block 292649301,cost:30 ms
parse block 292649300,cost:46 ms
parse block 292649299,cost:24 ms
parse block 292649298,cost:58 ms
parse block 292649297,cost:29 ms
parse block 292649296,cost:35 ms
parse block 292649295,cost:9 ms
parse block 292649294,cost:45 ms
parse block 292649293,cost:27 ms
parse block 292649292,cost:28 ms
parse block 292649291,cost:35 ms
parse block 292649290,cost:71 ms
parse block 292649289,cost:40 ms
parse block 292649288,cost:41 ms
parse block 292649287,cost:35 ms
parse block 292649286,cost:39 ms
parse block 292649285,cost:25 ms
parse block 292649284,cost:29 ms
parse block 292649283,cost:47 ms
parse block 292649282,cost:38 ms
parse block 292649281,cost:12 ms
parse block 292649280,cost:30 ms
parse block 292649279,cost:39 ms
parse block 292649278,cost:19 ms
parse block 292649277,cost:45 ms
parse block 292649276,cost:30 ms
parse block 292649275,cost:74 ms
parse block 292649274,cost:19 ms
parse block 292649273,cost:45 ms
parse block 292649272,cost:18 ms
parse block 292649271,cost:31 ms
parse block 292649270,cost:21 ms
parse block 292649269,cost:25 ms
parse block 292649268,cost:42 ms
parse block 292649267,cost:31 ms
parse block 292649266,cost:21 ms
parse block 292649265,cost:33 ms
parse block 292649264,cost:27 ms
parse block 292649263,cost:35 ms
parse block 292649262,cost:24 ms
parse block 292649261,cost:25 ms
parse block 292649260,cost:45 ms
parse block 292649259,cost:40 ms
parse block 292649258,cost:48 ms
parse block 292649257,cost:42 ms
parse block 292649256,cost:41 ms
parse block 292649255,cost:39 ms
parse block 292649254,cost:26 ms
parse block 292649253,cost:36 ms
parse block 292649252,cost:25 ms
parse block 292649251,cost:29 ms
parse block 292649250,cost:24 ms
parse block 292649249,cost:27 ms
parse block 292649248,cost:26 ms
parse block 292649247,cost:33 ms
parse block 292649246,cost:36 ms
parse block 292649245,cost:47 ms
parse block 292649244,cost:33 ms
parse block 292649243,cost:13 ms
parse block 292649242,cost:39 ms
parse block 292649241,cost:33 ms
parse block 292649240,cost:25 ms
parse block 292649239,cost:30 ms
parse block 292649238,cost:28 ms
parse block 292649237,cost:29 ms
parse block 292649236,cost:41 ms
parse block 292649235,cost:12 ms
parse block 292649234,cost:25 ms
parse block 292649233,cost:33 ms
quoteSymbol not support H8LW3afnmHYhvhLydBPsFNfUF1JTPpNt6VoeYzutpump, skipping transaction C6hLLnnLa8kbvTC26LKNkc2fUFQqR73qmK47QLZnwGXcNab3Hen3QgzaSZNyeK1iKLBQk3aLYuC6G1wghByP5u1
quoteSymbol not support 138RzLZngh2tS7YFbj1WKkMBqboECz8DqeVjAmtYpump, skipping transaction 2J7uRLxbNyv6hgE98b22E1G2ft3Ecz6JPSSSqkQfurqkvaRBs6SCD2C8ugYojGTjosxpws3CP4ze1gdJzWvcUvwC
quoteSymbol not support Dik7HYHPdN9rgNyxUediKgYDCvu636dQyL8nRh2YzzDP, skipping transaction 2MP4MktNGHTT6HqJkGpLrSWWcfza5KvyQF3iw5wpy4Y445ZTGG4qAGQjJMSwaZXkoifwNVHX29PtaoXAwTEe7Uds
Invalid tokenAmount: 0, skipping transaction 31dMdVZV7cXFbTicYbFc1yh5weErKisdSpkeVdzxM184CoAjAb3cRvQeVcJtDzsRWibrAhwAA4CanUqMFHBUkrVd
Invalid tokenAmount: 0, skipping transaction 5AMFoRnYdeMtcRTe1YtKrnxFMjHeCmuGsdwk3gLgLuakivBtd6Uuae8mqDnEwjNBUKRzj2niKgoErMbeiz6FJJFN
✅ 插入 4997 条记录到 solana_history_data_new
HIGH PERFORMANCE: parse 100 blocks, cost: 3795 ms
[Port 8023] server total use, cost: 3795 ms
100
parse block 324447133,cost:13 ms
parse block 324447132,cost:30 ms
parse block 324447131,cost:22 ms
parse block 324447130,cost:16 ms
parse block 324447129,cost:29 ms
parse block 324447128,cost:56 ms
parse block 324447127,cost:10 ms
parse block 324447126,cost:24 ms
parse block 324447125,cost:15 ms
parse block 324447124,cost:22 ms
parse block 324447123,cost:15 ms
parse block 324447122,cost:20 ms
parse block 324447121,cost:29 ms
parse block 324447120,cost:22 ms
parse block 324447119,cost:13 ms
parse block 324447118,cost:33 ms
parse block 324447117,cost:19 ms
parse block 324447116,cost:27 ms
parse block 324447115,cost:27 ms
parse block 324447114,cost:13 ms
parse block 324447113,cost:31 ms
parse block 324447112,cost:36 ms
parse block 324447111,cost:31 ms
parse block 324447110,cost:25 ms
parse block 324447109,cost:17 ms
parse block 324447108,cost:38 ms
parse block 324447107,cost:28 ms
parse block 324447106,cost:22 ms
parse block 324447105,cost:23 ms
parse block 324447104,cost:25 ms
parse block 324447103,cost:31 ms
parse block 324447102,cost:54 ms
parse block 324447101,cost:31 ms
parse block 324447100,cost:24 ms
parse block 324447099,cost:23 ms
parse block 324447098,cost:27 ms
parse block 324447097,cost:26 ms
parse block 324447096,cost:36 ms
parse block 324447095,cost:27 ms
parse block 324447094,cost:23 ms
parse block 324447093,cost:37 ms
parse block 324447092,cost:36 ms
parse block 324447091,cost:24 ms
parse block 324447090,cost:31 ms
parse block 324447089,cost:24 ms
parse block 324447088,cost:43 ms
parse block 324447087,cost:23 ms
parse block 324447086,cost:23 ms
parse block 324447085,cost:38 ms
parse block 324447084,cost:25 ms
parse block 324447083,cost:35 ms
parse block 324447082,cost:15 ms
parse block 324447081,cost:26 ms
parse block 324447080,cost:13 ms
parse block 324447079,cost:22 ms
parse block 324447078,cost:30 ms
parse block 324447077,cost:18 ms
parse block 324447076,cost:21 ms
parse block 324447075,cost:34 ms
parse block 324447074,cost:25 ms
parse block 324447073,cost:23 ms
parse block 324447072,cost:9 ms
parse block 324447071,cost:57 ms
parse block 324447070,cost:15 ms
parse block 324447069,cost:34 ms
parse block 324447068,cost:22 ms
parse block 324447067,cost:19 ms
parse block 324447066,cost:15 ms
parse block 324447065,cost:32 ms
parse block 324447064,cost:27 ms
parse block 324447063,cost:34 ms
parse block 324447062,cost:33 ms
parse block 324447061,cost:17 ms
parse block 324447060,cost:33 ms
parse block 324447059,cost:12 ms
parse block 324447058,cost:20 ms
parse block 324447057,cost:23 ms
parse block 324447056,cost:27 ms
parse block 324447055,cost:14 ms
parse block 324447054,cost:35 ms
parse block 324447053,cost:58 ms
parse block 324447052,cost:36 ms
parse block 324447051,cost:13 ms
parse block 324447050,cost:8 ms
parse block 324447049,cost:10 ms
parse block 324447048,cost:0 ms
parse block 324447047,cost:24 ms
parse block 324447046,cost:28 ms
parse block 324447045,cost:20 ms
parse block 324447044,cost:21 ms
parse block 324447043,cost:29 ms
parse block 324447042,cost:32 ms
parse block 324447041,cost:36 ms
parse block 324447040,cost:17 ms
parse block 324447039,cost:21 ms
parse block 324447038,cost:16 ms
parse block 324447037,cost:29 ms
parse block 324447036,cost:26 ms
parse block 324447035,cost:13 ms
parse block 324447034,cost:23 ms
quoteSymbol not support 7HfFyKu2kJ7wLhM4VB5fhw1ngpVs6cJFJXSC6nza3z4a, skipping transaction 4c3eayuXkuUJtNKE6dqJPDaSJxFiDnVYtcCp3AkYYemgsYuncn9S5CnsKcm4Hm2mq4BQvFU3y19fe3R191AFY7fw
quoteSymbol not support BABrNVTWCpsxR6L9bkwskefHrXo4Smu4Yv3qH6atpump, skipping transaction 5Y7o7b2NfzaoarQEiFNZj522aw1k9b9jD2SH92Gck8Rb7BJHYgZpzEk88sKWdqB4vNCZd2Di8NN6PtabSVs15BQ5
quoteSymbol not support 8x5VqbHA8D7NkD52uNuS5nnt3PwA8pLD34ymskeSo2Wn, skipping transaction Bwxa85rZoEWnNpTM8XMqgm3UcNii8RGQ6vS3go45yfUgjakSo166nNY8aFnrrQHwp5NWWhZWyLBsgfSzedwbrn3
quoteSymbol not support J6PoGZZ3T2VMCuAR6TQE3BUGczg673JmMBkKgASdpump, skipping transaction 65zTQU1kqEbTSxXGUPZns3rvAkLAaACEixWdHfStnCMAB7qpGUALWdKuo2Yi9U8N2rLjRLTLLFpiRVByWspZswFR
quoteSymbol not support 61V8vBaqAGMpgDQi4JcAwo1dmBGHsyhzodcPqnEVpump, skipping transaction 43zdcYMbbJ2K9DPSSLzVKAFSrJhwYcNwiTKp6xaqmEW3PEfpDyJ8S3zco9xVZEVvEnaKan8GfMDnaiwzFoQYH9xg
quoteSymbol not support C8e1GKLbEZKfkzhuVzbPKaspiqoyvu3ANsUZLpKYpump, skipping transaction 3AB4NH2E7Xo5puMUzZaT2mhaU9CLWhbStCCmU1VvYeJubmwWkdhsDWACY62E2S2FZioQQF9t3vuUxRD4F5SDRReh
quoteSymbol not support Cp98aegLMqVVLJMj3YpBMTj8SkfvxgmNx1quiFoNpump, skipping transaction 4mmSFRYFkfAQ31HP8vcxX2tonhhW3H5CUNhuM7eQQUxGqo9digctJKpCNR4JUw9HRmBPBKYDwTbStJydZ4uUm8FF
Invalid tokenAmount: 0, skipping transaction 3ZpTj2qmFoneYcVLSVAEkERGkzcZBP3B6EQzdKE8ofpyHndA3Fkv9fdydjUbZKxmJafmGfkYz8SJoLMUGdBrmPdQ
Invalid quoteAddress: undefined, skipping transaction 8E4ecuNzjpiDgiAmGLmbkRBmpphYuf8DVsgsCKWjuPgVv498JnDJ8Tz1p7e1bdfLNGC2cnnJ6QqFAGbBBJbGjsp
quoteSymbol not support 61V8vBaqAGMpgDQi4JcAwo1dmBGHsyhzodcPqnEVpump, skipping transaction ABwrLSbeDUWpP8fcbyTW291EML3hixogGjrW6bfHVkd5uH1mL6weLs9bGMVQ29ddyTbCTqzP1JT2kewq3G5Migs
Invalid quoteAddress: undefined, skipping transaction 37nPxhirAF8diXjDCq25Cq9zBnFXWFe4iNiFqrDWeUQvsGNrAnajfse62UyMV7gTa1mdzQ1Tw3sHg3vrsFMUHHMD
quoteSymbol not support 61V8vBaqAGMpgDQi4JcAwo1dmBGHsyhzodcPqnEVpump, skipping transaction 4vTjfo9t58CuexRcbzXC6QZfpPeZ7EMQqzM4coga6oURQvo3PzPfLY7cYsL9MRYGDkfhyR1ZcWSJxrh456XUrGxW
quoteSymbol not support xp4bLCuxaGXE2U7dE69U8VnB8rLXQKN5Ptcb5ksxYgg, skipping transaction 2Lvfae17m2fpuNSNtXFDfM1ykCe82qeBdZVF5dog2KfBQwNCCMSyiRisTT39wNyafDoKJrhc9TRJM7DvVEX33Xnj
Invalid quoteAddress: undefined, skipping transaction 2BxXsPy9r5xCpidkocXCR8JBGLGxDfiMrgNdAfztehVuZYdYDkbRdpJ8VMHG3TPLcnt7m1nR3bLE28qasdaFXYit
quoteSymbol not support 5fKiDiF1vmVMppi3m2paNzrgwc6kedFdMQaP1L1Bfsuu, skipping transaction rGy9cNn1iw93D9qyw3Qpb1kT9doedb8iAmcPyrCxLN6z7jzJWuhcofevcZdURBcafhXD8TBMyga1NmgMDJo6aYU
quoteSymbol not support 5fKiDiF1vmVMppi3m2paNzrgwc6kedFdMQaP1L1Bfsuu, skipping transaction 47x481aQSXG1oQbzx1TgzArhJL9uDdMS13W6jWwwytAoLb7euuNBfUAVq6MkozYUHi7gDkuyUjsYJbSNwVuE49YS
Invalid tokenAmount: 0, skipping transaction svwjHqNPCfCgBHdAfYhxkEyZVgkEawgmF6GJiRtW9yMphXJaa6kjYeiFsxX2bimTbuxe3bJvamvZXWA5JrDvsEe
quoteSymbol not support 5fKiDiF1vmVMppi3m2paNzrgwc6kedFdMQaP1L1Bfsuu, skipping transaction 5hg8xDotbZTWQH5neZ4ZaV3dUTUE2J7iiugE4Jr535tLe5wgTZqCAa6R83CWJM9VZM1WEQNEH63GRNi3Qnd3MmZN
quoteSymbol not support 5fKiDiF1vmVMppi3m2paNzrgwc6kedFdMQaP1L1Bfsuu, skipping transaction 5vqiY658EDqdDfrpSs5cvG6mUAi6D29StYYBiybhmhr2AwLFanLhsV1czu7Ek3Bk48wuLtqsY3eLpkB72BUtNjbR
quoteSymbol not support 7gjWKuKQ7cK9Xdd8fQzj954h43roTRfNxcSVFyCkTBxe, skipping transaction u9uSWBVhD7xgo3PZqYPs4ZAK6xEWCXuRn9qdgy6woamBDLRabE1B4UF9Kx9MKWBv3nZuzBQkTWdqSpUZzbobnmC
quoteSymbol not support 61V8vBaqAGMpgDQi4JcAwo1dmBGHsyhzodcPqnEVpump, skipping transaction 46USwm85p4iRyRpYBKPTQ8H47UusrsjKXPPJNfqNe4mNCjEBnBUQcbN7LGmLPZJWvwB57XVF3ytqa7eUW8bss7fZ
quoteSymbol not support 9fC6nQfx7D8aJymfTh6LosHsHWNnR8AUVF9ZCvuBpump, skipping transaction WHcfBE6c14fiWVdRvpRoJbnJB7rAjBTwpmJ36vzmf62niV25scRWy5KinLGoWZdBSGuAbRicDizGF24iNY3AoXT
Invalid tokenAmount: 0, skipping transaction 5zZL8cYsTJfjFxPy81mVd9RscHcSjpD8wrBGKG6id4pNq6yzHJZ3hwYYoRoThrLYJatpr9oABajXVD9npJgXyAgp
Invalid quoteAmount: 0, skipping transaction 4BwF1jmwytdfZUiTca7b4uaSWFge25oyQdUmTMUUkY6x3Gze2zxmWFecYQ3HYBcoCz4pJ1KUjuxSqU3VUmT7J7wi
Invalid tokenAmount: 0, skipping transaction 3JnsJANiueruQvxrK5kwTexXq7H32z3P1T7i2v6gNmgYHq3eGi39acNC8dAbM4DfuRyhRmUy4nUUPrvHmxya3Reh
Invalid tokenAmount: 0, skipping transaction 55DzW8M4zAkHVhpZGqGTfEHyF2qTfuSWoKEwUebg4jjnQT7AwGnyEVHq4Zdhoi8KV9hFmpg8PoTFAVDdATYF53T2
Invalid tokenAmount: 0, skipping transaction 33aAUeFsjmk2QyPndkv7B6RKwKCNuUWvbznEiwCEStVLExzrHAxFJLgnvNHGqR5XoQAJBwJ9gFzgcJg4edc3xLrk
Invalid quoteAddress: undefined, skipping transaction 3ahLPCDkRJwjMVwWsj1PQ9KJHKq2GdK5vKJQB9FMGRBQMiKL7n2EEDMf4TcZuxxQuhpF9Lh9JkBDmVynrXpnQCMf
quoteSymbol not support 5fKiDiF1vmVMppi3m2paNzrgwc6kedFdMQaP1L1Bfsuu, skipping transaction 54nLteqgtoVaAopsGKynhPaDrTnv8XqrEiWRABGjvWffP5TxLf2syiNZS5VQQLHwfPrVfCu5UP4Cci4WdQBcoUSw
quoteSymbol not support 6jEp4iQeLYJuxF4vUeiESsVJH1L16HhjAnuyQrz7pump, skipping transaction 4wpysBWHnprXVtGvn8HSJwp2Fxk4J5S3nB7nUnU6c58BvwJHUWvuMvBdnaPJ6TYw3LBvpFdFPkNTtoqvmQ56axVy
✅ 插入 7735 条记录到 solana_history_data_new
HIGH PERFORMANCE: parse 100 blocks, cost: 2995 ms
[Port 8023] server total use, cost: 2995 ms
100
parse block 324446233,cost:42 ms
parse block 324446232,cost:52 ms
parse block 324446231,cost:10 ms
parse block 324446230,cost:10 ms
parse block 324446229,cost:13 ms
parse block 324446228,cost:21 ms
parse block 324446227,cost:31 ms
parse block 324446226,cost:16 ms
parse block 324446225,cost:36 ms
parse block 324446224,cost:48 ms
parse block 324446223,cost:29 ms
parse block 324446222,cost:20 ms
parse block 324446221,cost:29 ms
parse block 324446220,cost:43 ms
parse block 324446219,cost:11 ms
parse block 324446218,cost:22 ms
parse block 324446217,cost:40 ms
parse block 324446216,cost:36 ms
parse block 324446215,cost:18 ms
parse block 324446214,cost:26 ms
parse block 324446213,cost:28 ms
parse block 324446212,cost:23 ms
parse block 324446211,cost:21 ms
parse block 324446210,cost:16 ms
parse block 324446209,cost:56 ms
parse block 324446208,cost:20 ms
parse block 324446207,cost:23 ms
parse block 324446206,cost:37 ms
parse block 324446205,cost:15 ms
parse block 324446204,cost:20 ms
parse block 324446203,cost:24 ms
parse block 324446202,cost:18 ms
quoteSymbol not support 3rSbxZ1HV3pJMdP1hV1yesWpAmUPkPPRLu38w3uGmoon, skipping transaction 5gAseGgcnDJViQprhYJabvCRsuRCEPiDjtJkGmHiPSZijB7gzvtAb5R4nkYBJoaYhtoAdrZ4Vdr19JqADkrhFzqN
parse block 324446201,cost:38 ms
parse block 324446200,cost:47 ms
parse block 324446199,cost:24 ms
parse block 324446198,cost:35 ms
parse block 324446197,cost:33 ms
parse block 324446196,cost:39 ms
parse block 324446195,cost:24 ms
parse block 324446194,cost:26 ms
parse block 324446193,cost:36 ms
parse block 324446192,cost:40 ms
parse block 324446191,cost:24 ms
parse block 324446190,cost:26 ms
parse block 324446189,cost:26 ms
parse block 324446188,cost:28 ms
parse block 324446187,cost:28 ms
parse block 324446186,cost:30 ms
parse block 324446185,cost:23 ms
parse block 324446184,cost:53 ms
parse block 324446183,cost:30 ms
parse block 324446182,cost:22 ms
parse block 324446181,cost:28 ms
parse block 324446180,cost:21 ms
parse block 324446179,cost:26 ms
parse block 324446178,cost:16 ms
parse block 324446177,cost:47 ms
parse block 324446176,cost:57 ms
parse block 324446175,cost:20 ms
parse block 324446174,cost:31 ms
parse block 324446173,cost:58 ms
parse block 324446172,cost:47 ms
parse block 324446171,cost:3 ms
parse block 324446170,cost:22 ms
parse block 324446169,cost:6 ms
parse block 324446168,cost:18 ms
parse block 324446167,cost:26 ms
parse block 324446166,cost:54 ms
parse block 324446165,cost:17 ms
parse block 324446164,cost:18 ms
parse block 324446163,cost:34 ms
parse block 324446162,cost:19 ms
parse block 324446161,cost:21 ms
parse block 324446160,cost:28 ms
parse block 324446159,cost:22 ms
parse block 324446158,cost:40 ms
parse block 324446157,cost:27 ms
parse block 324446156,cost:32 ms
parse block 324446155,cost:15 ms
parse block 324446154,cost:24 ms
parse block 324446153,cost:25 ms
parse block 324446152,cost:31 ms
parse block 324446151,cost:29 ms
parse block 324446150,cost:40 ms
parse block 324446149,cost:19 ms
parse block 324446148,cost:11 ms
parse block 324446147,cost:16 ms
parse block 324446146,cost:25 ms
parse block 324446145,cost:25 ms
parse block 324446144,cost:21 ms
parse block 324446143,cost:15 ms
parse block 324446142,cost:20 ms
parse block 324446141,cost:28 ms
parse block 324446140,cost:42 ms
parse block 324446139,cost:19 ms
parse block 324446138,cost:31 ms
parse block 324446137,cost:32 ms
parse block 324446136,cost:16 ms
parse block 324446135,cost:37 ms
parse block 324446134,cost:19 ms
Invalid tokenAmount: 0, skipping transaction 2RHsGPGY8BcXXnzzWuL3qBzQuyeYaNugboAafWLiTUjwpRK3y8sKfkrGTZuJGj2LnnBGQFMbBbyHr98B1TsPf3WY
quoteSymbol not support 56X34Mz8pUvm3mwdcSPx3nkas7PawNPjgQm9UQL5SkpW, skipping transaction 39zcwJEEpfzNuYZswVVczBdVAYCU8Yw3u2eggzQGpcPjZDBr84rgnSefGJ3NToi6mxP7Sr2FFZXx4zwrGTPEmTue
quoteSymbol not support 56X34Mz8pUvm3mwdcSPx3nkas7PawNPjgQm9UQL5SkpW, skipping transaction 29G9VbuMFVnz67A52pWh4FyuLoojyBFyvDxGru9tkCFqJcMTwWfSkRrEThnvLvkeJpxwxbxetjf2NyEniRCPtafF
quoteSymbol not support 56X34Mz8pUvm3mwdcSPx3nkas7PawNPjgQm9UQL5SkpW, skipping transaction 4UkWrjPZX2aonFehh3dYSRqPP8fD7WMJNmj6sDnFBNFf4qx4XwudgpSfW3MFsmnr5HuwzsJCsBNdzqzJTfdxGkUP
Invalid tokenAmount: 0, skipping transaction rU4KVGM25UAMHsqxHTLekBsdvnnryAUj8LZW6nYEZvJfScwyZHa8mviibueZZ3ifq5jAAJcn9gsiQvNd8bcZjbw
quoteSymbol not support BABrNVTWCpsxR6L9bkwskefHrXo4Smu4Yv3qH6atpump, skipping transaction NYXBUZj2UD3kuVKWzP4hs666xAWThL3bDLLPD53QWUsjnZjeWfTbiUQNLjPGxawWxVS4vokiS5Z66C18o5YWLLM
Invalid tokenAmount: 0, skipping transaction 35XsoVmBZvcyAvneZQgfQtERp1dUVvHRn7bHxc7egduLh4dmNGwJTnzbQhMurRKARo3uafDwE4F3PKJkCVNd9E1G
Invalid quoteAddress: undefined, skipping transaction 5UAa9AukBjrCx9ytqex4kG8v5B8gAc1kYucacfB1UyNsSCBoSEuPifdyD7FQmMABnKu4MUGdPdm5WtUDo21pJ6Bu
quoteSymbol not support 63LfDmNb3MQ8mw9MtZ2To9bEA2M71kZUUGq5tiJxcqj9, skipping transaction 4H4XACtfXBdjshw8b6t7ZGbw6gFgK6PATPHp1YJR5t2ds87DdiPrZxiHYgrNTQZwSRoCFjoznpiBAKpAnTYQ9MrD
quoteSymbol not support 7gjWKuKQ7cK9Xdd8fQzj954h43roTRfNxcSVFyCkTBxe, skipping transaction 4MwzyGXiKQLqC7dCbWAiqno1K5JQx9tao4ozshV1BrP99xAKYtaca8vTPhdm6S3k3RbLPrRbS2UzJcJD4t97Ttmz
quoteSymbol not support J6PoGZZ3T2VMCuAR6TQE3BUGczg673JmMBkKgASdpump, skipping transaction h4j39ELAR46SLPyqqzEJqizGHVroM2AbNgVq11afs7HuuJu6zZT97EBMD3G6ADyXhy9MErYXoZZ7zfeRsBuohPv
quoteSymbol not support HeLp6NuQkmYB4pYWo2zYs22mESHXPQYzXbB8n4V98jwC, skipping transaction 5m9DNgtRdSPWGYWyMeNkodDzp9SeMahCdxZn4476ukBeuGnfczLb3UY1s8Lw3uTdmu9B7HuHCSbpfMYTzT6p2aKN
quoteSymbol not support 56X34Mz8pUvm3mwdcSPx3nkas7PawNPjgQm9UQL5SkpW, skipping transaction 2mALZSHQCUYEDpqWgNR7WjbBB6Y9KbDN1zo7f6vWdAw3zBdyNqtyrz3tdBRXLQebT9mPihtwCC1vKRSzC5aewsYa
Invalid tokenAmount: 0, skipping transaction 4NSd58B7pV47U7ffL6L1UqEwebjMYsAEdYwxAc1CMXWovCKtzh1UdiUdKm5WsUmzyM56ZHcb1pSs7mvcuC4hKQpy
quoteSymbol not support orcaEKTdK7LKz57vaAYr9QeNsVEPfiu6QeMU1kektZE, skipping transaction 2TuzTYCcA3w9JcEK3twexduRqQU2MsucJNYVkmAgddgueULurpESnnDLzDqFWSzzGjTYC5HdPe4GMB3Ki6CNAFfN
Invalid quoteAddress: undefined, skipping transaction 497WSHPeDCv3nGiKgmZwE1vSvHZLjuhxGbqn1pT6esAi8YeNCvastZme5FuoUFEnmGjah4rivRar4B6Wc4hWLuCz
Invalid tokenAmount: 0, skipping transaction 61XfsAHEVvFz2i4EzLY6HDLkGnbNqzrpwgKPoT9Ywwv16d5spUCATGMBkaZNWijLf4qboarmjZLkTzsTyTf8abG1
✅ 插入 9184 条记录到 solana_history_data_new
HIGH PERFORMANCE: parse 100 blocks, cost: 3230 ms
[Port 8023] server total use, cost: 3244 ms
