🚀 Starting server on port 8022
Listening on http://0.0.0.0:8022/ (http://localhost:8022/)
97
parse block 292702032,cost:62 ms
parse block 292702031,cost:40 ms
parse block 292702030,cost:67 ms
parse block 292702029,cost:18 ms
parse block 292702028,cost:48 ms
parse block 292702027,cost:47 ms
parse block 292702026,cost:47 ms
parse block 292702025,cost:47 ms
parse block 292702024,cost:55 ms
parse block 292702023,cost:61 ms
parse block 292702022,cost:52 ms
parse block 292702021,cost:25 ms
parse block 292702020,cost:44 ms
quoteSymbol not support DogC4JhFWEPGxVYEkBzWfX4cKSnEdZC3YbTqMEdYaEdi, skipping transaction 65ugpCX98RtXLDNThSboes4kDyZ2ezFeELSMwXV672kdowwYuA1u3ULBHQV3UYQHDs5xaMEjxt1j8UFRYphfhmc8
parse block 292702019,cost:30 ms
parse block 292702018,cost:41 ms
parse block 292702017,cost:63 ms
parse block 292702016,cost:57 ms
parse block 292702015,cost:47 ms
parse block 292702014,cost:44 ms
parse block 292702013,cost:38 ms
parse block 292702012,cost:25 ms
parse block 292702011,cost:44 ms
parse block 292702010,cost:80 ms
parse block 292702009,cost:44 ms
parse block 292702008,cost:83 ms
parse block 292702007,cost:2 ms
parse block 292702006,cost:47 ms
parse block 292702005,cost:35 ms
parse block 292702004,cost:45 ms
parse block 292702003,cost:71 ms
parse block 292702002,cost:46 ms
parse block 292702001,cost:33 ms
parse block 292702000,cost:121 ms
parse block 292701999,cost:12 ms
parse block 292701998,cost:27 ms
parse block 292701997,cost:18 ms
parse block 292701996,cost:15 ms
parse block 292701995,cost:31 ms
parse block 292701994,cost:71 ms
parse block 292701993,cost:54 ms
parse block 292701989,cost:37 ms
parse block 292701988,cost:42 ms
parse block 292701987,cost:28 ms
parse block 292701986,cost:29 ms
parse block 292701985,cost:31 ms
parse block 292701984,cost:47 ms
parse block 292701983,cost:72 ms
parse block 292701982,cost:25 ms
parse block 292701981,cost:32 ms
parse block 292701980,cost:44 ms
parse block 292701979,cost:17 ms
parse block 292701978,cost:31 ms
parse block 292701977,cost:14 ms
parse block 292701976,cost:57 ms
parse block 292701975,cost:69 ms
parse block 292701974,cost:90 ms
parse block 292701973,cost:37 ms
parse block 292701972,cost:81 ms
parse block 292701971,cost:22 ms
parse block 292701970,cost:20 ms
parse block 292701969,cost:41 ms
parse block 292701968,cost:51 ms
parse block 292701967,cost:55 ms
parse block 292701966,cost:41 ms
parse block 292701965,cost:17 ms
parse block 292701964,cost:82 ms
parse block 292701963,cost:32 ms
parse block 292701962,cost:13 ms
parse block 292701961,cost:65 ms
parse block 292701960,cost:24 ms
parse block 292701959,cost:47 ms
parse block 292701958,cost:40 ms
parse block 292701957,cost:46 ms
parse block 292701956,cost:33 ms
parse block 292701955,cost:42 ms
parse block 292701954,cost:63 ms
parse block 292701953,cost:61 ms
parse block 292701952,cost:33 ms
parse block 292701951,cost:39 ms
parse block 292701950,cost:33 ms
parse block 292701949,cost:21 ms
parse block 292701948,cost:33 ms
parse block 292701947,cost:39 ms
parse block 292701946,cost:47 ms
parse block 292701945,cost:22 ms
parse block 292701944,cost:77 ms
parse block 292701943,cost:19 ms
parse block 292701942,cost:19 ms
parse block 292701941,cost:22 ms
parse block 292701940,cost:22 ms
parse block 292701939,cost:50 ms
parse block 292701938,cost:101 ms
parse block 292701937,cost:47 ms
parse block 292701936,cost:53 ms
parse block 292701935,cost:36 ms
parse block 292701934,cost:60 ms
parse block 292701933,cost:64 ms
Invalid tokenAmount: 0, skipping transaction 63My5xaeudQdRoYSMUZTxXy5U5RiruxvXXD7xJthxB4AAoYSrJskV3d9z4sTUH1eghF8z3NiBkHziSPD64txnLMv
quoteSymbol not support 62Jx4h4hgtasVAq7YTZq2ycg7trrgtqgdN4B56P26GTj, skipping transaction aTvoSL1KYkmtMPu8QRPSxQAeHAYYfyMbLkxHFw1wN5VViQ1LZHWkLFUducBuGeZkigdYTzHLMpmZHY9QvUKnQcJ
quoteSymbol not support AebyzvDTLEnWBaHurKDRSfVvwJQsVW3BkS38amQdr7sL, skipping transaction 6114zk1cbSdiXF1Bm7SZQeMKa4qBW6ZiHpiEx58Tdrdoen3Sg6Proov73C59MixP5DFxDpjGz4NLgFX2jf9bwhZM
quoteSymbol not support 43EQDP9bmmgFk3yDzg6Xa9LoFLR1uJi9jR8MpHZDpump, skipping transaction 5HGZ7XAs7aB3ReDaCFUUeYqAxKQBd6K3GKLhd54vMJnnJuKaz2ywjZQiCCQMo5ReetM9c3Jnt6kaicNzg4dMFbqx
Invalid tokenAmount: 0, skipping transaction 5djzoyJpPdfKYLEVDb8cDmbrekndppjC1WbMvjppa1jd2c6FMDQSm8E16MLbUYNByKkZAT2anw3uUL1kA4bYuJ5h
Invalid tokenAmount: 0, skipping transaction yK1YDbFAqFN43gbpGJ5EX6mBScCQdxoSgr4NQdEigP7T4HDKnTkz2ZpVV7miPvmiPisw3L3cgZwmYtk6WD2ebPs
quoteSymbol not support BLLbAtSHFpgkSaUGmSQnjafnhebt8XPncaeYrpEgWoVk, skipping transaction 3vg9eHm5nHX69znS8BgWn2PxrUd2ukKbUxei2VEgFLFXcUgtV7sKrSkwwjZqjeXVs9QYrEqjqApPtnrQ4qRRknP8
quoteSymbol not support 3pZTQNveUSDJH3mtPz629soXavCaSDb5Ca2fnyVVpump, skipping transaction 3swPjx8ZWfppesF5W1JSGGXtpiHDBdTEyW1jNh8m51bg7A1fTjxtHdewDqjb5JYPwjy3fkqmHDfxbsCsRqBmDzEw
quoteSymbol not support EnxNPSjYpvmcSYwuGfMXNsEBeQc8qiUpRdoDEosBpump, skipping transaction 3sUP6GBFo4S3BH9ZfdRjrjBm8RZo3oFh1hMwBzxcehhLaY6aygWb8exWPixZNeAGDjcZ3iKbmgy9svjRdN2d1gib
quoteSymbol not support 7NQSHjuEGENZDWfSvPZz7oP2D6c5Jc3LjFC6uh179ufr, skipping transaction 2NuJ8V6nkbQooQLxiMntKSf28NcT2pBrLfgndbQG9sE9CQpo2VNjMrEELNvo3PevX3i6eoHiQeiEaQQrdnc5Cqt
quoteSymbol not support JCmiuEvazeTRhmL57NjjFedQYbQLYeRDDua9dSohpump, skipping transaction 2c8X7Xai5xVGkzk2uTLTG2GokyVFwtHB1cqg8aUUDwUuL7WNH9VPWhZ1PcxCvmh7y7tA8Yhk51LjiaqKEE2rY85
Invalid tokenAmount: 0, skipping transaction 5uisuLncWXfZFkth9T87qseV6Udpc3rNaeqFiCqQEYVA63ZNbfh9NR7cJGWzM8SScvqUHC79b83gg7opBHY4mZcb
Invalid tokenAmount: 0, skipping transaction 3rRU5DPXHfn28wAJ8y4gWFvnCUEEP5gfN5yLAXtXMZZJrU31FtyhPS2wuszD46JVuh5CPWLpywqgUzUTRW2f19Rx
Invalid tokenAmount: 0, skipping transaction 3nQx6o1DAgNSr4F8jW15xTbtFHeDbat4Cc7PJend9kymRtbpi2kxMSHtn8xBUdHMnbyBUjN4wb8fYJrbjgdwgwy9
Invalid tokenAmount: 0, skipping transaction 5AdLbNcPb8k87txDsxk6CR8z4xBhx5feGy7YbFKuJ2i5Yy1ZSiSHVmzaf6cUmezi4eX6eaf7fWwBx47BceQtzK6X
✅ 插入 9674 条记录到 solana_history_data_new
HIGH PERFORMANCE: parse 97 blocks, cost: 4718 ms
[Port 8022] server total use, cost: 4718 ms
100
parse block 292698632,cost:45 ms
parse block 292698631,cost:57 ms
parse block 292698630,cost:52 ms
parse block 292698629,cost:26 ms
parse block 292698628,cost:54 ms
parse block 292698627,cost:39 ms
parse block 292698626,cost:57 ms
parse block 292698625,cost:47 ms
parse block 292698624,cost:78 ms
parse block 292698623,cost:53 ms
parse block 292698622,cost:26 ms
parse block 292698621,cost:26 ms
parse block 292698620,cost:47 ms
parse block 292698619,cost:38 ms
parse block 292698618,cost:44 ms
parse block 292698617,cost:37 ms
parse block 292698616,cost:61 ms
parse block 292698615,cost:31 ms
parse block 292698614,cost:41 ms
parse block 292698613,cost:44 ms
parse block 292698612,cost:66 ms
parse block 292698611,cost:56 ms
parse block 292698610,cost:31 ms
parse block 292698609,cost:81 ms
parse block 292698608,cost:8 ms
parse block 292698607,cost:55 ms
parse block 292698606,cost:16 ms
parse block 292698605,cost:31 ms
parse block 292698604,cost:44 ms
parse block 292698603,cost:80 ms
parse block 292698602,cost:74 ms
parse block 292698601,cost:39 ms
parse block 292698600,cost:32 ms
parse block 292698599,cost:30 ms
parse block 292698598,cost:59 ms
parse block 292698597,cost:46 ms
parse block 292698596,cost:48 ms
parse block 292698595,cost:59 ms
parse block 292698594,cost:7 ms
parse block 292698593,cost:38 ms
parse block 292698592,cost:42 ms
parse block 292698591,cost:30 ms
parse block 292698590,cost:25 ms
parse block 292698589,cost:31 ms
parse block 292698588,cost:34 ms
parse block 292698587,cost:63 ms
parse block 292698586,cost:28 ms
parse block 292698585,cost:92 ms
parse block 292698584,cost:21 ms
parse block 292698583,cost:39 ms
parse block 292698582,cost:42 ms
parse block 292698581,cost:24 ms
parse block 292698580,cost:41 ms
parse block 292698579,cost:50 ms
parse block 292698578,cost:31 ms
parse block 292698577,cost:32 ms
Invalid tokenAmount: 0, skipping transaction WQZgrGjsiGh2HuiKJLWFmT231byowTtxjSq2YfTHXLdoKXbdR2uSnZC6LkC1bSexGd5vy3SdtJ7sCAXaNWiEuhx
parse block 292698576,cost:38 ms
parse block 292698575,cost:44 ms
parse block 292698574,cost:39 ms
parse block 292698573,cost:34 ms
parse block 292698572,cost:52 ms
parse block 292698571,cost:37 ms
parse block 292698570,cost:54 ms
parse block 292698569,cost:22 ms
parse block 292698568,cost:36 ms
parse block 292698567,cost:27 ms
parse block 292698566,cost:61 ms
parse block 292698565,cost:24 ms
parse block 292698564,cost:48 ms
parse block 292698563,cost:59 ms
parse block 292698562,cost:43 ms
parse block 292698561,cost:25 ms
parse block 292698560,cost:47 ms
parse block 292698559,cost:33 ms
parse block 292698558,cost:35 ms
parse block 292698557,cost:38 ms
parse block 292698556,cost:37 ms
parse block 292698555,cost:48 ms
parse block 292698554,cost:82 ms
parse block 292698553,cost:21 ms
parse block 292698552,cost:52 ms
parse block 292698551,cost:39 ms
parse block 292698550,cost:40 ms
parse block 292698549,cost:26 ms
parse block 292698548,cost:64 ms
parse block 292698547,cost:36 ms
parse block 292698546,cost:45 ms
parse block 292698545,cost:47 ms
parse block 292698544,cost:55 ms
parse block 292698543,cost:60 ms
parse block 292698542,cost:20 ms
parse block 292698541,cost:60 ms
parse block 292698540,cost:31 ms
parse block 292698539,cost:37 ms
parse block 292698538,cost:43 ms
parse block 292698537,cost:32 ms
parse block 292698536,cost:59 ms
parse block 292698535,cost:73 ms
parse block 292698534,cost:66 ms
parse block 292698533,cost:39 ms
quoteSymbol not support CgC2GUe2GFxab4FhsU83sAJfJ9L1GSjBbaaXFX43GHge, skipping transaction 27xqcQRYyX2AfH9rA93Tn3AMbw9W2SNfrQQbz3F4GUMqFD9Fz2EKnwfWeJZPYNFBu3euwiBWMJh7nFcQWijWGEYC
Invalid tokenAmount: 0, skipping transaction 4kwXNUDEwfU5Uk767Tv2N6nPbC2Zya7GZFEx3Qed11xGoUAiD4XL5mNNSdDvCwCYDoz663Z94gCK1uPUNJUMtuNX
quoteSymbol not support 123fJ8eJ3KeMaAsSXAaCE1B17xjAYHuGa3Wt7cwkpump, skipping transaction 2PxWqoEf2JrbhCXJRmzGbrCpQtq99bCFsap4MNdW4boq7ZzyrmuMMBWw8R1JcvMTzcc8VxujkTkHVbYw4ihdULKP
quoteSymbol not support H2s5dPtCyNuuhsTtYJaskaJ8CtKfPnaRta6oDc98JZQR, skipping transaction 3HcSxevvSY7JB5QZMKcSe4baqVF5pukC9gd3aqHUUAdnDqeTTVJRiFnQxBGje6DeB7F73YGct949QRGrYxghbVxy
quoteSymbol not support ED5nyyWEzpPPiWimP8vYm7sD7TD3LAt3Q3gRTWHzPJBY, skipping transaction 2xdukHdQg7vgDiJY5smUEfrERADZZUpnZrzeSqqgTJ3bjcCcXYvuqhhyjWsRfgY3kXnnn96BodPiGXi4hfg384eg
quoteSymbol not support 123fJ8eJ3KeMaAsSXAaCE1B17xjAYHuGa3Wt7cwkpump, skipping transaction 5XVNXioAjDnVkLwHCPc5nZvjcZFJTfxTbBxoGcM8YL8bkPoXi574KrcGGT2svjSAJFzccfV33MpnuMjyJZmacTkL
Invalid quoteAddress: undefined, skipping transaction 4pEHaAspQ61sCYnCtFYBDMMRVr72js2zChdV7peTyJmBdCP76UNrYCte6sGBvDM98uF1j9n7zTywoe9n5XkTD6G7
Invalid quoteAddress: undefined, skipping transaction 26YrmLWCW5RqS4sChnPLhpwidiWLvYSDSj8EdBLdoxJA6rGzEPneFgokbyJf9nKFjUqUtBWu3tySbZtuHUftcoVQ
quoteSymbol not support 3Na9sEnHtfH3xpXCDeYi3QRRFfedovv26yhy5qH9pump, skipping transaction 4mZh4ezgGeRGYYZhmrd25A3ekwGoMEnF2WzSGUR6zQCAXR3KNL2m6f7HPKeLDBccfKfx4D6MhJER2tmuaEAXcLf3
quoteSymbol not support 123fJ8eJ3KeMaAsSXAaCE1B17xjAYHuGa3Wt7cwkpump, skipping transaction 2sbaNRqgqWz2B5nERmCXkdKn8xa1ndjeFho3oQMdNgj7wUjCrJ2hj8BE1NL5mhSXHvkakonGVijBCQsdxbLmZdQX
quoteSymbol not support 6T44rfi9BDUdZbEvVddZWVfsGrpC6N1sSSKYnCsLpump, skipping transaction 4X5AUH3Zi7jSurYzvaiRCEQJmi8ivNaN3uNoS9bHNYhoFX9dqw5fcirDLTYiTKfKdNp8WCJ6iQj266MoHir69PC3
✅ 插入 7214 条记录到 solana_history_data_new
HIGH PERFORMANCE: parse 100 blocks, cost: 4721 ms
[Port 8022] server total use, cost: 4721 ms
99
parse block 292697232,cost:26 ms
parse block 292697231,cost:61 ms
parse block 292697230,cost:49 ms
parse block 292697229,cost:15 ms
parse block 292697228,cost:22 ms
parse block 292697227,cost:24 ms
quoteSymbol not support 4k3Dyjzvzp8eMZWUXbBCjEvwSkkk59S5iCNLY3QrkX6R, skipping transaction 2nsfPA4aLcRWMM9Jk957c4e56Vp7VbYsFLdyB5bngygTLXZ9SURyLgZug5SLBL2STSeHtNfbiUcUbWUki4izh82c
parse block 292697226,cost:45 ms
parse block 292697225,cost:43 ms
parse block 292697224,cost:36 ms
parse block 292697223,cost:49 ms
parse block 292697222,cost:43 ms
parse block 292697221,cost:10 ms
parse block 292697220,cost:31 ms
parse block 292697219,cost:49 ms
parse block 292697218,cost:30 ms
parse block 292697217,cost:40 ms
parse block 292697216,cost:34 ms
parse block 292697215,cost:19 ms
parse block 292697214,cost:22 ms
parse block 292697213,cost:23 ms
parse block 292697212,cost:33 ms
parse block 292697211,cost:54 ms
parse block 292697210,cost:30 ms
parse block 292697209,cost:35 ms
parse block 292697208,cost:66 ms
parse block 292697207,cost:23 ms
Invalid tokenAmount: 0, skipping transaction 3az2avfjn5gyBBy1VEcCE7rHBmF5mWCxjF9fNF65aA6szgKuz5Y7EYmThNBp4bSEVTWpRnBrFW2wmu1JNtruMpYi
parse block 292697206,cost:20 ms
parse block 292697205,cost:23 ms
parse block 292697204,cost:26 ms
parse block 292697203,cost:56 ms
parse block 292697202,cost:89 ms
parse block 292697201,cost:42 ms
parse block 292697200,cost:94 ms
parse block 292697199,cost:14 ms
parse block 292697198,cost:15 ms
parse block 292697197,cost:15 ms
parse block 292697196,cost:31 ms
parse block 292697195,cost:27 ms
parse block 292697194,cost:60 ms
parse block 292697193,cost:42 ms
parse block 292697192,cost:48 ms
parse block 292697191,cost:49 ms
parse block 292697190,cost:44 ms
parse block 292697189,cost:30 ms
parse block 292697188,cost:27 ms
parse block 292697187,cost:34 ms
parse block 292697186,cost:61 ms
parse block 292697185,cost:60 ms
parse block 292697184,cost:4 ms
parse block 292697183,cost:20 ms
parse block 292697182,cost:27 ms
parse block 292697181,cost:18 ms
parse block 292697180,cost:14 ms
parse block 292697179,cost:39 ms
parse block 292697178,cost:24 ms
parse block 292697177,cost:30 ms
parse block 292697176,cost:74 ms
parse block 292697175,cost:22 ms
parse block 292697174,cost:42 ms
parse block 292697173,cost:37 ms
parse block 292697172,cost:33 ms
parse block 292697171,cost:70 ms
parse block 292697170,cost:53 ms
parse block 292697169,cost:40 ms
parse block 292697167,cost:52 ms
parse block 292697166,cost:34 ms
parse block 292697165,cost:29 ms
parse block 292697164,cost:25 ms
parse block 292697163,cost:44 ms
parse block 292697162,cost:62 ms
parse block 292697161,cost:33 ms
parse block 292697160,cost:73 ms
parse block 292697159,cost:51 ms
parse block 292697158,cost:57 ms
parse block 292697157,cost:25 ms
parse block 292697156,cost:24 ms
parse block 292697155,cost:36 ms
parse block 292697154,cost:31 ms
parse block 292697153,cost:45 ms
parse block 292697152,cost:47 ms
parse block 292697151,cost:34 ms
parse block 292697150,cost:49 ms
parse block 292697149,cost:39 ms
parse block 292697148,cost:97 ms
parse block 292697147,cost:34 ms
parse block 292697146,cost:12 ms
parse block 292697145,cost:47 ms
parse block 292697144,cost:30 ms
parse block 292697143,cost:48 ms
parse block 292697142,cost:47 ms
parse block 292697141,cost:37 ms
parse block 292697140,cost:43 ms
parse block 292697139,cost:48 ms
parse block 292697138,cost:54 ms
parse block 292697137,cost:22 ms
parse block 292697136,cost:63 ms
parse block 292697135,cost:11 ms
parse block 292697134,cost:22 ms
parse block 292697133,cost:24 ms
Invalid tokenAmount: 0, skipping transaction 4R7d4Dz1g4c5rTVW5PpH7pGGcoSwQ8VLhQmAeWhzL3eBVzD8VKTADckW6mbPw2vom2R7HFtShewW7vmpkEvahCQ
quoteSymbol not support 4k3Dyjzvzp8eMZWUXbBCjEvwSkkk59S5iCNLY3QrkX6R, skipping transaction 3b1KfFohUcwvK4vPxEpcHc7ezKyMrfFxJEbKcaimasQVmbwYMbZvKAheorXS8v82Q9WoWteDFdVV4KoGDjWJ2MLP
Invalid tokenAmount: 0, skipping transaction 2FSApM6TbrqPPY5wRxapL2Cty8PMSuTWuNWYKq7xdSL6Go65QFUmQvAmHVbY8Nvpph29ss218xi48Jy9y847FuLt
Invalid tokenAmount: 0, skipping transaction 2jQWE32YUYNqBLtzDGdmkwtFxj9arDTU96gnLQDhXWniLrSrk9JAEpjRRKjL9qN6j2oggC3hJSk5Gt8zqYgezz8W
quoteSymbol not support 61AbMUfxusAz8yL2GnpyzTSdzfduUkppFKqtUAqApump, skipping transaction 3VGKpnqfpE1F8WJsSYpAw8sUb1B8xU5mvmEiWcW3kwLJcA1qom1gvqMG6MVqHDJ8UpSwaGa9UAJDky77hVLxfgrz
quoteSymbol not support 4k3Dyjzvzp8eMZWUXbBCjEvwSkkk59S5iCNLY3QrkX6R, skipping transaction 4GiPQkjpZVxLRSHXvkpgJ2tphEDD5MifWps36ESHqoLxx82EpVBRkz39mvuxckXtLTVDd9UXbq47pruyvs9G8vCB
quoteSymbol not support 3wQc5nnTj3Zk1zCUvSKJsPbf5WtGizAS98jJKUH4em8V, skipping transaction 3uu9xtawLGALGW7fKAKr8EWQDR7h8rVr9ubZd9cyitKCkRp3f8hwsgq5EG14Tvh884uKqE8jGaFzCY1s7bvYsScr
quoteSymbol not support 4k3Dyjzvzp8eMZWUXbBCjEvwSkkk59S5iCNLY3QrkX6R, skipping transaction 3W63zLAyzzVmC3RfEjwaRrN7GbhxKR6WRZnfJALDtQBCpkAZVeocrPfvanR1gRoGvMwx8hWaYcyLw268sTo3YGxx
quoteSymbol not support 4k3Dyjzvzp8eMZWUXbBCjEvwSkkk59S5iCNLY3QrkX6R, skipping transaction 5n4oxCckFAZcdBh6Rak19kmSn1Aq5ZnXJ8CarADNBMSNFVoKVuLDKtUQwUNKviE1Gs999P5MgCJWNLouP6Xu3EjU
quoteSymbol not support 7M9KJcPNC65ShLDmJmTNhVFcuY95Y1VMeYngKgt67D1t, skipping transaction 2xSgSybs3osYzXV2U2f5WZFRnTHYB9DYbMxYpomLQxwsXRFS7wZkDZH48v4oxhvhzFWsnmMm4oeqT2fwaFGf7s2P
quoteSymbol not support CznXfxQ8MFNNJaao7AA2Dd9J79hnvr8oFWtELxYhpump, skipping transaction VsHb4cspAYCGM7pgMftxXYnWcbkccccmNsznSv4SGmY1KLmx5TVEznmVVd3yCPLc7ohfnzQiLDcBTLc7ZW57Tcb
quoteSymbol not support GYKmdfcUmZVrqfcH1g579BGjuzSRijj3LBuwv79rpump, skipping transaction 2xSgSybs3osYzXV2U2f5WZFRnTHYB9DYbMxYpomLQxwsXRFS7wZkDZH48v4oxhvhzFWsnmMm4oeqT2fwaFGf7s2P
Invalid tokenAmount: 0, skipping transaction xpmd75JYJQGAQJ4EHxCzJSpWqBCosMXiaS3mD6NrqYTSk4fUBNPfH4NZJK9i7e1RnMRmQ5uXxhWyYjW1vpRjjeN
quoteSymbol not support 4k3Dyjzvzp8eMZWUXbBCjEvwSkkk59S5iCNLY3QrkX6R, skipping transaction 2krcAmb3FJ51qWdamNKesFRQPDrk5sVhqfrJSnkCKMC3eh83KmecgsH6LA9qfz5UYmffjAoAtH3fGS9pHPAhs463
quoteSymbol not support 4k3Dyjzvzp8eMZWUXbBCjEvwSkkk59S5iCNLY3QrkX6R, skipping transaction zF1bBZcJqEbiXXG8Ufx4hRwVsBbVp4sWk1ghnyedt4uVFDeDkjxbLsiLmavK3E7sm1kJi2NfmbWw2X6PZfczMV5
quoteSymbol not support 34a8ALsPmbWxp7D3bQ6erERrCLz1ahr6u6o66Udmpump, skipping transaction 4TifyeDwHxcQF9vn3NBcXyv4xuPxAydrR2qh2iurYreuQB9niyxcMGUiTj3bGtUrF5FDTkzFgWUAxdDYf4XhaFu
Invalid quoteAmount: 0, skipping transaction Uo918GyX9wkuc1vqWFTrHQ5NZaDHHJjXSAF8LKhDTZkrqbeggvcPvVq77ySscCZ6tT1iGmwXYaVCCaoUx1CTSoL
Invalid tokenAmount: 0, skipping transaction MNz1BJi1AbnvMeoTKrw5wnpYho16xuWZXP9dUNryvbnFffbRg8VKDzLNb5WVS7Lp3azhQ8KyWTs8MVvu6eUn4Lp
quoteSymbol not support CRaoJxbXQ5ThucfyvFuAjdk3RwJbr8rftaGj81NxSi5v, skipping transaction 2MZ2kggh5oHXah64CiJx1jvsJXKdJd9fyqkJazNoz7GWHdqwE2GSEBNd7poVEmzrdYBnpayUsvn7HzaS4zPR6wH8
[Port 8022] Error processing request: Decimal value is too big: 16 digits were read: '1243235616923077'e-5. Expected to read decimal with scale 8 and precision 18: (while reading the value of key quote_price): (at row 518)
: While executing ParallelParsingBlockInputFormat. 
98
parse block 292693332,cost:38 ms
parse block 292693331,cost:48 ms
parse block 292693330,cost:51 ms
parse block 292693329,cost:27 ms
parse block 292693328,cost:60 ms
parse block 292693327,cost:44 ms
parse block 292693326,cost:109 ms
parse block 292693325,cost:33 ms
parse block 292693324,cost:8 ms
parse block 292693323,cost:11 ms
parse block 292693322,cost:43 ms
parse block 292693321,cost:23 ms
parse block 292693320,cost:30 ms
parse block 292693319,cost:15 ms
parse block 292693318,cost:27 ms
parse block 292693317,cost:55 ms
parse block 292693316,cost:72 ms
parse block 292693315,cost:8 ms
parse block 292693314,cost:22 ms
parse block 292693313,cost:67 ms
parse block 292693312,cost:17 ms
parse block 292693311,cost:48 ms
parse block 292693310,cost:30 ms
parse block 292693309,cost:40 ms
parse block 292693308,cost:37 ms
parse block 292693307,cost:40 ms
parse block 292693306,cost:71 ms
parse block 292693305,cost:47 ms
parse block 292693304,cost:82 ms
parse block 292693303,cost:43 ms
parse block 292693302,cost:28 ms
parse block 292693301,cost:90 ms
parse block 292693300,cost:65 ms
parse block 292693299,cost:45 ms
parse block 292693298,cost:65 ms
parse block 292693297,cost:38 ms
parse block 292693296,cost:43 ms
parse block 292693295,cost:45 ms
parse block 292693294,cost:59 ms
parse block 292693293,cost:37 ms
parse block 292693292,cost:59 ms
parse block 292693291,cost:26 ms
parse block 292693290,cost:42 ms
parse block 292693289,cost:47 ms
parse block 292693288,cost:33 ms
parse block 292693287,cost:43 ms
parse block 292693286,cost:31 ms
parse block 292693285,cost:47 ms
parse block 292693284,cost:22 ms
parse block 292693283,cost:43 ms
parse block 292693282,cost:36 ms
parse block 292693281,cost:20 ms
Invalid quoteAmount: 0, skipping transaction oDRw5KMM9Zhsis6c1ezM1NbTgoSnLtHYHB8bNLnNGeobSNoF3HMxUJ4fah7YkSPVQ8zNscS5MDikjEWhcYzDcj6
parse block 292693280,cost:63 ms
parse block 292693279,cost:68 ms
parse block 292693278,cost:31 ms
parse block 292693277,cost:44 ms
parse block 292693276,cost:8 ms
parse block 292693275,cost:38 ms
parse block 292693274,cost:55 ms
parse block 292693273,cost:37 ms
parse block 292693272,cost:59 ms
parse block 292693271,cost:23 ms
parse block 292693270,cost:31 ms
parse block 292693269,cost:64 ms
parse block 292693268,cost:63 ms
parse block 292693267,cost:36 ms
parse block 292693266,cost:31 ms
parse block 292693265,cost:52 ms
parse block 292693264,cost:23 ms
parse block 292693263,cost:57 ms
parse block 292693262,cost:85 ms
parse block 292693261,cost:58 ms
parse block 292693260,cost:26 ms
parse block 292693259,cost:63 ms
parse block 292693258,cost:39 ms
parse block 292693257,cost:21 ms
parse block 292693256,cost:31 ms
parse block 292693255,cost:59 ms
parse block 292693254,cost:34 ms
parse block 292693253,cost:71 ms
parse block 292693250,cost:76 ms
parse block 292693249,cost:53 ms
parse block 292693248,cost:45 ms
parse block 292693247,cost:69 ms
parse block 292693246,cost:38 ms
parse block 292693245,cost:23 ms
parse block 292693244,cost:15 ms
parse block 292693243,cost:40 ms
parse block 292693242,cost:39 ms
parse block 292693241,cost:27 ms
parse block 292693240,cost:67 ms
parse block 292693239,cost:36 ms
parse block 292693238,cost:24 ms
parse block 292693237,cost:49 ms
parse block 292693236,cost:58 ms
parse block 292693235,cost:43 ms
parse block 292693234,cost:49 ms
parse block 292693233,cost:54 ms
quoteSymbol not support J1toso1uCk3RLmjorhTtrVwY9HJ7X8V9yYac6Y7kGCPn, skipping transaction 41oMGnngygupwPNiV85qrErzBfmYVyhU5DzjMNjd9NRQ82zfADjFHkfArLWokGXSj5sxvcFjsSj98Rc8EB2CB3gF
quoteSymbol not support J1toso1uCk3RLmjorhTtrVwY9HJ7X8V9yYac6Y7kGCPn, skipping transaction HiibjfKUVh1w2bASdRKvFhwAV3os1XEm3gcLYTaNpa4zeZfs6Q6fohZYL4tKp8TybqzWiWESeZk5RpPxZCJ6rui
quoteSymbol not support orcaEKTdK7LKz57vaAYr9QeNsVEPfiu6QeMU1kektZE, skipping transaction 1QsRUTqJSZhVxKXCi4HsfcfrRP5p2JJkANiXEtf5cSLZa7N25sUZXV4VYxppwFUmaBH64Ean9jZNZmHomJV36jW
Invalid quoteAddress: undefined, skipping transaction FvoGobfcS7ZfotUDieageZhCCAbZAjhH62ktYA5PBaA7YcqjSy4w7FpyFPnamybmDGy3zEq2ig8Vx7Yg9S5aR1e
quoteSymbol not support J1toso1uCk3RLmjorhTtrVwY9HJ7X8V9yYac6Y7kGCPn, skipping transaction 5CusUBe4EUeXDsAie2DtF8CPGtT2NcnzxrjExJCjGacDTCR4BGui2inF9sgAtVej7DjPpbKTrgKKTq7p8KvnT3k9
Invalid quoteAddress: undefined, skipping transaction 5yRjcSnzWCxGGjzp51Xzm9x8JvDjeWHEvSS6vxmuUM7v1xtZoHLLSYEeGJQ3mLf35dbQzJmPrTp5CTBjV1DRjKkk
Invalid tokenAmount: 0, skipping transaction 2cRJvEpTh9QxQD7YUQ2pAKewdG9vby3XXm3ZrYUGVhRXb2v4V8zV8d6aNwRJfgrWcxgx7KcnrMCTRjPCg4ThYnkU
Invalid quoteAddress: undefined, skipping transaction 4hPCc8HRnN6eTEpBwNeroMDjjySoZKfGVNnvbVFaV34ZjehPo5jV7iFTSy9GkKKoR4hD3v849uN612ZNshKmMxd4
Invalid quoteAddress: undefined, skipping transaction 3G8UJZqWZuMf4PsMWaNUg9qKV37bjjfoQ86CtM3Zy6Q9FK8thKbMNEYBNLEE9aw4Q8tU77zomMmPaqj8YDsQhnFW
Invalid quoteAddress: undefined, skipping transaction 1usyYfZhx58igg8SdbQs8XaEXgbNqdE8wyQFHaM5yRtgXAdX1TFUoGD1MgUEe4vXoqp5PyZhGkAGtHC4ZsjZUpq
Invalid quoteAddress: undefined, skipping transaction K9MKtMe4GvrZRRJhnmkzrS3tnJ4jhqmTGzdbNQ3PUNXmC9sh34McpSME3bMECUbjRfZDaLdKhQ4w7cTUQ12dW5V
Invalid tokenAmount: 0, skipping transaction 2zbDwFE5noQRG6Gzb63Jxj1RUpyR4RNT97uSoGdwd6Kzkgb9TEkrFG5CSkPupcorNGknDuGUtp6SGc7x2hS9qcJf
Invalid tokenAmount: 0, skipping transaction 5wBAhxW8MnFtSPzb4DGyLALLFMdCoLv7bQJckwmDdkKDnoFjwyqXbxjs3wvCh3QD7a3WKpNNZzSMEAtqbJg1h7Fe
Invalid quoteAddress: undefined, skipping transaction 65m9YWT1c7qWUPGHaKJP2ScGELEa7keR5MMGMGT57TgUAPwg5A1uu39LCJrfKvNyu7YMxb2jEj2g37NVJMTbxg1H
quoteSymbol not support J1toso1uCk3RLmjorhTtrVwY9HJ7X8V9yYac6Y7kGCPn, skipping transaction 35WhrcVWky4Fbxrk2YjJvn5QcZW97p8AnR7dmtxTCQV6sa27seCaJGfzWNdAvwCiZSKydqgWJNb26qmPq8ZGgX5c
Invalid quoteAddress: undefined, skipping transaction 2gZHrYgbGov9NfGGCA3VKTv3RdU55vdTqbcAjVjf7fGQYN3m6z1dA4UjJy9wMN6ZqGoCE2iDPPTB16tDU66VgWAm
Invalid tokenAmount: 0, skipping transaction 51q16rQFPcJdpx7bhJH7rMPwpW1oSpfNPDwhcavx83JYasSUGGyLNe94q3Nz1ntvYNoisBMwvAGuhMpabcgCErrn
Invalid quoteAddress: undefined, skipping transaction 5czNfo69kgtXZdCj2Za3btX6HD5RszpJkbPijrbWwNzbCUvHXYm63HmNZCwhDXDg2X7v7PTtSoVXpZLWaL4k8Y4G
Invalid quoteAddress: undefined, skipping transaction 3ri5A9VDenAbGUJC9AfpL12PUWGXpyvX7CSDaiMDp59RsXbhEu3G7ndT8W7QhaYc7PCr2NdaFk3kxkFuyjexdDK
Invalid quoteAddress: undefined, skipping transaction ZcvPmCwQBWRZiLm2MacADiUn5VR3UTuBUBd1E1XSmsWNn2yfYoGCnwaBLpc3mtyBL8uCBbq8Eg4Z2kxgSmw25WZ
Invalid quoteAddress: undefined, skipping transaction 2oRgM2UWiPTd47ZFMCLtZ7bCXBkT1iroXA6bSiZoD48NkxQ1GvBvHpyvXKFAqyCZLSMcd12D7eUapCHQS1SgeMuL
Invalid quoteAddress: undefined, skipping transaction 6274FD7ShDJCcXFQdoXBt4RzAfFhXeXTCADLXm5dNwA5EsQZw1FMDeSNb4WRMuJcB9KnxEUjT3Yj1fP7Ji79Q415
quoteSymbol not support H3np8erpfDMiJenHoMqBZoxKUEHeVeZwdeZx8adPpump, skipping transaction 2N7gevnuZJW5obvQ9NgDbCyWnYWwzXyT2mJfUdTMsg6T67DngAWYWdpQtyGBRnXw2sDpQ5zbgR7G62Bp5oNcZfJ7
Invalid quoteAddress: undefined, skipping transaction 483PfLj4ygZQgtEYV4dCvcHUpGHaJesMwBdpZ9ZyT9PzwmcvZKHCJutXK2ucechA58mnajrWqJpe6UqwMVCh3Rgh
Invalid tokenAmount: 0, skipping transaction 5635kxGNsCf7JAU5mnRyzwWz6qzKuBBdisUmp3Xq2S1nHLGkTCAeAojbYLDnYLsLUSF9dRd1SHv3rLzug8LmxMpR
quoteSymbol not support J1toso1uCk3RLmjorhTtrVwY9HJ7X8V9yYac6Y7kGCPn, skipping transaction M3mfukdUCGLjwzZWC3s9faM9oRGuqA6WRfXDzRnwvYVv1Bvf6hiahPiVwisv8fREKcDZ2JugT94oeR5vz7VSrur
quoteSymbol not support FUfRZ862iRcrhyapYL6ctHf9FpSBEGRij4THCKBqpump, skipping transaction 2FecLAuKuQbVzQuoieiZjg6xVEZ67C3gPpNxKhrqxKPP3bffou9gCtqPFsQErbW3ZXjZXKgMha3hb9AgjgLL4ETD
Invalid tokenAmount: 0, skipping transaction 2xQyFhVsKPPcNTFakdVKbMzTm24gNmsQ7zzzTCt7oCA42BBxt9RACjjP13BfAndbyqxUv7eWBEGV5VUfT2oPM64d
quoteSymbol not support J1toso1uCk3RLmjorhTtrVwY9HJ7X8V9yYac6Y7kGCPn, skipping transaction 3UZGBHphhLEy4kMFL4Nb3npC2v3JD4bTy2yjRYSsNXzHzNayk4hfG5NUjkvt5gUKt65XiwGC3nwjeWqnbf86ukWM
✅ 插入 8703 条记录到 solana_history_data_new
HIGH PERFORMANCE: parse 98 blocks, cost: 4726 ms
[Port 8022] server total use, cost: 4726 ms
99
parse block 292690732,cost:50 ms
parse block 292690731,cost:22 ms
parse block 292690730,cost:36 ms
parse block 292690729,cost:38 ms
parse block 292690728,cost:33 ms
parse block 292690727,cost:16 ms
parse block 292690726,cost:29 ms
parse block 292690725,cost:33 ms
parse block 292690724,cost:61 ms
parse block 292690723,cost:45 ms
parse block 292690722,cost:50 ms
parse block 292690721,cost:37 ms
parse block 292690720,cost:55 ms
parse block 292690719,cost:34 ms
parse block 292690718,cost:39 ms
parse block 292690717,cost:32 ms
parse block 292690716,cost:23 ms
parse block 292690715,cost:30 ms
parse block 292690714,cost:44 ms
parse block 292690713,cost:18 ms
parse block 292690712,cost:35 ms
parse block 292690711,cost:10 ms
parse block 292690710,cost:32 ms
parse block 292690709,cost:36 ms
parse block 292690708,cost:39 ms
parse block 292690707,cost:10 ms
parse block 292690706,cost:34 ms
parse block 292690705,cost:51 ms
parse block 292690704,cost:106 ms
parse block 292690703,cost:65 ms
parse block 292690702,cost:27 ms
parse block 292690701,cost:60 ms
parse block 292690700,cost:48 ms
parse block 292690699,cost:32 ms
parse block 292690698,cost:40 ms
parse block 292690697,cost:33 ms
parse block 292690696,cost:34 ms
parse block 292690695,cost:67 ms
parse block 292690694,cost:5 ms
parse block 292690693,cost:15 ms
parse block 292690692,cost:17 ms
parse block 292690691,cost:35 ms
parse block 292690690,cost:62 ms
parse block 292690689,cost:55 ms
parse block 292690688,cost:33 ms
parse block 292690687,cost:48 ms
parse block 292690686,cost:38 ms
parse block 292690685,cost:59 ms
parse block 292690684,cost:32 ms
parse block 292690683,cost:59 ms
parse block 292690682,cost:26 ms
parse block 292690681,cost:12 ms
parse block 292690680,cost:49 ms
parse block 292690679,cost:11 ms
parse block 292690678,cost:18 ms
parse block 292690677,cost:23 ms
parse block 292690676,cost:22 ms
parse block 292690675,cost:46 ms
parse block 292690674,cost:44 ms
parse block 292690673,cost:55 ms
parse block 292690672,cost:29 ms
parse block 292690671,cost:17 ms
parse block 292690670,cost:20 ms
parse block 292690669,cost:14 ms
parse block 292690668,cost:20 ms
parse block 292690667,cost:26 ms
parse block 292690666,cost:17 ms
parse block 292690665,cost:26 ms
parse block 292690664,cost:34 ms
parse block 292690663,cost:18 ms
parse block 292690662,cost:40 ms
parse block 292690661,cost:30 ms
parse block 292690660,cost:31 ms
parse block 292690659,cost:13 ms
parse block 292690658,cost:21 ms
parse block 292690657,cost:39 ms
parse block 292690656,cost:27 ms
parse block 292690655,cost:60 ms
parse block 292690654,cost:16 ms
parse block 292690653,cost:16 ms
parse block 292690652,cost:17 ms
parse block 292690651,cost:25 ms
quoteSymbol not support SRMuApVNdxXokk5GT7XD5cUUgXMBCoAz2LHeuAoKWRt, skipping transaction 2SxwDmvAwMXKoCbWeFRDePuB6PsbxnCLMQGcUkSiYgv5JS5UBrybd8qjTD247TMaoAPyDJzCQ1tNRfmMu3MtymDj
parse block 292690650,cost:33 ms
parse block 292690649,cost:20 ms
parse block 292690648,cost:26 ms
parse block 292690647,cost:0 ms
parse block 292690646,cost:17 ms
parse block 292690645,cost:52 ms
parse block 292690644,cost:25 ms
parse block 292690643,cost:27 ms
parse block 292690642,cost:34 ms
parse block 292690641,cost:28 ms
parse block 292690640,cost:34 ms
parse block 292690639,cost:40 ms
parse block 292690638,cost:40 ms
parse block 292690637,cost:31 ms
parse block 292690635,cost:14 ms
parse block 292690634,cost:2 ms
parse block 292690633,cost:9 ms
quoteSymbol not support J4kisnm6yA9gHXhyCmmoFEV8C4eTnHDKBC4Tcd6upump, skipping transaction TmjxMyy6TGYfFfVqN5yvrvQWc5bZv5bXhR2vdto3G3d1iyUeZhxgKGe1f1CANLs9XYre62c4UK61APEMPeJnVV9
Invalid tokenAmount: 0, skipping transaction 23kJY8Fd7XkKwwyPcjS4Kv5geUEKJMNPN24uaoQnPjkCBAzv61LtjmTZAXi8YEAXBoafSBgfaGP4tp9BdkAarBVq
quoteSymbol not support 3ZjW3e5xcg9qCmDoS9KLuFVReavB6GhUvJCRkF8maxA6, skipping transaction 2zugMkDS5ijk8oz1yUVt9uULncBe3xRhjL6A1u8buYsB1UwVJ4o5BwvpTcN9dvvUmxVaSTE1gabAwQAqCv2DRh3U
Invalid tokenAmount: 0, skipping transaction 5gmEU517mVxcZLejoroMbwSPPEqwN87byQeT3icQi5sgqpzQxb5ab7qVmvDNV2srcu2Uvm6aa5TYHmEpj6rH25VN
quoteSymbol not support 2niLT8fZQi8GDJQWs8SUWu3uxnRMMAwHzFPPZ8C8pump, skipping transaction 4j1BX4ghTg7VHR2zwwJ9akHbwti8Lvk3fKbwJkfWsAyFRR7d8feoqd5fJQB3bQ5LP7SvV1oJdq8xb28FEVxfwQPZ
quoteSymbol not support J1toso1uCk3RLmjorhTtrVwY9HJ7X8V9yYac6Y7kGCPn, skipping transaction 43ELUVVW7DJ2doAwdPBs7RfAXQLvzgx2WCQuFnScV7XBrSmiNXgL1YcReDqxQboyANCi5aWnGnut7DMFg6dyVoeA
quoteSymbol not support J1toso1uCk3RLmjorhTtrVwY9HJ7X8V9yYac6Y7kGCPn, skipping transaction 5jTqJv6mRAeZZj6DaZqpYeVNEHF9bWEoxRK1LgiqdTsxsUXF11MpURgvaXLswQjHiKsmeJRyvaxvmyZSnmLFa83s
quoteSymbol not support J1toso1uCk3RLmjorhTtrVwY9HJ7X8V9yYac6Y7kGCPn, skipping transaction 2GMG8uv2YUhFTz4r99WZvjkQrnuNwPuHBvRja491tahMdPi6h8MoAKSt9cCaWDeXHEwR62LnVocAViD42SCFBEhK
quoteSymbol not support J1toso1uCk3RLmjorhTtrVwY9HJ7X8V9yYac6Y7kGCPn, skipping transaction 24hwtRBtnpGj8jTPectRg3USKuCGK1Kqa3QsWaze2TT1grKq8KShzU9XP6KocLgBEZyYrQKQq5JZpE3XR87JYzt7
quoteSymbol not support 3ZjW3e5xcg9qCmDoS9KLuFVReavB6GhUvJCRkF8maxA6, skipping transaction 2TVVcvchFaz2GLCXmkRAc1zAcj44JvC1nVL8EcfJnvrcSTQJyPSSxF4EUuiPBJMwvFzfrMDN6iG6LKCGUknQWD9k
quoteSymbol not support J1toso1uCk3RLmjorhTtrVwY9HJ7X8V9yYac6Y7kGCPn, skipping transaction 36ZkpyDveoXVN1B432ZkRdDDSj3oE48cxTQThPSibfMhYv3LHyYDtGh7go5aXpJUSEFSmejp4myrkYsP74Wf7xcp
quoteSymbol not support 2niLT8fZQi8GDJQWs8SUWu3uxnRMMAwHzFPPZ8C8pump, skipping transaction 3PLX8G5s5mUPXSbAA5GiLsdeyvEwkGasR1TaXKf1gwaPhqdn6PBRuykGjHPpqBE17AufUWrB8EFb6JdqMnVCa82w
quoteSymbol not support SRMuApVNdxXokk5GT7XD5cUUgXMBCoAz2LHeuAoKWRt, skipping transaction 5jGxksvQmTVaJpo52dA4QB9nB7T8exDQWc9YM9tjkMRj6Q6TrX2rCpfzw4Fct1EaQu1PAdTWVsJEeNomu1mjZhKp
quoteSymbol not support 5BKTP1cWao5dhr8tkKcfPW9mWkKtuheMEAU6nih2jSX, skipping transaction 4ssRzzkBHDJR7p3f8UCeeYBXSr2rjmz4qAWidYyityMcf8qZzJWQYeSHidnjyMKkVCmypLn7c3TNMMamwGyDxwUz
quoteSymbol not support J1toso1uCk3RLmjorhTtrVwY9HJ7X8V9yYac6Y7kGCPn, skipping transaction 3dc6gpwyjPeXfHF5hJZjaKJA1Qr2aG46C1JnF27KdMTTvM8BtaVWeYB7jTxkLJteAS8fPx1sQrEDjn2EKd24vXpK
Invalid tokenAmount: 0, skipping transaction 5damVxuQvihA2sLZ7RwbBzUf2ik9V7KRkzUP7KuCJYKwar3grWH7DpHfMJSESoB7mVCRW2szoNgmx9kHaD4Bykhs
quoteSymbol not support J1toso1uCk3RLmjorhTtrVwY9HJ7X8V9yYac6Y7kGCPn, skipping transaction 5WV9fYEwzhawqyDVGVonguHh9BANctHRoPgWvKv8F2UaVvyAsHJ9EfdJSNvPQM48CDi5wbLPtTq7UxBLneBnHiuk
quoteSymbol not support 3ZjW3e5xcg9qCmDoS9KLuFVReavB6GhUvJCRkF8maxA6, skipping transaction 2sAucTf5D9V5Zv1s2n4PBpc1tf766immURkp8sEUnQs5YDAjrb1HmwT8PUsdSNSGNzadTKLhCJ1U8UgsUM4ThXsu
quoteSymbol not support J1toso1uCk3RLmjorhTtrVwY9HJ7X8V9yYac6Y7kGCPn, skipping transaction 5Aw5LT9znvDcnUGmUw7eozqhM3UxXL4iSxggLYv7fdozDssKqsGgo8bnUf7CfGvaRgpCP56LTmivs8F19ckD1Fat
quoteSymbol not support BEjT2B6uwjm6WxbhEMPvmxoigJzi9YyRar1rhLVTpump, skipping transaction 5dzmUzCMLeSnkhF62kqKvktnz1dqTCpx5ayNvSYCbRcrKbD6GaURa87R2FiJmi4BFmnQ6SQKYfrCnMSW5Gs9vvfj
quoteSymbol not support 9opnnxb9EPuDqFh4PeR3DY41ogZxWFHLVS4aBRuGTigH, skipping transaction kNxy9G7rCo1RtcfqTqy1tD1AJRMKdspXoSkNwTuTyqrSAitd43yJFPWNYvzd8PnRU7GoAqPQBvje6nnxsC5xnm7
Invalid tokenAmount: 0, skipping transaction 3E28rxjgRCEcbU6Dq4YWRVHnrLprybF7Q4Rj6v5A2PiXd5qHVrZmhQVszKYATnng7MraqskP6ryqRQmFsVCmY9Bo
quoteSymbol not support J1toso1uCk3RLmjorhTtrVwY9HJ7X8V9yYac6Y7kGCPn, skipping transaction 5TVYy4nGBypccZYL2tFHD56xnTgSXsrBwryKJXwzhCycSp6kr2cTPS883BaYYEM4oiNZVkHUsZFE2w7iyqbv3FKW
quoteSymbol not support AYEefkaS5Kpo1SZejeiR2A4LPE4Yp2MjQ7uGcufC5GsE, skipping transaction 5Htu4evxtzLASJTsJRSQvDAjQgHjTQTvr7h6eEpPBA74GcexEc4TCTLNJBkubNmGAqZfyf318Wo2hjfd5759VYNF
Invalid quoteAddress: undefined, skipping transaction 2gLyVQYHU6dHoGZgGzhjRfUJ7oSq8AYLS7NAALZuHrnVi8fUHrLpDXVNqkYeXmvPMyc2tjf7MqL5y447ByMWnpAD
Invalid tokenAmount: 0, skipping transaction 481qptEKUC1x8DH2xDyxi9ztQ29FV6YWSggNox8S8o5PUeCzFn5HJLFoEmu38b2Yqs1FWyVwHxjp4eAekZRTLk9T
✅ 插入 6839 条记录到 solana_history_data_new
HIGH PERFORMANCE: parse 99 blocks, cost: 3678 ms
[Port 8022] server total use, cost: 3690 ms
97
parse block 292686332,cost:50 ms
parse block 292686331,cost:18 ms
parse block 292686330,cost:19 ms
parse block 292686329,cost:38 ms
parse block 292686328,cost:59 ms
parse block 292686327,cost:61 ms
parse block 292686326,cost:26 ms
parse block 292686325,cost:18 ms
parse block 292686324,cost:44 ms
parse block 292686323,cost:46 ms
parse block 292686322,cost:62 ms
parse block 292686321,cost:84 ms
parse block 292686319,cost:59 ms
parse block 292686318,cost:61 ms
parse block 292686316,cost:41 ms
parse block 292686315,cost:19 ms
parse block 292686314,cost:26 ms
parse block 292686313,cost:22 ms
parse block 292686312,cost:21 ms
parse block 292686311,cost:41 ms
parse block 292686310,cost:62 ms
parse block 292686309,cost:58 ms
parse block 292686308,cost:46 ms
parse block 292686307,cost:19 ms
parse block 292686306,cost:47 ms
parse block 292686305,cost:33 ms
parse block 292686304,cost:35 ms
parse block 292686303,cost:25 ms
parse block 292686302,cost:32 ms
parse block 292686301,cost:28 ms
parse block 292686300,cost:48 ms
parse block 292686299,cost:39 ms
parse block 292686298,cost:9 ms
parse block 292686297,cost:28 ms
parse block 292686296,cost:21 ms
parse block 292686295,cost:31 ms
parse block 292686294,cost:36 ms
parse block 292686293,cost:29 ms
parse block 292686292,cost:54 ms
parse block 292686291,cost:33 ms
parse block 292686290,cost:18 ms
parse block 292686289,cost:53 ms
parse block 292686288,cost:39 ms
parse block 292686287,cost:66 ms
parse block 292686286,cost:49 ms
parse block 292686285,cost:62 ms
parse block 292686284,cost:67 ms
parse block 292686283,cost:31 ms
parse block 292686282,cost:59 ms
parse block 292686281,cost:31 ms
parse block 292686280,cost:27 ms
parse block 292686279,cost:38 ms
parse block 292686278,cost:47 ms
parse block 292686277,cost:50 ms
parse block 292686276,cost:47 ms
parse block 292686275,cost:47 ms
parse block 292686274,cost:88 ms
parse block 292686273,cost:57 ms
parse block 292686271,cost:41 ms
parse block 292686270,cost:14 ms
parse block 292686269,cost:16 ms
parse block 292686268,cost:54 ms
parse block 292686267,cost:33 ms
parse block 292686266,cost:44 ms
parse block 292686265,cost:30 ms
parse block 292686264,cost:71 ms
parse block 292686263,cost:66 ms
parse block 292686262,cost:59 ms
parse block 292686261,cost:55 ms
parse block 292686260,cost:69 ms
parse block 292686259,cost:22 ms
parse block 292686258,cost:56 ms
parse block 292686257,cost:32 ms
parse block 292686256,cost:32 ms
parse block 292686255,cost:42 ms
parse block 292686254,cost:30 ms
parse block 292686253,cost:48 ms
parse block 292686252,cost:49 ms
parse block 292686251,cost:32 ms
parse block 292686250,cost:29 ms
parse block 292686249,cost:18 ms
parse block 292686248,cost:46 ms
parse block 292686247,cost:75 ms
parse block 292686246,cost:50 ms
parse block 292686245,cost:80 ms
parse block 292686244,cost:48 ms
parse block 292686243,cost:32 ms
parse block 292686242,cost:30 ms
parse block 292686241,cost:19 ms
parse block 292686240,cost:51 ms
parse block 292686239,cost:25 ms
parse block 292686238,cost:48 ms
parse block 292686237,cost:40 ms
parse block 292686236,cost:39 ms
parse block 292686235,cost:38 ms
parse block 292686234,cost:41 ms
parse block 292686233,cost:16 ms
quoteSymbol not support 7vfCXTUXx5WJV5JADk17DUJ4ksgau7utNKj4b963voxs, skipping transaction 2bpH89bw7iaXhnZNSfYxcZ9oNmFpE81TYtaMDvQo7zdNK7kXc4xAFXoB7GGcRU1FfWqQjLxejLWNJKBLa2BnoHN9
Invalid quoteAmount: 0, skipping transaction 2ope5fzibkraMGwXNDVwDpeApu3a5uK5mLPAk6XeE764bunpmGCv2BJxndhorAgg37ShZ3RMoPms3316FhRGA5C
quoteSymbol not support ED5nyyWEzpPPiWimP8vYm7sD7TD3LAt3Q3gRTWHzPJBY, skipping transaction 4suDBwNY7z84ybDTRwDXq41vgEpDDRDsDqKayWA3VUxnPc66ThPwyDhGzB6k7NX1hR1PUiga8WvK9eeQ9iusxJYd
quoteSymbol not support ED5nyyWEzpPPiWimP8vYm7sD7TD3LAt3Q3gRTWHzPJBY, skipping transaction 4X8o7UXwp9DsmbbUMmmn6GnRwobkj4i15Bq8CXCqYZjEYm2KhFeRuy65bxpV9FTB9gAcAK69Y8wixMYAKrfLN1jF
quoteSymbol not support 9cYtbLySmHq7A6e3qCFAB3WdXMqSEoEbiKgaN32apump, skipping transaction 3DKnpSipSwiWEt16nPkiRccGbsoi5RTxUY4kGt9GL7D5NYpR4KzsjpEiRr8VYMFXq2CFG1Ydv6qN49VHedqdfMec
quoteSymbol not support 5hNH9FH4AgQ9AVp7vVxydyvSH6MXUpqAFvss1YgZpump, skipping transaction 4kyn3DiSKpyAXeV3cRVcZiRkzzYEpy7MM4qdfEJBDVHhCxrUAD45EVW8MWiJJY5upGLhihpwG99LmL3diE2Mrhzv
Invalid quoteAddress: undefined, skipping transaction 6KoMbXxzwk6pFhw59w4Cssqi9F2iz1HrzrZ5bFkwdZvBj8QM45UaATX3QK2NgEUJ3dFawG7nqSZvWWy19CoTwH6
quoteSymbol not support ED5nyyWEzpPPiWimP8vYm7sD7TD3LAt3Q3gRTWHzPJBY, skipping transaction KHVjXgUQRpdu5sQPYzY9xhqwFQxxkrWJUEWLtJCVg4v2rxzKaiEq6F1Uj2YUrfwM9xVfNR5jRgE19PmPrbTR4fT
quoteSymbol not support B2BsVuodH2eBGRnFckRYYW6yjur7Tn8cCxaSE2Xrnj5V, skipping transaction 3WD7XouZRCqULyt7X3ztRNLqH24g3GU1UmWibhAZgNqCncr7E22iXMwPgUe1fBApZPzmXiz6h8uyf3kreCMktfFc
Invalid tokenAmount: 0, skipping transaction 5zUEwVgxc1F4xY5Y5sLiMbes3Zs6ht6XLZNNyngcwuv94L59eZEdupXpMgjpSJt3yBKonTzyWTL2vyWFAMvwUbqf
Invalid tokenAmount: 0, skipping transaction TzGrZxysZSX3XcGFLW31gqFHUsPfeS5UFKPWvnWY4P5Rz348LyBAt5s2Y66sCSmUVNwUjnzVmukfitBztQtBp1C
quoteSymbol not support Dk1gzfVtwF18vb5ptaaj66XomzvBGQ2fesK7btntpump, skipping transaction 43aiV45rhuUSWABStMGKxkWCexwHjnNMh1d7GvYZ8TAqRKssw68SN4qhZA6ipgZACgQbrJA9FtBPw6UjsVkdoBne
✅ 插入 7972 条记录到 solana_history_data_new
HIGH PERFORMANCE: parse 97 blocks, cost: 4425 ms
[Port 8022] server total use, cost: 4426 ms
100
parse block 292683732,cost:40 ms
parse block 292683731,cost:46 ms
parse block 292683730,cost:26 ms
parse block 292683729,cost:33 ms
parse block 292683728,cost:20 ms
parse block 292683727,cost:51 ms
parse block 292683726,cost:32 ms
parse block 292683725,cost:25 ms
parse block 292683724,cost:39 ms
parse block 292683723,cost:46 ms
parse block 292683722,cost:31 ms
parse block 292683721,cost:21 ms
parse block 292683720,cost:27 ms
parse block 292683719,cost:32 ms
parse block 292683718,cost:5 ms
parse block 292683717,cost:23 ms
parse block 292683716,cost:19 ms
parse block 292683715,cost:26 ms
parse block 292683714,cost:40 ms
parse block 292683713,cost:16 ms
parse block 292683712,cost:43 ms
parse block 292683711,cost:29 ms
parse block 292683710,cost:26 ms
parse block 292683709,cost:41 ms
parse block 292683708,cost:23 ms
parse block 292683707,cost:17 ms
parse block 292683706,cost:43 ms
parse block 292683705,cost:27 ms
parse block 292683704,cost:39 ms
parse block 292683703,cost:25 ms
parse block 292683702,cost:25 ms
parse block 292683701,cost:17 ms
parse block 292683700,cost:65 ms
parse block 292683699,cost:36 ms
parse block 292683698,cost:44 ms
parse block 292683697,cost:28 ms
parse block 292683696,cost:39 ms
parse block 292683695,cost:42 ms
parse block 292683694,cost:56 ms
parse block 292683693,cost:59 ms
parse block 292683692,cost:72 ms
parse block 292683691,cost:24 ms
parse block 292683690,cost:45 ms
parse block 292683689,cost:16 ms
parse block 292683688,cost:56 ms
parse block 292683687,cost:24 ms
parse block 292683686,cost:60 ms
parse block 292683685,cost:14 ms
parse block 292683684,cost:59 ms
parse block 292683683,cost:53 ms
parse block 292683682,cost:55 ms
parse block 292683681,cost:49 ms
parse block 292683680,cost:29 ms
parse block 292683679,cost:23 ms
parse block 292683678,cost:23 ms
parse block 292683677,cost:18 ms
parse block 292683676,cost:31 ms
parse block 292683675,cost:31 ms
parse block 292683674,cost:30 ms
parse block 292683673,cost:77 ms
parse block 292683672,cost:29 ms
parse block 292683671,cost:42 ms
parse block 292683670,cost:42 ms
parse block 292683669,cost:27 ms
parse block 292683668,cost:51 ms
parse block 292683667,cost:25 ms
parse block 292683666,cost:31 ms
parse block 292683665,cost:70 ms
parse block 292683664,cost:45 ms
parse block 292683663,cost:22 ms
parse block 292683662,cost:18 ms
parse block 292683661,cost:33 ms
parse block 292683660,cost:24 ms
parse block 292683659,cost:47 ms
parse block 292683658,cost:50 ms
parse block 292683657,cost:38 ms
parse block 292683656,cost:53 ms
parse block 292683655,cost:38 ms
parse block 292683654,cost:68 ms
parse block 292683653,cost:20 ms
parse block 292683652,cost:8 ms
parse block 292683651,cost:35 ms
parse block 292683650,cost:23 ms
parse block 292683649,cost:24 ms
parse block 292683648,cost:32 ms
parse block 292683647,cost:27 ms
parse block 292683646,cost:24 ms
parse block 292683645,cost:82 ms
parse block 292683644,cost:41 ms
parse block 292683643,cost:29 ms
parse block 292683642,cost:27 ms
parse block 292683641,cost:41 ms
parse block 292683640,cost:45 ms
parse block 292683639,cost:52 ms
parse block 292683638,cost:24 ms
parse block 292683637,cost:74 ms
parse block 292683636,cost:31 ms
parse block 292683635,cost:52 ms
parse block 292683634,cost:48 ms
parse block 292683633,cost:47 ms
Invalid quoteAmount: 0, skipping transaction 45tedBd66iCHW6sN5ABVCoKBzMmnYRu8K99QNdB272ESXTiRNoPbtpkqPWvispHxJEwM3mtiDLr4v6sSaQE1u7HG
quoteSymbol not support J1toso1uCk3RLmjorhTtrVwY9HJ7X8V9yYac6Y7kGCPn, skipping transaction 2X25GfJj5rir6mKkTnPZ9GHT32fjpTvFk1hjEx8h8eSz4k6k8gs7fCnd9nmoC93NLMevSbqam6pp9g5GW3xtwm9G
Invalid tokenAmount: 0, skipping transaction 22ekvqYdnZc6UvYtpEzqKeHfx23Q93PHK2V5rMJJJ7pKeouXMWKkHE7RaCbeHAKDS8KiB7okkVNjqT6zyt5Rutuv
quoteSymbol not support J1toso1uCk3RLmjorhTtrVwY9HJ7X8V9yYac6Y7kGCPn, skipping transaction yGheQ4yAggDgjeFcmpFWb9z4aQ4mPjF3dtZXZSpdHKqaAMFpP8DShoE7BJ84K7vBxvZFVRMr994ZssjtRiAjBV8
Invalid quoteAmount: 0, skipping transaction 5ZMftpuGoYFhbsndJHu5Shw4PmcTrub2LBfLmNbxBjWu5qp3LvzUsrS8wvvKTKhYA1TSxtobvdtWRo5yyYQoLxni
Invalid tokenAmount: 0, skipping transaction 4XzxLEV1zD1BYBLsM2qqHDSi61sgMqPdswLJkyn1xvJR6YJfPJp7uceKYCg8kMhucSz7D2yygjdZMSFNiQvP4XjE
quoteSymbol not support 6iBaDX9R9W6ZySntWsnp429HcqfqAC1VJmEbxEW3pump, skipping transaction 5uhZrJjSoKCsrMwuXYMhZq7fJ6k58QcmqBsQh9DzYTUzo2fAdHobD1VoddQ5oG2YwRdTn84mq3VA5VYQPVh9pDsr
quoteSymbol not support Dk1gzfVtwF18vb5ptaaj66XomzvBGQ2fesK7btntpump, skipping transaction 4KjHQdT3rT34CbcdLPsWnooxSwPWBzGXmQKB1UgtkL2wpj7YToXgFeLGuRZzk6PZJ31E2SN8mLZEC1hmC7fa3jm4
quoteSymbol not support 4k3Dyjzvzp8eMZWUXbBCjEvwSkkk59S5iCNLY3QrkX6R, skipping transaction 238mz8ZcRwAJC5F7EhwJaWG9aBNEMwqjJ1bL1jPue12XzcioT9hZAMM8r4unXYXMrC32FtB5QUzpDcRBa5Anddo1
Invalid tokenAmount: 0, skipping transaction 4FHk6wZMsk3xjoSmb5RVLpeaH78z6bAKQYsANPV6YQCtKWEbjkZ2sC5CdB2QEPW2JKKJ7rgPuE17Ei4LP2DoSabZ
quoteSymbol not support J1toso1uCk3RLmjorhTtrVwY9HJ7X8V9yYac6Y7kGCPn, skipping transaction 2KN1MgJomwyfim35ngm6QA7is9MF4XkAZxrBCh9UvLyZDgjTapemRoypgYESbFjzxvBQJQQ68oewKtQoAZm1XAmU
Invalid tokenAmount: 0, skipping transaction 4BGp5TkqmPEDBaR2JJXvmb4D5cCiLyALE1xHN1qngkCJU6qJiJ3LU36GRiDU5RdaZaDRRVY3bxENJnSUjk69ZCch
Invalid tokenAmount: 0, skipping transaction 5cqRiN3s1rYBWckK6cnrTQgopXinfqpNPGkY2JR9ZdZDK6zRKvZg2DyFLT8zS8NQ45zQrvwomw9bCVBnDCkYzvEo
Invalid tokenAmount: 0, skipping transaction 2DdgBcU1zuoGPGC7Ps7HXToqFvJu4TTEmo4d7PhLFcCjNM4vtpCBTdv699EfKo2fgDJrCjBUML8HEroopL8QWFGQ
Invalid tokenAmount: 0, skipping transaction rGspCQ3sh1LghgkWmwhhVXaQ5ijgDmR9XCxuC7Nh3wQdG1qsLkms4ANsrRFr72NCcTbKQBhuhiC9vP9LjCo1pxq
quoteSymbol not support J1toso1uCk3RLmjorhTtrVwY9HJ7X8V9yYac6Y7kGCPn, skipping transaction MugLrtm7ZzWRBhfwXqRQdTb432C5RHa26HLXDGX7PwxfuhqAtFGuWXiduR9nif2Kiay7U8Hcizr81RhfG3yFQK7
✅ 插入 8263 条记录到 solana_history_data_new
HIGH PERFORMANCE: parse 100 blocks, cost: 4107 ms
[Port 8022] server total use, cost: 4123 ms
92
parse block 292680932,cost:91 ms
parse block 292680931,cost:49 ms
parse block 292680930,cost:31 ms
parse block 292680929,cost:27 ms
parse block 292680928,cost:33 ms
parse block 292680927,cost:29 ms
parse block 292680926,cost:40 ms
parse block 292680925,cost:23 ms
parse block 292680924,cost:34 ms
parse block 292680923,cost:35 ms
parse block 292680922,cost:9 ms
parse block 292680921,cost:35 ms
parse block 292680920,cost:57 ms
parse block 292680919,cost:53 ms
parse block 292680918,cost:75 ms
parse block 292680917,cost:70 ms
parse block 292680916,cost:23 ms
parse block 292680915,cost:25 ms
parse block 292680914,cost:31 ms
parse block 292680913,cost:55 ms
parse block 292680912,cost:12 ms
parse block 292680911,cost:44 ms
parse block 292680910,cost:27 ms
parse block 292680909,cost:37 ms
parse block 292680908,cost:84 ms
parse block 292680907,cost:12 ms
parse block 292680906,cost:18 ms
parse block 292680905,cost:41 ms
parse block 292680904,cost:12 ms
parse block 292680903,cost:33 ms
parse block 292680902,cost:21 ms
parse block 292680901,cost:45 ms
parse block 292680900,cost:35 ms
parse block 292680899,cost:36 ms
Invalid quoteAmount: 0, skipping transaction 61N2fmFrY1X2zjgfvGSaACfzqjCe7KX5aubQioUcJ6DHjyaUXGBGwPJ2bCESi5hDZhwxPwkoijNqXgp9vuRYuabZ
parse block 292680898,cost:47 ms
parse block 292680897,cost:21 ms
parse block 292680896,cost:24 ms
parse block 292680895,cost:55 ms
parse block 292680894,cost:55 ms
parse block 292680893,cost:37 ms
parse block 292680892,cost:14 ms
parse block 292680891,cost:54 ms
parse block 292680890,cost:48 ms
parse block 292680889,cost:42 ms
parse block 292680888,cost:47 ms
parse block 292680883,cost:24 ms
parse block 292680882,cost:44 ms
parse block 292680881,cost:25 ms
parse block 292680880,cost:43 ms
parse block 292680879,cost:85 ms
parse block 292680878,cost:79 ms
parse block 292680877,cost:37 ms
parse block 292680876,cost:49 ms
parse block 292680875,cost:8 ms
parse block 292680874,cost:12 ms
parse block 292680873,cost:7 ms
parse block 292680872,cost:11 ms
parse block 292680871,cost:47 ms
parse block 292680870,cost:87 ms
parse block 292680869,cost:25 ms
parse block 292680868,cost:14 ms
parse block 292680867,cost:65 ms
parse block 292680866,cost:53 ms
parse block 292680865,cost:25 ms
parse block 292680864,cost:42 ms
parse block 292680863,cost:59 ms
parse block 292680862,cost:36 ms
parse block 292680861,cost:16 ms
parse block 292680860,cost:70 ms
parse block 292680859,cost:24 ms
parse block 292680858,cost:23 ms
parse block 292680857,cost:26 ms
parse block 292680856,cost:23 ms
parse block 292680855,cost:34 ms
parse block 292680854,cost:45 ms
parse block 292680853,cost:56 ms
parse block 292680852,cost:39 ms
parse block 292680851,cost:60 ms
parse block 292680850,cost:8 ms
parse block 292680849,cost:13 ms
parse block 292680848,cost:29 ms
parse block 292680847,cost:57 ms
parse block 292680846,cost:49 ms
parse block 292680845,cost:48 ms
parse block 292680844,cost:49 ms
parse block 292680843,cost:36 ms
parse block 292680842,cost:72 ms
parse block 292680841,cost:68 ms
parse block 292680840,cost:21 ms
parse block 292680835,cost:37 ms
parse block 292680834,cost:25 ms
parse block 292680833,cost:75 ms
quoteSymbol not support 2YR72Qtd4Z4odM9TNXLbdJRCsyYQj13p7FcfNBR8pump, skipping transaction RYeavsDGtEwjiQcNiG1addzEubXnuYWBvampkkRXwX1Fq1ENiJA63FUWHGomGgAm8xnwtDL9Wv3xcbuBZBJTaqb
Invalid quoteAmount: 0, skipping transaction 2ymPv3X2fBWBSMRGxL2Y2XpSPARvQsakXQASYDwkJREztT8L1a5Pbz4RWN9BLgFL13rRUXhkWQNLCj9vaahcXH1p
Invalid quoteAmount: 0, skipping transaction 4BHxtuvzoofdLyrmze4MDEgRWgmCsonYnzAUnMrYHUaudf6ouYzWj8uHo1sBmKbTtiuw4JRWqRKU5gUe5vhnzchS
quoteSymbol not support 6iBaDX9R9W6ZySntWsnp429HcqfqAC1VJmEbxEW3pump, skipping transaction 46Zx35Tnvncbwaa7H9TuPk3jyHP3btfJJTF9y2XwUmrn8CqDVGopTax7e4o6Xs1rUKka1btUjf1BpmPGKFgPrgMN
Invalid quoteAmount: 0, skipping transaction qTEXELGyVJ1td5qRundkriaTNqMhzoDqsQZonb8AxHhmZ687UjHi4onvKwtLFwWfXwVnUdvRzZBxy7F8dnqDFok
quoteSymbol not support Dik7HYHPdN9rgNyxUediKgYDCvu636dQyL8nRh2YzzDP, skipping transaction 35MHrGVrGG3nWwPf4bBAPo7MAYWoGQY9WpGZ5Ak1oMxUKswygfKZaT4mKS3cyGMqXcRzFQAahLkkUCbDr25SmnqY
Invalid tokenAmount: 0, skipping transaction 5zkx84dpPTk4e7rwPJ3kJWkHG8DB936hyTswHRXeYZrx3c9UnS4b4tq9vjbamEuPqVGkEZV4bGZbsL4ih6VAjKfB
quoteSymbol not support DUp2qMMGuACziKeyZRtH9cuKyqtYpqJ24iZg6tVLpump, skipping transaction 67bWjZ6gCVWLV36RZjhFPeDFaoNKxrEx59boHsAhm9Pmcgg7BUhvHXEKBSRAqEJYJoR2QMgBj1RVn1Tf3JGs6jor
Invalid tokenAmount: 0, skipping transaction 92mR7yR3bk5ri7jMhg69quYBZRG7ArYwzKMciUxnqi2wuEss3cFoEfmZNLApy2SDhU9ne78rWgz7xwZqfEyfnWR
quoteSymbol not support HiRUhUJZXXmj2rzV5XGyySNBahyP2vxcZ6StjB9ppump, skipping transaction 5pT1eRaVmAvvXcZyfGT9y8dmcXx6W2iZtmpMSh7j9GrMNUnMw6UPQuoKSUhaAJz5opAh7vquGLsTeVezB1eJeUnF
Invalid tokenAmount: 0, skipping transaction 3cbE6SLwxf6Wi4zNFco4qc53BRbSxdHS6SfMyBY59FWiJAPd58LSwf3RSuGELFyAL69ahTgmeF299PAnNvQmQ3e
Invalid tokenAmount: 0, skipping transaction 3Jpc4gBM9vzG8DpqWnx8BPH8XvwRWArAgg4Sfh4abtYtUdSWz2y62Mns2n1jSYit8a6rNGNwhw3xq2Fk9tKzhfJ4
✅ 插入 6876 条记录到 solana_history_data_new
HIGH PERFORMANCE: parse 92 blocks, cost: 4012 ms
[Port 8022] server total use, cost: 4012 ms
99
parse block 292678132,cost:62 ms
parse block 292678131,cost:31 ms
parse block 292678130,cost:37 ms
parse block 292678129,cost:28 ms
parse block 292678128,cost:48 ms
parse block 292678127,cost:30 ms
parse block 292678126,cost:41 ms
parse block 292678125,cost:29 ms
parse block 292678124,cost:19 ms
parse block 292678123,cost:21 ms
parse block 292678122,cost:38 ms
parse block 292678121,cost:59 ms
parse block 292678120,cost:29 ms
parse block 292678119,cost:37 ms
parse block 292678118,cost:49 ms
parse block 292678117,cost:40 ms
parse block 292678116,cost:40 ms
parse block 292678115,cost:51 ms
parse block 292678114,cost:24 ms
parse block 292678113,cost:29 ms
parse block 292678112,cost:78 ms
parse block 292678111,cost:29 ms
parse block 292678110,cost:61 ms
parse block 292678109,cost:17 ms
parse block 292678108,cost:33 ms
parse block 292678107,cost:44 ms
parse block 292678106,cost:38 ms
parse block 292678105,cost:25 ms
parse block 292678104,cost:39 ms
parse block 292678103,cost:79 ms
parse block 292678102,cost:35 ms
parse block 292678101,cost:38 ms
parse block 292678100,cost:61 ms
parse block 292678099,cost:30 ms
parse block 292678098,cost:21 ms
parse block 292678097,cost:51 ms
parse block 292678096,cost:46 ms
parse block 292678095,cost:44 ms
parse block 292678094,cost:61 ms
parse block 292678093,cost:17 ms
parse block 292678092,cost:24 ms
parse block 292678091,cost:51 ms
parse block 292678090,cost:26 ms
parse block 292678089,cost:14 ms
parse block 292678088,cost:41 ms
parse block 292678087,cost:44 ms
parse block 292678086,cost:40 ms
parse block 292678085,cost:20 ms
parse block 292678084,cost:37 ms
parse block 292678083,cost:66 ms
parse block 292678082,cost:69 ms
parse block 292678081,cost:41 ms
parse block 292678080,cost:47 ms
parse block 292678079,cost:32 ms
parse block 292678078,cost:21 ms
Invalid tokenAmount: 0, skipping transaction 3DV3rMTCAvRSEi1PsRi3YJCmDHkw9ZwkxX1MBkDh8Pd8DfGggijPKS8Xz7FScePgpKfocdxbR1yCsLRurthVTW9J
parse block 292678077,cost:33 ms
parse block 292678076,cost:43 ms
parse block 292678075,cost:38 ms
parse block 292678074,cost:49 ms
parse block 292678073,cost:65 ms
parse block 292678072,cost:26 ms
parse block 292678071,cost:39 ms
parse block 292678070,cost:22 ms
parse block 292678069,cost:19 ms
parse block 292678068,cost:29 ms
parse block 292678067,cost:57 ms
parse block 292678066,cost:29 ms
parse block 292678065,cost:38 ms
parse block 292678064,cost:70 ms
parse block 292678063,cost:51 ms
parse block 292678062,cost:54 ms
parse block 292678061,cost:67 ms
parse block 292678060,cost:61 ms
parse block 292678059,cost:23 ms
parse block 292678058,cost:21 ms
parse block 292678057,cost:13 ms
parse block 292678056,cost:37 ms
parse block 292678055,cost:68 ms
parse block 292678054,cost:42 ms
parse block 292678053,cost:46 ms
parse block 292678052,cost:55 ms
parse block 292678051,cost:52 ms
parse block 292678050,cost:40 ms
parse block 292678049,cost:32 ms
parse block 292678048,cost:56 ms
parse block 292678047,cost:46 ms
parse block 292678046,cost:42 ms
parse block 292678045,cost:31 ms
parse block 292678044,cost:45 ms
parse block 292678043,cost:35 ms
parse block 292678042,cost:52 ms
parse block 292678041,cost:45 ms
parse block 292678039,cost:69 ms
parse block 292678038,cost:43 ms
parse block 292678037,cost:17 ms
parse block 292678036,cost:69 ms
parse block 292678035,cost:42 ms
parse block 292678034,cost:35 ms
parse block 292678033,cost:46 ms
quoteSymbol not support C3JX9TWLqHKmcoTDTppaJebX2U7DcUQDEHVSmJFz6K6S, skipping transaction 3TPFVbKboCB1EhyEECCaF1usWKDzKPWchBu4i8BD4AjNsWgauKswywwGoqDdBjxMe7aBvvVv4skpFdNFoXtc73Ke
quoteSymbol not support 6iBaDX9R9W6ZySntWsnp429HcqfqAC1VJmEbxEW3pump, skipping transaction 2tfGnYCbELKX9FFQKDKro2YS2z8AvDWetuEemcfcYwNbsa6Fpi1zrVD7rdhydCpzePxzdc4Jjaq1g6P3oXLBVwA3
quoteSymbol not support 3nLCAweLTygjRpKwEt1nQzPyf7tJjgbEboo2iR2cfgTp, skipping transaction 2oTc7PcuDfbczTEaWex1TXv1xS9Ttn8kWzRa6ssunv1twVHLMAx3jTSibJXR9Gz7vp3m2oUPMCiJHK1xV5XHTVwD
quoteSymbol not support 11W8vakvavnP9aryEK8jmDDsdeWE6S6SGu8Fjkipump, skipping transaction 3HH6PGMpJmw8q2LmjpqkwYaPZZAZsM32KzvMQX3CP13jB7SkofFQE23u9qY55RTKfC7wHzEC6CW7wbgzCgUj4Fyh
Invalid tokenAmount: 0, skipping transaction 2Kabxbw2khVGPdbnQRuKLfMNGp96JfppBsxwNx3QiwQtVRoYWBzJqSQvLvxHwgbMm72M9im1dn82kmGve9BC3p2
quoteSymbol not support ED5nyyWEzpPPiWimP8vYm7sD7TD3LAt3Q3gRTWHzPJBY, skipping transaction 4H1ZdJyTZeKuvbYqwMZaTJMmk4dDf6EWEBnXTcTsUuMWdYHdU21QqipC6zvWBAJFdtj8ydVrcBhV9Y1aHjzArxJY
quoteSymbol not support 2Vu11jw9bidytFxQuJmc7QDZBrcGJLyZMB2WNTdWpump, skipping transaction 5XRF4wfaBcY57LyzfTgMoW9FggDaKHpoHGTkKffDHrgJrQSoEUm8wJ2PUqxRqM5Szj8enk4B7BqMZFUUCjiZthu3
quoteSymbol not support 5fJ1nmUYQTVXjcqKCB6jcThHYefENMH5VK6Uh2hupump, skipping transaction 2ZSvYca4Af1YitUxYxC6zVYVzZRGpNCmpEkq4yfdNFa3GavWaP81NYarEp7uDvP3TUX9qkdpxWqt3mR4BG73fe6c
Invalid tokenAmount: 0, skipping transaction 3t3utLXHoLGcUPSEHpL2fcAdwgTpUnc4wda5f6mQEgNX8hL6ZxqF7Kja5VbTkTwogimNs4TKryhkEJ7UB1uboNUj
Invalid tokenAmount: 0, skipping transaction 3gZoBxf8j2ffUzDxA2qVU2WgPYYjLELfDkvSxkBLDNN6bxrUHgyideQ2MWmqmyWjokeXh4x8ks5Qq3R7MiqjdMMm
quoteSymbol not support Hm3fRxzdDV61x6gbaB9crvz3asiEyzNHT6nAi3YNTd3r, skipping transaction 5rYbDdYoDwshJftLEGj3CA8bDpboc8FYTRBUnS3whCoeufY6ghpVh8bpdfhfpVRE4eCtqiebeaccKYqZQaWDySYa
quoteSymbol not support ED5nyyWEzpPPiWimP8vYm7sD7TD3LAt3Q3gRTWHzPJBY, skipping transaction xGrHYiqG3JP8f4Dy72Bo6cawcvTDP5TGsjoXmkewVbR6cTJCmcJ1HxbzSbGnfuCPJxQhNGpyJMCV6sa9Mv7kWD9
Invalid tokenAmount: 0, skipping transaction TACdNca1bs25hVsV2Wx3TfJSbcSCqCPs1WgMFWG5kK4QaTYCRTo4d9uLtGL68q78K5mx81YWmAVAWbeYdUURELU
Invalid quoteAmount: 0, skipping transaction raas2vPLnoFFrdVQMbBBSNrPcNoV515qfj9113ty79CFLRBpuLjjvmMJGmxL8RKM48BBqCdWRjHfq3F4sEgZwkT
✅ 插入 7893 条记录到 solana_history_data_new
HIGH PERFORMANCE: parse 99 blocks, cost: 4595 ms
[Port 8022] server total use, cost: 4613 ms
96
parse block 292675032,cost:38 ms
parse block 292675031,cost:18 ms
parse block 292675030,cost:29 ms
parse block 292675029,cost:39 ms
parse block 292675028,cost:57 ms
parse block 292675027,cost:56 ms
parse block 292675026,cost:51 ms
parse block 292675025,cost:48 ms
parse block 292675024,cost:65 ms
parse block 292675023,cost:71 ms
parse block 292675022,cost:63 ms
parse block 292675021,cost:34 ms
parse block 292675020,cost:12 ms
parse block 292675019,cost:37 ms
parse block 292675018,cost:34 ms
parse block 292675017,cost:27 ms
parse block 292675016,cost:28 ms
parse block 292675015,cost:72 ms
parse block 292675014,cost:19 ms
parse block 292675013,cost:22 ms
parse block 292675012,cost:42 ms
parse block 292675011,cost:34 ms
parse block 292675010,cost:30 ms
parse block 292675009,cost:61 ms
parse block 292675008,cost:33 ms
parse block 292675007,cost:20 ms
parse block 292675006,cost:40 ms
parse block 292675005,cost:12 ms
parse block 292675004,cost:36 ms
parse block 292675003,cost:63 ms
parse block 292675002,cost:21 ms
parse block 292675001,cost:32 ms
parse block 292675000,cost:32 ms
parse block 292674999,cost:41 ms
parse block 292674998,cost:28 ms
parse block 292674997,cost:54 ms
parse block 292674996,cost:50 ms
parse block 292674995,cost:29 ms
parse block 292674994,cost:20 ms
parse block 292674993,cost:26 ms
parse block 292674992,cost:28 ms
parse block 292674991,cost:73 ms
parse block 292674990,cost:60 ms
parse block 292674989,cost:42 ms
parse block 292674988,cost:30 ms
parse block 292674987,cost:94 ms
parse block 292674986,cost:51 ms
parse block 292674985,cost:42 ms
parse block 292674984,cost:25 ms
parse block 292674979,cost:45 ms
parse block 292674978,cost:46 ms
parse block 292674977,cost:33 ms
parse block 292674976,cost:43 ms
parse block 292674975,cost:40 ms
parse block 292674974,cost:23 ms
parse block 292674973,cost:36 ms
parse block 292674972,cost:36 ms
parse block 292674971,cost:48 ms
Invalid quoteAmount: 0, skipping transaction 5m4dYnhgRvM8uF1aS1JyNZQueQoyn6JsYQvUYXPiEsJTcZFiETMktj9D3EYL9inLBHk6v6GQcKX2SG2EjSC563ew
parse block 292674970,cost:41 ms
parse block 292674969,cost:35 ms
parse block 292674968,cost:63 ms
parse block 292674967,cost:22 ms
parse block 292674966,cost:45 ms
parse block 292674965,cost:6 ms
parse block 292674964,cost:35 ms
parse block 292674963,cost:28 ms
parse block 292674962,cost:50 ms
parse block 292674961,cost:24 ms
parse block 292674960,cost:31 ms
parse block 292674959,cost:15 ms
parse block 292674958,cost:32 ms
parse block 292674957,cost:20 ms
parse block 292674956,cost:22 ms
parse block 292674955,cost:37 ms
parse block 292674954,cost:51 ms
parse block 292674953,cost:56 ms
parse block 292674952,cost:30 ms
parse block 292674951,cost:4 ms
parse block 292674950,cost:33 ms
parse block 292674949,cost:61 ms
parse block 292674948,cost:67 ms
parse block 292674947,cost:41 ms
parse block 292674946,cost:24 ms
parse block 292674945,cost:76 ms
parse block 292674944,cost:7 ms
parse block 292674943,cost:14 ms
parse block 292674942,cost:40 ms
parse block 292674941,cost:59 ms
parse block 292674940,cost:55 ms
parse block 292674939,cost:23 ms
parse block 292674938,cost:16 ms
parse block 292674937,cost:18 ms
parse block 292674936,cost:32 ms
parse block 292674935,cost:22 ms
parse block 292674934,cost:15 ms
parse block 292674933,cost:46 ms
Invalid tokenAmount: 0, skipping transaction eEiBsmS5gQrYmYQtPo4QBxeKVw5jKGNtn5ZHcQdcWtPJ7w7EzTKq57gGXK5MP4qi5VshcUQnzMHbupqJL4BoeJE
Invalid quoteAmount: 0, skipping transaction H7VDKExhwLu4Haagt7YcVpTw1tHV6HmW5RV5FaxnB1XRX4dbmP1MggwsfJJ78h6h7Nr6JbLuu7SFvCJim3hKin5
Invalid tokenAmount: 0, skipping transaction NXPpgrN5W68jEMys6FnMfHnvFxBUYiBc1TtBYW9BeWyNs88QuZ7avGRnvps2PoMBE3MJT3CgA5zXDwyTEQhENbz
quoteSymbol not support ENFcR4n3TTSzwDLxuCst3dUq8HvA1czhDB98cj8Ppump, skipping transaction qshAak53WBSPeVtcEJmasJTWBpMR7izfJrm9ZZKiFiGdjsNnZz8BDatTqihNkWdc6BoEpB1qsMYBRwWL4opofaM
quoteSymbol not support ED5nyyWEzpPPiWimP8vYm7sD7TD3LAt3Q3gRTWHzPJBY, skipping transaction 2mcB38iLAJA9UgZNuN86VuS8YNAPsEKana7zKmZJ5acPetf9xbxB2p4i8f5GCAaAmkxBtaEEyVb1hW26rxM6yf4s
Invalid tokenAmount: 0, skipping transaction 9cQ3KaEmV9Pd6XeAciBj8Xmddq6b6iJXVR5jPHmSYVCdEtGNQUqTc9s6BUhJeujx4sHPCXPA8c8y5P5EzekQbmZ
quoteSymbol not support poLisWXnNRwC6oBu1vHiuKQzFjGL4XDSu4g9qjz9qVk, skipping transaction 2ki7WdPnnAnbSD9GZZTD2PfchNKhMk5hXmFRPnisfKhZ4jx4vNjJaS843iaWhPUJnrZBJKQP5GZ8nn1TayDCu4bJ
quoteSymbol not support J1toso1uCk3RLmjorhTtrVwY9HJ7X8V9yYac6Y7kGCPn, skipping transaction 2BbZDp3BJ3hiwR2yFDLQq823oR7Lvq1FkYDiGT3CvEPVBo2iFCmGmXDRZr18GSrY7VCN5FJGb5FJgrmqHWY9hBhv
quoteSymbol not support AiQcnL5gPjEXVH1E1FGUdN1WhPz4qXAZfQJxpGrJpump, skipping transaction 2hgbxmjyRwytgbMiPr36vcZpRzh6uMoW3HpzHgNmsJB4CRt7QcR5eq4s6tAhpowWMRZjAr2EHxAJKDPutnwKiAjt
Invalid tokenAmount: 0, skipping transaction 41ENDpBxd79wi9f9ooezkpvc3JZDZagG2ZSkTdFz2VaZv9WyBKijjRPfZcDjuXRi9aRvuM3KhZGia3eRfgzCXX5b
quoteSymbol not support FDRBwha8GtiR55BPz6Ucc9ThRtjFynZqgX1UvbV72bB8, skipping transaction 44RCy7bcnjxsmX8r1vVvCiYXHahhKGjwx5d5sgQ7VowuXruXar2Z3Xv8j5tJdSTpDxkhY1G1i3mdP48BdQytqnFN
Invalid quoteAddress: undefined, skipping transaction 44RCy7bcnjxsmX8r1vVvCiYXHahhKGjwx5d5sgQ7VowuXruXar2Z3Xv8j5tJdSTpDxkhY1G1i3mdP48BdQytqnFN
Invalid tokenAmount: 0, skipping transaction 444L6zTiRGgk1LuC53sgcC2wdB8E8W4A62YVW2ee53zGd9btgshzfggznZwuY4CvFNjRxT1pwqPvFXwMWsH8CJGU
Invalid tokenAmount: 0, skipping transaction mLNXoRdTjKHWqCaVHAuNAXeXdWwZAnfUgwXoeZZHLDkvmi7EHJGGt5vd3xNs7zuMosXgh85KU6jBxUE9fJjaMrx
✅ 插入 6387 条记录到 solana_history_data_new
HIGH PERFORMANCE: parse 96 blocks, cost: 3998 ms
[Port 8022] server total use, cost: 3998 ms
99
parse block 292673232,cost:20 ms
parse block 292673231,cost:27 ms
parse block 292673230,cost:27 ms
parse block 292673229,cost:31 ms
parse block 292673228,cost:17 ms
parse block 292673227,cost:38 ms
parse block 292673226,cost:32 ms
parse block 292673225,cost:61 ms
parse block 292673223,cost:26 ms
parse block 292673222,cost:81 ms
parse block 292673221,cost:37 ms
parse block 292673220,cost:77 ms
parse block 292673219,cost:2 ms
parse block 292673218,cost:33 ms
parse block 292673217,cost:19 ms
parse block 292673216,cost:47 ms
parse block 292673215,cost:27 ms
parse block 292673214,cost:44 ms
parse block 292673213,cost:17 ms
parse block 292673212,cost:3 ms
parse block 292673211,cost:20 ms
parse block 292673210,cost:31 ms
parse block 292673209,cost:23 ms
parse block 292673208,cost:14 ms
parse block 292673207,cost:22 ms
parse block 292673206,cost:28 ms
parse block 292673205,cost:60 ms
parse block 292673204,cost:27 ms
parse block 292673203,cost:23 ms
parse block 292673202,cost:40 ms
parse block 292673201,cost:37 ms
parse block 292673200,cost:10 ms
parse block 292673199,cost:17 ms
parse block 292673198,cost:21 ms
parse block 292673197,cost:27 ms
parse block 292673196,cost:25 ms
parse block 292673195,cost:48 ms
parse block 292673194,cost:28 ms
parse block 292673193,cost:53 ms
parse block 292673192,cost:28 ms
parse block 292673191,cost:46 ms
parse block 292673190,cost:18 ms
parse block 292673189,cost:18 ms
parse block 292673188,cost:24 ms
parse block 292673187,cost:24 ms
parse block 292673186,cost:28 ms
parse block 292673185,cost:12 ms
parse block 292673184,cost:28 ms
parse block 292673183,cost:30 ms
parse block 292673182,cost:47 ms
parse block 292673181,cost:28 ms
parse block 292673180,cost:34 ms
parse block 292673179,cost:57 ms
parse block 292673178,cost:38 ms
parse block 292673177,cost:15 ms
parse block 292673176,cost:33 ms
parse block 292673175,cost:13 ms
parse block 292673174,cost:27 ms
parse block 292673173,cost:40 ms
parse block 292673172,cost:33 ms
parse block 292673171,cost:44 ms
parse block 292673170,cost:35 ms
parse block 292673169,cost:21 ms
parse block 292673168,cost:36 ms
parse block 292673167,cost:48 ms
parse block 292673166,cost:49 ms
parse block 292673165,cost:24 ms
parse block 292673164,cost:38 ms
parse block 292673163,cost:24 ms
parse block 292673162,cost:29 ms
parse block 292673161,cost:25 ms
parse block 292673160,cost:27 ms
parse block 292673159,cost:19 ms
parse block 292673158,cost:29 ms
parse block 292673157,cost:16 ms
parse block 292673156,cost:28 ms
parse block 292673155,cost:26 ms
parse block 292673154,cost:34 ms
parse block 292673153,cost:27 ms
parse block 292673152,cost:24 ms
parse block 292673151,cost:39 ms
parse block 292673150,cost:19 ms
parse block 292673149,cost:28 ms
parse block 292673148,cost:34 ms
parse block 292673147,cost:26 ms
parse block 292673146,cost:21 ms
parse block 292673145,cost:39 ms
parse block 292673144,cost:47 ms
parse block 292673143,cost:20 ms
parse block 292673142,cost:41 ms
parse block 292673141,cost:14 ms
parse block 292673140,cost:31 ms
parse block 292673139,cost:29 ms
parse block 292673138,cost:35 ms
parse block 292673137,cost:40 ms
parse block 292673136,cost:30 ms
parse block 292673135,cost:28 ms
parse block 292673134,cost:25 ms
parse block 292673133,cost:42 ms
Invalid quoteAmount: 0, skipping transaction 4ik9LuwmEfqdfqFTtMnshYyfRMQYpJVRSr22hx2Ew1MrjsC4WsypJNjhpNHFWZz6DhiJ34qjvvfBYVVhgzHj1FWd
quoteSymbol not support Bgj5SoqQ7xYYsjpTxqgUtBXQiEfcD5PBQZNiDVmQpump, skipping transaction 4w8xRHMDqdaDx3B9FH9ucmFVQ4CQgwaPgtspF1JZScAeHvAcuLtPUJ7g7DC3VnxioP8eLVHWTWYwuDMeLPKm6ukv
Invalid quoteAmount: 0, skipping transaction 2U4h8BDnjbsNttK3AqtPWuYzDxfNtaojLbfN8GjAZ6NGouhHTH2FrYdNDdJuyQvrM2KJCtavkMfBsqRwtzUockPB
quoteSymbol not support NYANpAp9Cr7YarBNrby7Xx4xU6No6JKTBuohNA3yscP, skipping transaction 2jdhRPgQ8x85jj5UfWFtbdnDhBT1tMHtP6ctNgBgwxhuNPj875QorK4uEY8YHonginBeu7A28RDZEL3UWr8tBHyx
quoteSymbol not support poLisWXnNRwC6oBu1vHiuKQzFjGL4XDSu4g9qjz9qVk, skipping transaction RZ2JTgbLeqgjG9Dvphn2hyRZD5zPE3uYbzgYqoggdim4kU2NWcQg7VmP84JKUKhn6yAVFD4SyFh9xYaDDcxHJHt
Invalid quoteAmount: 0, skipping transaction 3q1CboBucXaSFyWDMBKV4vKUNaYCp5aLNr84Ff9CWVx3nuHCfogWaKG691qkBegE9AQNTaqNKRvcMAWWqtTSie96
quoteSymbol not support 4pyzBs6P1XnDki3gEXjz6nVsWyDmXqKvRqtbuJKevLn8, skipping transaction 3K7N8fCC2HEzNpRumH6Ho8ix3mfNfkD75WDQN7JVfzpARsYwxYKfPcQjyLhgj6QfVEjqKwRpJeWur3FDUc5TVe5i
quoteSymbol not support cMxpF8JUca8fRoiDpdLEgkRCuL21y55uFsuaB5Zpump, skipping transaction TqTakxKwnSaDkmE96KUvc4Lz3QPqbHxgkrq3eENmxjYHpERSmPyPt9eCZ146mSP4Wb628RcrU6EnxwWSa1ASgBJ
Invalid quoteAmount: 0, skipping transaction 3DJmHG49C8qVMys9nTjwQzScRPT4rpzHfrAVY1jpboDbzJ9Whh5TtU1fq5w7vu9oedj39oUg3vR5BoRLzMUSTVmZ
quoteSymbol not support 5VaPFKEAzyxoWUz9PgvpnsCdT3x6q4YpnHm5zcvPpump, skipping transaction 4NHu5QnFCCpxUQ4XtmY5iLmgMAmS1f2HNaiHRo38WzfgA3HFRihBjp524bv4jWs6SJeSSVBwtCbNt3uLuePiwv1
✅ 插入 5843 条记录到 solana_history_data_new
HIGH PERFORMANCE: parse 99 blocks, cost: 3386 ms
[Port 8022] server total use, cost: 3401 ms
99
parse block 292669132,cost:10 ms
parse block 292669131,cost:17 ms
parse block 292669130,cost:15 ms
parse block 292669129,cost:49 ms
parse block 292669128,cost:38 ms
parse block 292669127,cost:18 ms
parse block 292669126,cost:41 ms
parse block 292669125,cost:56 ms
parse block 292669124,cost:52 ms
parse block 292669123,cost:7 ms
parse block 292669122,cost:23 ms
parse block 292669121,cost:13 ms
parse block 292669120,cost:6 ms
parse block 292669119,cost:28 ms
parse block 292669118,cost:16 ms
parse block 292669117,cost:44 ms
parse block 292669116,cost:35 ms
parse block 292669115,cost:27 ms
parse block 292669114,cost:18 ms
parse block 292669113,cost:41 ms
parse block 292669112,cost:36 ms
parse block 292669111,cost:29 ms
parse block 292669110,cost:22 ms
parse block 292669109,cost:54 ms
parse block 292669108,cost:28 ms
parse block 292669107,cost:40 ms
parse block 292669106,cost:30 ms
parse block 292669105,cost:39 ms
parse block 292669104,cost:54 ms
parse block 292669103,cost:33 ms
parse block 292669102,cost:35 ms
parse block 292669101,cost:22 ms
parse block 292669100,cost:45 ms
parse block 292669099,cost:38 ms
parse block 292669098,cost:41 ms
parse block 292669097,cost:18 ms
parse block 292669096,cost:48 ms
parse block 292669095,cost:30 ms
parse block 292669094,cost:29 ms
parse block 292669093,cost:47 ms
parse block 292669092,cost:55 ms
parse block 292669091,cost:44 ms
parse block 292669090,cost:28 ms
parse block 292669089,cost:49 ms
parse block 292669088,cost:31 ms
parse block 292669087,cost:35 ms
parse block 292669086,cost:43 ms
parse block 292669085,cost:35 ms
parse block 292669084,cost:38 ms
parse block 292669083,cost:48 ms
parse block 292669082,cost:50 ms
parse block 292669081,cost:62 ms
parse block 292669080,cost:53 ms
parse block 292669079,cost:21 ms
parse block 292669078,cost:31 ms
parse block 292669077,cost:64 ms
parse block 292669075,cost:22 ms
parse block 292669074,cost:30 ms
parse block 292669073,cost:63 ms
parse block 292669072,cost:82 ms
parse block 292669071,cost:49 ms
parse block 292669070,cost:28 ms
parse block 292669069,cost:46 ms
parse block 292669068,cost:28 ms
parse block 292669067,cost:25 ms
parse block 292669066,cost:13 ms
parse block 292669065,cost:36 ms
parse block 292669064,cost:30 ms
parse block 292669063,cost:58 ms
parse block 292669062,cost:31 ms
parse block 292669061,cost:17 ms
parse block 292669060,cost:25 ms
parse block 292669059,cost:56 ms
parse block 292669058,cost:43 ms
parse block 292669057,cost:25 ms
parse block 292669056,cost:70 ms
parse block 292669055,cost:16 ms
parse block 292669054,cost:13 ms
parse block 292669053,cost:11 ms
parse block 292669052,cost:14 ms
parse block 292669051,cost:34 ms
parse block 292669050,cost:18 ms
parse block 292669049,cost:67 ms
parse block 292669048,cost:81 ms
parse block 292669047,cost:19 ms
parse block 292669046,cost:21 ms
parse block 292669045,cost:28 ms
parse block 292669044,cost:36 ms
parse block 292669043,cost:31 ms
parse block 292669042,cost:19 ms
parse block 292669041,cost:33 ms
parse block 292669040,cost:40 ms
parse block 292669039,cost:29 ms
parse block 292669038,cost:26 ms
parse block 292669037,cost:51 ms
parse block 292669036,cost:47 ms
parse block 292669035,cost:35 ms
parse block 292669034,cost:22 ms
parse block 292669033,cost:14 ms
Invalid quoteAmount: 0, skipping transaction 3VAvMZDDJihzNeGT1WLTqaop2Sp3mwBDVjAS6JzjdAgryUkvABZMP1BPG1fAGdzzr2Wf4D4PNWriy87VDWFrupra
quoteSymbol not support EMfk4dC6LGE6pqtZBwX8xKsZundUMcb5K7J2v1eDpump, skipping transaction 53mgv3PXHhn4ubHghHhBWWUsH43Gief5vYrwv79YwQP1Vf5qDGHV3qXkhJCrxmsy1E12vGZSwfPFjKrNhiPVpCsN
Invalid quoteAmount: 0, skipping transaction TJziaYBSaNZzxv6M7AwVCfjGJ9z5Jbcp5wh53Pd7VHe8bWVNtfL4Mytz1GNuLz9aFvn6pJFihmdq7qmmpAbYLXw
quoteSymbol not support GFNQHAAo1j4cQ1YndybxBKNiXzCLMk69bGDADCVFpump, skipping transaction Nkbn3VrBHfWJDEqSxYat5k4swVCYmfjA13jDpEa2X1jMro2u2CiYjmsRBJUHTAfBJ6K3CCa5HPkvgWdM5EQ5iY7
Invalid tokenAmount: 0, skipping transaction 3GVpoxi59tNr8UfpeDz9Wfa3D119PSuuMcKFBh1B7jKsL9mqAUyTxqBr7tCWSpAixFuAtjsBLuNczH6uidKGaYuJ
Invalid tokenAmount: 0, skipping transaction 3w7XmN1NSmZH7g52zkRQ8R4Vay6Wo7TyXh9dUc1tAH3fJ8fL33LfVyvRDQfexQeY1qYy2QRqvvZ1MoKhH2qmoYa6
quoteSymbol not support 9izHMftptSZvNA9MnVHryDtUKKATzK2CCNQExwaspump, skipping transaction uZk4YuXjtfGiQh1arY8pnaFJMAe7dGfoywK8i5kcxdAc7ufhTJeG5rRaK39UkqYK8uCfD7XGWg8hhvwGXFajteR
Invalid tokenAmount: 0, skipping transaction 47UG5rk2EZGeQMrM2nkcPE22Eo3WLXntncAJVvkv6bWZyHVwdLg6ste9AqvjL8kktDTbWsXTXtCEDpLoJRHywJrZ
quoteSymbol not support HxBxPZ8CXi1BeGj1hNHoBCbHdL4UiT2zZJrjQtivpump, skipping transaction 5oPuuA1F5SEDkffKpn5WSuNCE7Y7FtneUdjEm6iGZEZajSMxfQEBmPLAcsn4h5gufQyJdT5vST2uaUMRXmjMnz3E
Invalid quoteAmount: 0, skipping transaction 2gHYLM1pdESehraP2E4b67EiFLiiXcMRTrpYtG189B7AQ1htpZqsP3Y4HuzN1hKmf2MdSyFY5LJVZBc1o8xMo6D8
quoteSymbol not support DuGfBARyz94DQYZfJ7zVJbpFU6Du3H53bmWrdj6Spump, skipping transaction 2jRiLXeNjMfjCDB8hjep4yzT867yohLha5xiBTBbmYdXtnPUh6fQMUgiE8My6gypCig8CgeDj9QFSrAxNvQgTgbw
Invalid tokenAmount: 0, skipping transaction 41F3QdqnWDYjTnKMYoSuVTogdDPrtCezqjBR6t1fYRUmneUXCmcC8a2QaEyahFuGk3u4DQWXRu2Yp3rtepsWc7wj
Invalid tokenAmount: 0, skipping transaction 4sgFHLaXmTMk14tDxGHWaPPUm5is2qS8gK6xqVMyMtVARBpKv1PUkCKMYJtu8D9rUtL4PQ3c7HdxxT43dbmdb7xc
quoteSymbol not support ErVrf7WrMS8Rw4b6ZkYSVR5TvMjKRMjSLH8cwT7jmbgp, skipping transaction 2qYe1LVaCFMVKDo7w9BbpSfvnkUiSmwWFLdsnvbde1EsCaRTW35JiKPMQQTP8WNKjk8MQ4oow8T35A22E6hr7KbH
✅ 插入 6011 条记录到 solana_history_data_new
HIGH PERFORMANCE: parse 99 blocks, cost: 3776 ms
[Port 8022] server total use, cost: 3776 ms
100
parse block 292665932,cost:12 ms
parse block 292665931,cost:49 ms
parse block 292665930,cost:40 ms
parse block 292665929,cost:34 ms
parse block 292665928,cost:39 ms
parse block 292665927,cost:36 ms
parse block 292665926,cost:42 ms
parse block 292665925,cost:26 ms
parse block 292665924,cost:44 ms
parse block 292665923,cost:10 ms
parse block 292665922,cost:32 ms
parse block 292665921,cost:27 ms
parse block 292665920,cost:11 ms
parse block 292665919,cost:10 ms
parse block 292665918,cost:17 ms
parse block 292665917,cost:21 ms
parse block 292665916,cost:7 ms
parse block 292665915,cost:38 ms
parse block 292665914,cost:43 ms
parse block 292665913,cost:47 ms
parse block 292665912,cost:88 ms
parse block 292665911,cost:37 ms
parse block 292665910,cost:60 ms
parse block 292665909,cost:73 ms
parse block 292665908,cost:12 ms
parse block 292665907,cost:10 ms
parse block 292665906,cost:13 ms
parse block 292665905,cost:18 ms
parse block 292665904,cost:10 ms
parse block 292665903,cost:56 ms
parse block 292665902,cost:53 ms
parse block 292665901,cost:28 ms
parse block 292665900,cost:19 ms
parse block 292665899,cost:30 ms
parse block 292665898,cost:43 ms
parse block 292665897,cost:34 ms
parse block 292665896,cost:30 ms
parse block 292665895,cost:47 ms
parse block 292665894,cost:29 ms
parse block 292665893,cost:39 ms
parse block 292665892,cost:29 ms
parse block 292665891,cost:39 ms
parse block 292665890,cost:80 ms
parse block 292665889,cost:38 ms
parse block 292665888,cost:56 ms
parse block 292665887,cost:29 ms
parse block 292665886,cost:31 ms
parse block 292665885,cost:30 ms
parse block 292665884,cost:25 ms
parse block 292665883,cost:41 ms
parse block 292665882,cost:51 ms
parse block 292665881,cost:56 ms
parse block 292665880,cost:24 ms
parse block 292665879,cost:32 ms
parse block 292665878,cost:33 ms
parse block 292665877,cost:43 ms
parse block 292665876,cost:114 ms
parse block 292665875,cost:14 ms
parse block 292665874,cost:15 ms
parse block 292665873,cost:12 ms
parse block 292665872,cost:10 ms
parse block 292665871,cost:52 ms
parse block 292665870,cost:37 ms
parse block 292665869,cost:39 ms
parse block 292665868,cost:32 ms
parse block 292665867,cost:48 ms
parse block 292665866,cost:50 ms
parse block 292665865,cost:14 ms
parse block 292665864,cost:29 ms
parse block 292665863,cost:30 ms
parse block 292665862,cost:19 ms
parse block 292665861,cost:21 ms
parse block 292665860,cost:21 ms
parse block 292665859,cost:36 ms
parse block 292665858,cost:24 ms
parse block 292665857,cost:28 ms
parse block 292665856,cost:30 ms
parse block 292665855,cost:35 ms
parse block 292665854,cost:41 ms
parse block 292665853,cost:37 ms
parse block 292665852,cost:34 ms
parse block 292665851,cost:35 ms
parse block 292665850,cost:63 ms
parse block 292665849,cost:21 ms
parse block 292665848,cost:47 ms
parse block 292665847,cost:37 ms
parse block 292665846,cost:68 ms
parse block 292665845,cost:36 ms
parse block 292665844,cost:48 ms
parse block 292665843,cost:26 ms
parse block 292665842,cost:38 ms
parse block 292665841,cost:42 ms
parse block 292665840,cost:50 ms
parse block 292665839,cost:35 ms
parse block 292665838,cost:53 ms
parse block 292665837,cost:42 ms
parse block 292665836,cost:38 ms
parse block 292665835,cost:73 ms
parse block 292665834,cost:32 ms
parse block 292665833,cost:61 ms
quoteSymbol not support ED5nyyWEzpPPiWimP8vYm7sD7TD3LAt3Q3gRTWHzPJBY, skipping transaction 4xa6kg7LqoFE1dhCsSrh6QiG71doAHWwufQ55cYKZPHbKWWmwa7X41Q7jEEtPkx4J8PTh5Cpa6i6BR6awqBk1scf
quoteSymbol not support 54Ah6XTV7n27SuFa2sqyz7DSoRmVmFTbB6wbuzqPpump, skipping transaction 2DEk8zYhsTmDX55bMXwfuJf9QWhecqAja32jeT7YgQKYjGLXBS1sMRNrmwotK7tLjxziD5p8BJUzdo6GVoiL2QFo
quoteSymbol not support 7hXig6qiJuJ2Tmu3RFikNFDMPF8CWbMuCrU1QpTopump, skipping transaction 4VdGrYjL4m5LJW3ghAkRqxmUNtRhmAXvLf4QfnsDSLhYjvrwr6EEbapePnjkTSamnLFzH6CE8QS9YmVGPMESHpra
Invalid tokenAmount: 0, skipping transaction sB5K7fM3qFGVHHPj9r66DBttuu5RxeYG9SZqb9ZehsyGHGddPGiBQJRzpabL2n176EheNzrz5QmTon7vf3seN55
quoteSymbol not support AtakVE4hj5KgbS58YzmCYrUwRqMNCnwaamUckk2Zpump, skipping transaction 2QTHXtutvzCXG6QRqYzBZVBB2cVPB2NV7LsPp5nhogByLJRWB7hLNjT6wJ6vVPccLaqLvwuBdSV2gaEj2x11EtVz
quoteSymbol not support J1toso1uCk3RLmjorhTtrVwY9HJ7X8V9yYac6Y7kGCPn, skipping transaction 5qG5muBCKEmoD85zgq9RFkuC4bjWh9wbfmrv31UFZWsHcttfcitLoJHACMziLPp1p45Vmsm6sncRGC9tKRPCN1wM
quoteSymbol not support 5fcepgAB6iDgqQLqK61C89dYfhAxkuBcymsAjU3HYoLa, skipping transaction 3MHVQyL9TDjJX1wWrfueCENqLSLFKtbmE2neGj3fS9za4QdJQN5mXMZFH5Jdqo9GFBWc65MqM1EwjkkUw9omb53x
quoteSymbol not support J1toso1uCk3RLmjorhTtrVwY9HJ7X8V9yYac6Y7kGCPn, skipping transaction 3rzeWu4yi6zkyoQ4XS6TMAr4jH69nHhk7M7cZ7dRgX8L8uHRD95UTvG8TWihz2cFh1Ag5GY3UwBjp53DuHEpRSji
quoteSymbol not support ED5nyyWEzpPPiWimP8vYm7sD7TD3LAt3Q3gRTWHzPJBY, skipping transaction 5mPLySv9PQhubcpRc9s2i1HyYFXzFSZBh8nsLt7ZxKK2ZLESKCQGgra7YuKVATyN49BQfkHv5yYJ44WZafe9eTqP
Invalid tokenAmount: 0, skipping transaction 4Eq4gaBpWfYhD6tKyHR9iCHdRno1FnbW4xP6yVYHRUK5ay4UfjrWrF5ouh6ocLvh2J8vY3yWuPhahtMyfP2BiNuZ
✅ 插入 8017 条记录到 solana_history_data_new
HIGH PERFORMANCE: parse 100 blocks, cost: 4039 ms
[Port 8022] server total use, cost: 4051 ms
99
parse block 292663132,cost:33 ms
parse block 292663131,cost:38 ms
parse block 292663130,cost:64 ms
parse block 292663129,cost:20 ms
parse block 292663128,cost:8 ms
parse block 292663127,cost:41 ms
parse block 292663126,cost:36 ms
parse block 292663125,cost:42 ms
parse block 292663124,cost:55 ms
parse block 292663123,cost:31 ms
parse block 292663122,cost:48 ms
parse block 292663121,cost:35 ms
parse block 292663120,cost:33 ms
parse block 292663119,cost:34 ms
parse block 292663118,cost:49 ms
parse block 292663117,cost:29 ms
parse block 292663116,cost:29 ms
parse block 292663115,cost:29 ms
parse block 292663114,cost:59 ms
parse block 292663113,cost:56 ms
parse block 292663112,cost:77 ms
parse block 292663111,cost:28 ms
parse block 292663110,cost:31 ms
parse block 292663109,cost:85 ms
parse block 292663108,cost:57 ms
parse block 292663107,cost:44 ms
parse block 292663106,cost:7 ms
parse block 292663105,cost:14 ms
parse block 292663104,cost:35 ms
parse block 292663103,cost:49 ms
parse block 292663102,cost:49 ms
parse block 292663101,cost:40 ms
parse block 292663100,cost:43 ms
parse block 292663099,cost:33 ms
parse block 292663098,cost:43 ms
parse block 292663097,cost:41 ms
parse block 292663096,cost:32 ms
parse block 292663095,cost:15 ms
parse block 292663094,cost:13 ms
parse block 292663093,cost:21 ms
parse block 292663092,cost:25 ms
parse block 292663091,cost:36 ms
parse block 292663090,cost:29 ms
parse block 292663089,cost:33 ms
parse block 292663088,cost:38 ms
parse block 292663087,cost:28 ms
parse block 292663086,cost:39 ms
parse block 292663085,cost:25 ms
parse block 292663084,cost:57 ms
parse block 292663083,cost:35 ms
parse block 292663082,cost:32 ms
parse block 292663081,cost:25 ms
parse block 292663080,cost:29 ms
quoteSymbol not support 5VaPFKEAzyxoWUz9PgvpnsCdT3x6q4YpnHm5zcvPpump, skipping transaction 3LMnspUqVvgJAVJjFVsGNTAmmsZJYCJZkgbB8htmV8JZMnar87NqSCBZ6YuwtFTpAwixPZxWryXfQjkQcEkrXE4k
parse block 292663079,cost:78 ms
parse block 292663078,cost:44 ms
parse block 292663077,cost:44 ms
parse block 292663076,cost:43 ms
parse block 292663075,cost:24 ms
parse block 292663074,cost:30 ms
parse block 292663073,cost:34 ms
parse block 292663072,cost:42 ms
parse block 292663071,cost:44 ms
parse block 292663070,cost:67 ms
parse block 292663069,cost:65 ms
parse block 292663068,cost:61 ms
parse block 292663067,cost:15 ms
parse block 292663066,cost:41 ms
parse block 292663065,cost:28 ms
parse block 292663064,cost:40 ms
parse block 292663063,cost:12 ms
parse block 292663062,cost:20 ms
parse block 292663061,cost:21 ms
parse block 292663060,cost:12 ms
parse block 292663059,cost:17 ms
parse block 292663058,cost:40 ms
parse block 292663057,cost:102 ms
parse block 292663055,cost:65 ms
parse block 292663054,cost:56 ms
parse block 292663053,cost:25 ms
parse block 292663052,cost:41 ms
parse block 292663051,cost:37 ms
parse block 292663050,cost:23 ms
parse block 292663049,cost:25 ms
parse block 292663048,cost:33 ms
parse block 292663047,cost:42 ms
parse block 292663046,cost:35 ms
parse block 292663045,cost:78 ms
parse block 292663044,cost:11 ms
parse block 292663043,cost:25 ms
parse block 292663042,cost:51 ms
parse block 292663041,cost:12 ms
parse block 292663040,cost:26 ms
parse block 292663039,cost:36 ms
parse block 292663038,cost:27 ms
parse block 292663037,cost:41 ms
parse block 292663036,cost:37 ms
parse block 292663035,cost:33 ms
parse block 292663034,cost:39 ms
parse block 292663033,cost:39 ms
quoteSymbol not support 9kahs6tASfXb8wXhC9g54mYA7e33XzmksYdpjQBDpump, skipping transaction 4bEGKpHNAYdj4RezhtuoeJNfp9RYw3ZBTWY25Ybbyj4H6zrtFxm3uCTedGJyDrjj3yrZQgEPDAtcJGNdaCeeEuzJ
quoteSymbol not support 87bZzcXXHnQRjB4AmYQWCCdRaeGUSiaA7DgUEBYqpump, skipping transaction 3hLcrotajtuztEAjs7Q13KDyV527LVNvbjMTUv3budvgDgy8TRtYq1Nes9k7qgiw4F2iWjsPgzbCBjtnU6dmXrBv
Invalid quoteAmount: 0, skipping transaction 66z2rPNeGbuYZVzitFTuZ5KfPpDAPgZdQuzDB3J1Bzc2U3HhNDKpG3QmibVEQ6NJjDkCaDrob88unpp6MLtY1C52
quoteSymbol not support FDRBwha8GtiR55BPz6Ucc9ThRtjFynZqgX1UvbV72bB8, skipping transaction 2RQnkgLzp9ndcCeQJn1GGDpPxHY7EkvD6wGbo9TJ9Gm7BDLMbiGCB7H2QhGWfjhVUZJoX8tQXr6ioRamtnD6uznd
quoteSymbol not support AzfhkfRCsGY8BpQk7yUoyZTFDX5ytF4vC1YiAeuk5otm, skipping transaction 3vq4SZEMGianz8QzMoX6kUUx88j56A3zksnUd241K8G4UnhTTphcNbsHcHhe6iQ3SE6u8esFVrEb4UMWtNZnEdLS
quoteSymbol not support BAiSyK6nXENaVJb7CVXbW4nDRsm7qCUfvWgqWMD2pump, skipping transaction 3gAaz8zDrvRzAemXYfmbHUWCvcFbXwpFn1c58YfVQhhP1YLoyVXaS2NDMiSbcGUxvcieKeCRc66K4pf5G8oUfBgd
quoteSymbol not support ACeT45ZUd3hTH16UexJMWx1pupdWAVGUxZvCwPUJn1VT, skipping transaction 5qEthad82GJxMjeHrJk9gC75Pp4WG5AK6L3CPkhMzJeTvTAyHmrBPnQWT5GZ8RDvDdsMS8cMoSKpo2K7YH8ZYmPW
quoteSymbol not support 4AKYKa4JLKQau7m8B7hmFdN8ur1SvqUDqJt6D44Npump, skipping transaction 2CBTsyiKYCYZ2PA9fQys9vnVwKGECV1GX5mCKEuzYQXw5PmRdrLfxeSLetY2EK8SnugseAbqeo4MijwWgPZjWcDy
quoteSymbol not support 8NNXWrWVctNw1UFeaBypffimTdcLCcD8XJzHvYsmgwpF, skipping transaction 539HvZqPErcAUfXhq9Cfpo9zWqdYN3Yqezxj1hrpkwonnbLmewW3nvyBsMdzkgYvCFny2CR8dt2Y7NVk51aFpxq
quoteSymbol not support DUp2qMMGuACziKeyZRtH9cuKyqtYpqJ24iZg6tVLpump, skipping transaction 5PDM7AdLagVNQQtwcrWGWAf86Tn5kc2182k9KzNL3g7L9Z3nHAvTxVqRCw1uXohTjyGo59bfTwy5n55P3a8mdCoM
Invalid tokenAmount: 0, skipping transaction 3m9xT8Gy3sPbKDCQHrCo3iZKxhvt8BZYbwZSVJhUfDhPubYZYSwX3hnhzyPTZiRTQ8s8FcC5vWck7bVERiHyZjiR
Invalid tokenAmount: 0, skipping transaction 53vb6ynvSGxv2bWqvEbRjg2GMXJL7zz7YZJvW3V9AZ13aKvoHv6tTFmkyjFgCzRwmLGe7MWE34x2HV3UxMwNn3Er
✅ 插入 6518 条记录到 solana_history_data_new
HIGH PERFORMANCE: parse 99 blocks, cost: 4201 ms
[Port 8022] server total use, cost: 4201 ms
96
parse block 292660632,cost:50 ms
parse block 292660631,cost:38 ms
parse block 292660630,cost:32 ms
parse block 292660629,cost:31 ms
parse block 292660628,cost:46 ms
parse block 292660627,cost:52 ms
parse block 292660626,cost:44 ms
parse block 292660625,cost:47 ms
parse block 292660624,cost:38 ms
parse block 292660623,cost:23 ms
parse block 292660622,cost:46 ms
parse block 292660621,cost:15 ms
parse block 292660620,cost:54 ms
parse block 292660619,cost:62 ms
parse block 292660618,cost:12 ms
parse block 292660617,cost:23 ms
parse block 292660616,cost:22 ms
parse block 292660615,cost:31 ms
parse block 292660614,cost:32 ms
parse block 292660613,cost:58 ms
parse block 292660612,cost:46 ms
parse block 292660611,cost:41 ms
parse block 292660610,cost:13 ms
parse block 292660609,cost:26 ms
parse block 292660608,cost:19 ms
parse block 292660607,cost:38 ms
parse block 292660606,cost:25 ms
parse block 292660605,cost:17 ms
parse block 292660604,cost:79 ms
parse block 292660603,cost:20 ms
parse block 292660602,cost:30 ms
parse block 292660601,cost:43 ms
parse block 292660600,cost:53 ms
parse block 292660599,cost:18 ms
parse block 292660598,cost:50 ms
parse block 292660597,cost:39 ms
parse block 292660596,cost:20 ms
parse block 292660595,cost:31 ms
parse block 292660594,cost:48 ms
parse block 292660593,cost:33 ms
parse block 292660592,cost:42 ms
parse block 292660591,cost:19 ms
parse block 292660590,cost:40 ms
parse block 292660589,cost:54 ms
parse block 292660588,cost:32 ms
parse block 292660587,cost:40 ms
parse block 292660586,cost:51 ms
parse block 292660585,cost:32 ms
parse block 292660584,cost:83 ms
parse block 292660583,cost:23 ms
parse block 292660582,cost:22 ms
parse block 292660581,cost:34 ms
parse block 292660580,cost:41 ms
parse block 292660579,cost:32 ms
parse block 292660578,cost:34 ms
parse block 292660577,cost:24 ms
parse block 292660576,cost:57 ms
parse block 292660575,cost:54 ms
parse block 292660574,cost:45 ms
parse block 292660573,cost:27 ms
parse block 292660572,cost:39 ms
parse block 292660571,cost:45 ms
parse block 292660570,cost:30 ms
parse block 292660569,cost:29 ms
parse block 292660568,cost:41 ms
parse block 292660567,cost:29 ms
parse block 292660566,cost:37 ms
parse block 292660565,cost:30 ms
parse block 292660564,cost:49 ms
parse block 292660563,cost:65 ms
parse block 292660562,cost:20 ms
parse block 292660561,cost:38 ms
parse block 292660560,cost:25 ms
parse block 292660559,cost:35 ms
parse block 292660558,cost:55 ms
parse block 292660557,cost:18 ms
parse block 292660556,cost:72 ms
parse block 292660555,cost:19 ms
parse block 292660554,cost:65 ms
parse block 292660553,cost:62 ms
parse block 292660552,cost:106 ms
parse block 292660547,cost:9 ms
parse block 292660546,cost:63 ms
parse block 292660545,cost:65 ms
parse block 292660544,cost:27 ms
parse block 292660543,cost:42 ms
parse block 292660542,cost:15 ms
parse block 292660541,cost:37 ms
parse block 292660540,cost:59 ms
parse block 292660539,cost:27 ms
parse block 292660538,cost:29 ms
parse block 292660537,cost:51 ms
parse block 292660536,cost:39 ms
parse block 292660535,cost:27 ms
parse block 292660534,cost:22 ms
parse block 292660533,cost:46 ms
quoteSymbol not support C8tEY82inN7mgCoBatacvVyeufBd1f1wEdPPtsL4pump, skipping transaction 51tr9XsaxHtKNPGMTtETUBE5AHmEoPnx1gPbrZEjXCq9i1NvaD6U9SJyhHpj4qm67TJgxjx9Wo7gZ1yZn8U2atsn
quoteSymbol not support HGaS81Ejydkr4dsNPq2h3NQcQY5AsGijzYjP675YGSha, skipping transaction 5APXzezbHZXc4tDBAfz4Geen5ampK38ZMD2DqbVwgEbg2mZXoUXrySNGEYvKnyjFJuFownAkkzfLwuwpAG7RmXiZ
quoteSymbol not support H1fEEsc4ENWFYHkhtJU2eAwcPCG7wuNwZ9z87yoQXoXW, skipping transaction 4DHt5zD9orWcebZ5B5NtkWsu8brGriqTPxG2EPBVhb5zpbNanQpsTQW49mPs78jXxJCAistoJsJxXmNHkk9LkYGT
quoteSymbol not support ATLASXmbPQxBUYbxPsV97usA3fPQYEqzQBUHgiFCUsXx, skipping transaction 2BWHypy66zpaYZogwtjnG6oRP2jSYiZSJRLXCgSSzTY1fmV69jwgRxkwjHb2WAwc4k4g8Gmru66at7n1s6gYE2QL
quoteSymbol not support SNSNkV9zfG5ZKWQs6x4hxvBRV6s8SqMfSGCtECDvdMd, skipping transaction 5pG4mfGiPSyMvvJn5Uuz1hruLgettLDradhrCLZSysEGyn8epEECr8eKDcoD25QeYCZYewG6UKDeEW89d1mzFSQ9
quoteSymbol not support H8LW3afnmHYhvhLydBPsFNfUF1JTPpNt6VoeYzutpump, skipping transaction 2cjBK5anMCqj9yJuXbAj8s28UexKLuPzZ9GUZAJfKW282td9zXgegutj4z3DfJRU38zPkBgNnb953gVLc4ua7MsX
quoteSymbol not support 5cVX5zZadatkA5dEouuBXBjMDRqQsiyXVeFZpMr5pump, skipping transaction 4fKrj3AZ7ksfFmtFUxnZ3MbgET1kutN7ey9BHS6BSvsjBeHZegeH7QkUxEGtZFRhptYtKGwfda8vwCzSF9c1VVpq
quoteSymbol not support 87bZzcXXHnQRjB4AmYQWCCdRaeGUSiaA7DgUEBYqpump, skipping transaction 5HeJBTct26ztE4VsEPQWPY8eDeD65zVwvxTaQDfJY5XHwvFVWNZ8pdS6KCABNdxzJserjGPSYcEyWB1FjEC53fgk
quoteSymbol not support AiYhnwWiqbdSiEHgAzqrurcdoZx4V21mnuMt5ps2pump, skipping transaction 4U6tx3JRc6h6MANVLdcwQ5yDtVYbTjc31XTuRtiZhGtxj64mYuUPgd4dGLsPwbYG221d3xjYkpsxrAWvCXtjbHqH
quoteSymbol not support HswDz9xJ8pMU1XazCu5KLhiNvF7sb64HK5AJMAzWjW2p, skipping transaction 4PBgPUzUaSZVQpA7wxTr3vSr1SWJKehdpRsKz8N2ETGJ3APDqq3RFcrNNPPSyCp9k1tpWBLubz48m8xTaZaDNwUe
quoteSymbol not support T1oYbAejEESrZLtSAjumAXhzFqZGNxQ4kVN9vPUoxMv, skipping transaction 3879bKqDAVJ1xCCJWpTv3FTtbo2oS7WQmbRXXbk1cySp5p1fdEYz5d5BkpyKwad8SsfP7aDUS7QfnKzevrR55RTW
Invalid tokenAmount: 0, skipping transaction 3dcw8g7XWn5dyK5X5yMTPcDRaG79hj141aEqirJsfiHRHRQ8bYVMJk257kYhYRcEerbapfjzeGg5grtqvAPFGEBt
quoteSymbol not support H2s5dPtCyNuuhsTtYJaskaJ8CtKfPnaRta6oDc98JZQR, skipping transaction 7KPpV2LdASiQ6rTFxFhDcjtp9FkGu9Chproke6ucqN7CxKEKovLUHRrpA6EMec4bBu5w73VUP62wSDNrWzvnCDJ
quoteSymbol not support H8LW3afnmHYhvhLydBPsFNfUF1JTPpNt6VoeYzutpump, skipping transaction 5e3XXc8h6Nb5h8y96e69fvjq3gyVH8vEUGgP8kga5S14CcUd4cZaPc4nv98nDiHXit86kqYTASJXEwbscWAxBMDX
Invalid tokenAmount: 0, skipping transaction 5cPsyUsraU5CceHwW5uEmKv6YZUMqaD2ws4zSpMnSWhZfxgK6KLR5qdDiHjJQVjypwaZT42LoimvwZUwnksewd4E
✅ 插入 6357 条记录到 solana_history_data_new
HIGH PERFORMANCE: parse 96 blocks, cost: 4101 ms
[Port 8022] server total use, cost: 4101 ms
100
parse block 292656232,cost:36 ms
parse block 292656231,cost:33 ms
parse block 292656230,cost:50 ms
parse block 292656229,cost:33 ms
parse block 292656228,cost:37 ms
parse block 292656227,cost:37 ms
parse block 292656226,cost:23 ms
parse block 292656225,cost:28 ms
parse block 292656224,cost:44 ms
parse block 292656223,cost:41 ms
parse block 292656222,cost:26 ms
parse block 292656221,cost:21 ms
parse block 292656220,cost:49 ms
parse block 292656219,cost:24 ms
parse block 292656218,cost:10 ms
parse block 292656217,cost:43 ms
parse block 292656216,cost:18 ms
parse block 292656215,cost:24 ms
parse block 292656214,cost:32 ms
parse block 292656213,cost:41 ms
parse block 292656212,cost:12 ms
parse block 292656211,cost:64 ms
parse block 292656210,cost:55 ms
parse block 292656209,cost:29 ms
parse block 292656208,cost:37 ms
parse block 292656207,cost:33 ms
parse block 292656206,cost:31 ms
parse block 292656205,cost:31 ms
parse block 292656204,cost:46 ms
parse block 292656203,cost:45 ms
parse block 292656202,cost:72 ms
parse block 292656201,cost:35 ms
quoteSymbol not support HiHi1Qm9g1Un46LYBiv2FxJgwSqhyogpfZrjRHRMcLDx, skipping transaction GDQi5sSwEALvugYbvBy58UhzpV9z9dZYQFAWrUCAbyESnLhvwh8hgVtHr82phC7FnLafQVdR55qdJ49KmunPN2Y
parse block 292656200,cost:24 ms
parse block 292656199,cost:47 ms
parse block 292656198,cost:31 ms
parse block 292656197,cost:14 ms
parse block 292656196,cost:29 ms
parse block 292656195,cost:28 ms
parse block 292656194,cost:27 ms
parse block 292656193,cost:32 ms
parse block 292656192,cost:65 ms
parse block 292656191,cost:44 ms
parse block 292656190,cost:21 ms
parse block 292656189,cost:27 ms
parse block 292656188,cost:27 ms
parse block 292656187,cost:21 ms
parse block 292656186,cost:40 ms
parse block 292656185,cost:23 ms
parse block 292656184,cost:53 ms
parse block 292656183,cost:21 ms
parse block 292656182,cost:28 ms
parse block 292656181,cost:29 ms
parse block 292656180,cost:49 ms
parse block 292656179,cost:48 ms
parse block 292656178,cost:30 ms
parse block 292656177,cost:23 ms
parse block 292656176,cost:36 ms
parse block 292656175,cost:25 ms
parse block 292656174,cost:56 ms
parse block 292656173,cost:27 ms
parse block 292656172,cost:37 ms
parse block 292656171,cost:28 ms
parse block 292656170,cost:37 ms
parse block 292656169,cost:10 ms
parse block 292656168,cost:35 ms
parse block 292656167,cost:71 ms
parse block 292656166,cost:35 ms
parse block 292656165,cost:36 ms
parse block 292656164,cost:30 ms
parse block 292656163,cost:28 ms
parse block 292656162,cost:32 ms
parse block 292656161,cost:15 ms
parse block 292656160,cost:45 ms
parse block 292656159,cost:31 ms
parse block 292656158,cost:29 ms
parse block 292656157,cost:74 ms
parse block 292656156,cost:35 ms
parse block 292656155,cost:25 ms
parse block 292656154,cost:54 ms
parse block 292656153,cost:17 ms
parse block 292656152,cost:23 ms
parse block 292656151,cost:40 ms
parse block 292656150,cost:53 ms
parse block 292656149,cost:31 ms
parse block 292656148,cost:20 ms
parse block 292656147,cost:72 ms
parse block 292656146,cost:28 ms
parse block 292656145,cost:9 ms
parse block 292656144,cost:38 ms
parse block 292656143,cost:14 ms
parse block 292656142,cost:27 ms
parse block 292656141,cost:20 ms
parse block 292656140,cost:34 ms
parse block 292656139,cost:37 ms
parse block 292656138,cost:33 ms
parse block 292656137,cost:20 ms
parse block 292656136,cost:33 ms
parse block 292656135,cost:52 ms
parse block 292656134,cost:87 ms
parse block 292656133,cost:43 ms
Invalid tokenAmount: 0, skipping transaction 5VDbfTvWHS2XtASj5MvUrMgSMPzxezdpsC9cez2U9WSLnBqd4AtEG6KvNX23U8dmYDZVJmtX4qd6nBZKRjJ6gjoe
quoteSymbol not support BiQASes3tDqxP7XqrmVF9BveXLiKgCRQgto1yYGKnGB6, skipping transaction 2g3nnrdxwKCxgQif5geWEiCECVzNqzkYvM6NkMVhMrEukLYt7mQ36zSGbcCC9jKkFrRCRN5Dt65atJTtBfbQqsL5
quoteSymbol not support AZsHEMXd36Bj1EMNXhowJajpUXzrKcK57wW4ZGXVa7yR, skipping transaction HrhNYw3dXvcU89YVRb7gWkjxh5z8CDikDTM1buWy7LudxX219BcfiCTZDXRd3Rtv1gPJGVSRZdEo2Z6sPeGsRnN
Invalid quoteAmount: 0, skipping transaction 5wh9sausWepcF4MUoTpijsaqyit8JM1U1eZwuFnxDMv3hsvHFASr9jAgECswrjAVVMT8J8N7GGzBetAVV2Uw26jk
quoteSymbol not support 71CEbvMd2CYGFpX2PBToUSXB2oR72e1hbopxaxPSXynt, skipping transaction 3kJJVxXsRBoEVpc16KCSnRYksyn9yzRpmqFDGehCso8hpfHgJvoAo6nWfQXbQbvejjJoehtbnb7MWjq94t9oMDm
quoteSymbol not support 7ootaAeTTNeqJAcCByMrVuw1tsi4KmD61bZtKhAvpump, skipping transaction 321uNV1cggTHp1VKwzNUvhSueviqAFULgwXCSVi4YXqXD1MoooraRBziyttAqKnjgb7uk1UnBKveje22K5PwzHHT
quoteSymbol not support 2aDSQrFfQRXXFHCK1sr6fnouc1Jb2D33nCjwvounF9pY, skipping transaction r3doLBacTBDqUehGksN5fSz1BwjegxMSEUUEAwceoKmghbGBCoEKwhYhpeYtNv99GC4Md4873Nz4yBNJgwCYPwg
quoteSymbol not support 3dQTr7ror2QPKQ3GbBCokJUmjErGg8kTJzdnYjNfvi3Z, skipping transaction 5V1vvrad9PS3UuD55C4cgGSimrrRvAyDwXTNDH8aEFJxsCyYER8BvaCqoLV3hJSixGJGcatYDkS1qwEZSBeGnkNa
quoteSymbol not support JCmiuEvazeTRhmL57NjjFedQYbQLYeRDDua9dSohpump, skipping transaction 2SPUwiTRQpbnjZU9EVTfG4x6w7dNkHdeN6v4Dz4G8iaZxiDSoM8srViq5ixPFcYhWsXpTBabnKFN1NiYvng5t88a
✅ 插入 7089 条记录到 solana_history_data_new
HIGH PERFORMANCE: parse 100 blocks, cost: 3912 ms
[Port 8022] server total use, cost: 3930 ms
95
parse block 292655532,cost:26 ms
parse block 292655531,cost:28 ms
parse block 292655530,cost:51 ms
parse block 292655529,cost:17 ms
parse block 292655528,cost:15 ms
parse block 292655527,cost:36 ms
parse block 292655526,cost:46 ms
parse block 292655525,cost:37 ms
parse block 292655524,cost:102 ms
parse block 292655523,cost:35 ms
parse block 292655522,cost:1 ms
parse block 292655521,cost:33 ms
parse block 292655520,cost:42 ms
parse block 292655519,cost:21 ms
parse block 292655518,cost:40 ms
parse block 292655517,cost:48 ms
parse block 292655516,cost:15 ms
parse block 292655515,cost:44 ms
parse block 292655514,cost:30 ms
parse block 292655513,cost:21 ms
parse block 292655512,cost:33 ms
parse block 292655511,cost:28 ms
parse block 292655510,cost:35 ms
parse block 292655509,cost:40 ms
parse block 292655508,cost:56 ms
parse block 292655507,cost:38 ms
parse block 292655506,cost:26 ms
parse block 292655505,cost:14 ms
parse block 292655504,cost:68 ms
parse block 292655503,cost:3 ms
parse block 292655502,cost:12 ms
parse block 292655501,cost:28 ms
parse block 292655500,cost:33 ms
parse block 292655499,cost:27 ms
parse block 292655498,cost:18 ms
parse block 292655497,cost:22 ms
parse block 292655496,cost:57 ms
parse block 292655495,cost:31 ms
parse block 292655494,cost:26 ms
parse block 292655493,cost:38 ms
parse block 292655492,cost:29 ms
parse block 292655491,cost:52 ms
parse block 292655490,cost:50 ms
parse block 292655489,cost:35 ms
parse block 292655488,cost:34 ms
parse block 292655487,cost:39 ms
parse block 292655486,cost:56 ms
parse block 292655485,cost:41 ms
parse block 292655484,cost:19 ms
parse block 292655483,cost:39 ms
parse block 292655482,cost:41 ms
parse block 292655481,cost:21 ms
parse block 292655480,cost:43 ms
parse block 292655479,cost:15 ms
parse block 292655478,cost:20 ms
parse block 292655477,cost:18 ms
parse block 292655476,cost:89 ms
parse block 292655475,cost:48 ms
parse block 292655474,cost:36 ms
parse block 292655473,cost:49 ms
parse block 292655472,cost:97 ms
parse block 292655471,cost:53 ms
parse block 292655470,cost:37 ms
parse block 292655468,cost:18 ms
parse block 292655467,cost:45 ms
parse block 292655466,cost:69 ms
parse block 292655465,cost:23 ms
parse block 292655464,cost:16 ms
parse block 292655463,cost:10 ms
parse block 292655462,cost:40 ms
parse block 292655461,cost:23 ms
parse block 292655460,cost:27 ms
parse block 292655459,cost:38 ms
parse block 292655458,cost:47 ms
parse block 292655457,cost:39 ms
parse block 292655456,cost:62 ms
parse block 292655455,cost:26 ms
parse block 292655454,cost:59 ms
parse block 292655453,cost:58 ms
parse block 292655452,cost:36 ms
parse block 292655451,cost:34 ms
parse block 292655450,cost:35 ms
parse block 292655449,cost:23 ms
parse block 292655448,cost:35 ms
parse block 292655443,cost:8 ms
parse block 292655442,cost:33 ms
parse block 292655441,cost:5 ms
parse block 292655440,cost:22 ms
parse block 292655439,cost:31 ms
parse block 292655438,cost:32 ms
parse block 292655437,cost:56 ms
parse block 292655436,cost:24 ms
parse block 292655435,cost:11 ms
parse block 292655434,cost:45 ms
parse block 292655433,cost:26 ms
quoteSymbol not support cS4VyngtsHzGsWy3nUQVGEUKKNYedmLcwgzNQ8Gpump, skipping transaction 3cyX8tM78dmgtvtXyRtbGfZZ5wm3cMucvxkDo5qZYpqnZS34oLnhNPfmKhfusQxqKCvETe9sKRdZDzsQou5hNMqL
Invalid quoteAmount: 0, skipping transaction 4zDNfyJstqyv7TgdU1crai6CYF2vUeAkNprxqbJfckFsrzjVFBcw2q9ePCRRo5acgTbdcS5wY1uJNm66ztyqEfeE
quoteSymbol not support kinXdEcpDQeHPEuQnqmUgtYykqKGVFq6CeVX5iAHJq6, skipping transaction dz31Rp8cBsEEYoC3sYUNBA3nQ3QJPuZUqXoq8L8BTmLNp9dFZGrpP1FxAYWi8EAwevtDH3qczsRpXBnrQX55zvh
quoteSymbol not support AZsHEMXd36Bj1EMNXhowJajpUXzrKcK57wW4ZGXVa7yR, skipping transaction 5gqAGte7Ja27GcSDeZhDTW85uDdztUXBDihEvQ4g3cPtmc2ucD1yCPrD6ViaSdCXR6J7PRhATDBVECXYGiFQQm6h
Invalid tokenAmount: 0, skipping transaction hnn8HnBC6jPfcUdn64hCtEN85RKF1jDyZ9iQMMcfVPYVkB3KzBogxDudKXrNjRdY1C48xzVY7edHAXnHP1J45Zs
Invalid quoteAmount: 0, skipping transaction 5YwJLPVimdKAvtTqgkZYy8AVaWAzCF5JWDRS3gRvD4EmC77U3AkVzGVntyFSSMgXmCTi9R4aErL2skaSrL6UD1h4
quoteSymbol not support 3icu5Dc1mYZDCHBwrQcXoLgsXttePoK3Zk6sbwy6pump, skipping transaction 4b6TqXaBaBryTCfbM6WDmkB1cSfKTuz6JfpMBbtxzK4J2jYRzKcC4WavrKXnpKey9YkkaRKFV9LqErCdMccBaNtV
quoteSymbol not support EsEEm2jxkL2oDnSFNdAt24aHjfpLT3F36E24HzRVmU1U, skipping transaction 3YQZVwCH7Ub3QrQptdNV7s8gcSsvitiSi8wsoJDiSEkcxSJ1njdt89zCCNxfoYgHXxd125xEdkzPzGD376AkbYHm
Invalid tokenAmount: 0, skipping transaction 2NjUSKkNPpyFmxaas6LSi4Hjz2f5dtQhZgds3Jd1KJ8dobv48A5nephyv13M7qy98H2WTNBg2tChANN7C2zWgSw6
quoteSymbol not support BiQASes3tDqxP7XqrmVF9BveXLiKgCRQgto1yYGKnGB6, skipping transaction 4zUUQbEamqZRpyJKy5icFi26BPb7JBu2M1c2mumfgsCKWS9ApkpEZCmXSuCg1BnzL7JMgdizgTLJuwCYEfyUuTGb
Invalid quoteAmount: 0, skipping transaction 2ADbPPes7SGF9BiKX4r48ZDcAVxsmYQaT49rh1pS19oknVYUjJaJbyjJQxYiqZJfbhmrbgKApQZsYaFFpHTqbsXk
quoteSymbol not support AF9SsNF5oxvpfH9YWUf3Cw35p8rjJ7f7Dqs4pYeKpump, skipping transaction 5jcqU5KnDVUiBYnLsSj6DuHdQ7YmhGKSmXfohyqLRPRChBn779dF5Na2rZQV7LfUD1mpTmUCQd6bXuqSCQYYbkmk
Invalid tokenAmount: 0, skipping transaction 5KRzzsNRJxPVuGtvoBN4WnwME9RDANjXt6ufbLbkzfMbZGr5edQMBg19ZMSUdat7N1mK9D349XocS6xdy3C9f21T
Invalid quoteAmount: 0, skipping transaction 5Lz9g9cwsXJqbavxPqbiktEog5B2kQbX3cB9VwxkxFMz56Z1G59y8dLHZyjbLoKFXwuMsqLjPNU3XUUdkFnUHBi9
Invalid tokenAmount: 0, skipping transaction 4oHT46Yu2AiSqGKFMMm6fVjnp1FTnC8QhfdLsgNZ98yro8fffhdoS5Dnp9DhLZjriUdpVWWxHuEi2EmjJT6W1G9m
Invalid quoteAmount: 0, skipping transaction 2Y7rMTyh4uzi5WfJxY3JmFouDjNT9K2WBgCh64cZPrVzbS8ZLU6wqBDGfnpCt5AB1RB5MdDCngKp76Q5tTeyNDwn
quoteSymbol not support BiQASes3tDqxP7XqrmVF9BveXLiKgCRQgto1yYGKnGB6, skipping transaction 4Ki3tbsgTc8CysA9hrah4hjiwZ7iztsoZPwPpvpf4z6Q8g6tAcYqFNi4TYMM68AWByXhtcUhnnYMUWSyiKeoZP57
✅ 插入 5367 条记录到 solana_history_data_new
HIGH PERFORMANCE: parse 95 blocks, cost: 3684 ms
[Port 8022] server total use, cost: 3684 ms
95
parse block 292650332,cost:55 ms
parse block 292650331,cost:22 ms
parse block 292650330,cost:26 ms
parse block 292650329,cost:74 ms
parse block 292650328,cost:24 ms
parse block 292650327,cost:28 ms
parse block 292650326,cost:10 ms
parse block 292650325,cost:48 ms
parse block 292650324,cost:21 ms
parse block 292650323,cost:38 ms
parse block 292650322,cost:33 ms
parse block 292650321,cost:16 ms
parse block 292650320,cost:48 ms
parse block 292650319,cost:27 ms
parse block 292650318,cost:64 ms
parse block 292650317,cost:14 ms
parse block 292650316,cost:58 ms
parse block 292650315,cost:42 ms
parse block 292650314,cost:29 ms
parse block 292650313,cost:50 ms
parse block 292650312,cost:31 ms
parse block 292650311,cost:26 ms
parse block 292650310,cost:47 ms
parse block 292650309,cost:59 ms
parse block 292650308,cost:5 ms
parse block 292650307,cost:17 ms
parse block 292650306,cost:41 ms
parse block 292650305,cost:22 ms
parse block 292650304,cost:50 ms
parse block 292650303,cost:23 ms
parse block 292650302,cost:20 ms
parse block 292650301,cost:43 ms
parse block 292650300,cost:30 ms
parse block 292650299,cost:29 ms
parse block 292650298,cost:28 ms
parse block 292650297,cost:74 ms
parse block 292650296,cost:57 ms
parse block 292650295,cost:15 ms
parse block 292650294,cost:20 ms
parse block 292650293,cost:18 ms
parse block 292650292,cost:34 ms
parse block 292650291,cost:49 ms
parse block 292650290,cost:38 ms
parse block 292650289,cost:39 ms
parse block 292650288,cost:16 ms
parse block 292650287,cost:44 ms
parse block 292650286,cost:15 ms
parse block 292650285,cost:36 ms
parse block 292650284,cost:36 ms
parse block 292650283,cost:25 ms
parse block 292650282,cost:23 ms
parse block 292650281,cost:16 ms
parse block 292650279,cost:49 ms
parse block 292650278,cost:20 ms
parse block 292650277,cost:43 ms
parse block 292650276,cost:117 ms
parse block 292650271,cost:29 ms
parse block 292650270,cost:24 ms
parse block 292650269,cost:68 ms
parse block 292650268,cost:105 ms
parse block 292650267,cost:20 ms
parse block 292650266,cost:9 ms
parse block 292650265,cost:11 ms
parse block 292650264,cost:22 ms
parse block 292650263,cost:5 ms
parse block 292650262,cost:11 ms
parse block 292650261,cost:9 ms
parse block 292650260,cost:12 ms
parse block 292650259,cost:35 ms
parse block 292650258,cost:30 ms
parse block 292650257,cost:29 ms
parse block 292650256,cost:13 ms
parse block 292650255,cost:37 ms
parse block 292650254,cost:50 ms
parse block 292650253,cost:33 ms
parse block 292650252,cost:25 ms
parse block 292650251,cost:45 ms
parse block 292650250,cost:29 ms
parse block 292650249,cost:19 ms
parse block 292650248,cost:22 ms
parse block 292650247,cost:38 ms
parse block 292650246,cost:22 ms
parse block 292650245,cost:22 ms
parse block 292650244,cost:14 ms
parse block 292650243,cost:26 ms
parse block 292650242,cost:35 ms
parse block 292650241,cost:23 ms
parse block 292650240,cost:20 ms
parse block 292650239,cost:47 ms
parse block 292650238,cost:32 ms
parse block 292650237,cost:32 ms
parse block 292650236,cost:30 ms
parse block 292650235,cost:23 ms
parse block 292650234,cost:24 ms
parse block 292650233,cost:9 ms
quoteSymbol not support 4kp3tFvBD3X1QeG9PkcJmJL6QaoxTTMUvbSDJhJqpump, skipping transaction 65LsHGwVrTqcD9jLMZmRjaZNcWcXQALaP1FKhGWVXN1uEa5tXsJ5NGKRPYxPU38N15HE4Ehfn3X5T69pCJUo7AQU
quoteSymbol not support BiQASes3tDqxP7XqrmVF9BveXLiKgCRQgto1yYGKnGB6, skipping transaction 4ckKSK5Pzby6eUuRbx3C1sFrM25Dy37wL4q6VXnJRDVz68yZoGsTFQL4bDTKy9GzN2HQgim9RQSW4NKb1thW3QNf
quoteSymbol not support 138RzLZngh2tS7YFbj1WKkMBqboECz8DqeVjAmtYpump, skipping transaction 2pkjrnw3nXyLD1DKD3fQB9FZAEyFjZ9wGp8uRzdcMV7w4b4vSrvKThE33S8oqmpinPpS4BD39H4kA3XnZW669poE
Invalid quoteAddress: undefined, skipping transaction 4jLidervC9amUkSFxrNPXLYS4yTGNG2RsJaDZqk1X8TZRSJXCHwJsVvt8tjWkGigX2TgGeVVwnuwaZUM2wd9mnNJ
quoteSymbol not support kinXdEcpDQeHPEuQnqmUgtYykqKGVFq6CeVX5iAHJq6, skipping transaction EFrZod8Zh1xmgp5T51H7L7verAT5h9bAwdYaZENAo5PEYMfsVpcknPC9ZGpnKm9dJotmyE9Fth6SMCTmVoHdQBm
quoteSymbol not support BaoawH9p2J8yUK9r5YXQs3hQwmUJgscACjmTkh8rMwYL, skipping transaction 2HBBx7UWqYnHsur41gvYCXdJrSWDGWBVPxSQvyCphgHFS6Gtv9XtyZJeoDMcgbeJ2RPTMQt3F8wJJKxnVYjZtidi
quoteSymbol not support 28tVhteKZkzzWjrdHGXzxfm4SQkhrDrjLur9TYCDVULE, skipping transaction 4m3xrzv726hN92ukosdig714Do7DHiLnrVCjypUFNFuNJx5sdsXCHnSYmBvjY2cZ4creDVei8Zk5X9xaFjgeGtZS
quoteSymbol not support AtakVE4hj5KgbS58YzmCYrUwRqMNCnwaamUckk2Zpump, skipping transaction 58wtbwqj2VGWiTQR5rKDmfw9qHkQYeKL6kvQy3NPiQ68cNsPwRXVrVA6aubRe2GqUoEgyX6eLx8yZiyaGBpjgnCW
Invalid quoteAddress: undefined, skipping transaction 2HDrmNGqgHTPkqhLEuTtSLhmbYBsQHAz3AnRyCCGJMV4TNTqjdqZBL416fuDa3PircqtewyVA9pk68Yk8o8vWsWo
Invalid tokenAmount: 0, skipping transaction TB8FAjLJE77Jvy95mgepqQy8eGqyioRB4TCZnGe9ng5qfGCJ8RDPNVyAsAneHMTZspBr5rd3KgzSriqk7xULbdG
quoteSymbol not support FzQectckWX1XLxUHNh9PfepacRG1sz8PQh4tBY5xpump, skipping transaction KDhvGh8uaDkYi4755kdvKqHoVWoQvJVGfxqAd139PUaHmMgHm6A58eByEVo8w93ykqHp2dbVt7C9Ksvwzo5VGhy
✅ 插入 4188 条记录到 solana_history_data_new
HIGH PERFORMANCE: parse 95 blocks, cost: 3414 ms
[Port 8022] server total use, cost: 3425 ms
100
parse block 292649432,cost:32 ms
parse block 292649431,cost:11 ms
parse block 292649430,cost:27 ms
parse block 292649429,cost:49 ms
parse block 292649428,cost:60 ms
parse block 292649427,cost:12 ms
parse block 292649426,cost:6 ms
parse block 292649425,cost:10 ms
parse block 292649424,cost:19 ms
parse block 292649423,cost:35 ms
parse block 292649422,cost:26 ms
parse block 292649421,cost:57 ms
parse block 292649420,cost:30 ms
parse block 292649419,cost:26 ms
parse block 292649418,cost:29 ms
parse block 292649417,cost:21 ms
parse block 292649416,cost:36 ms
parse block 292649415,cost:57 ms
parse block 292649414,cost:70 ms
parse block 292649413,cost:17 ms
parse block 292649412,cost:38 ms
parse block 292649411,cost:34 ms
parse block 292649410,cost:1 ms
parse block 292649409,cost:23 ms
parse block 292649408,cost:39 ms
parse block 292649407,cost:77 ms
parse block 292649406,cost:2 ms
parse block 292649405,cost:10 ms
parse block 292649404,cost:8 ms
parse block 292649403,cost:55 ms
parse block 292649402,cost:23 ms
parse block 292649401,cost:19 ms
parse block 292649400,cost:33 ms
parse block 292649399,cost:2 ms
parse block 292649398,cost:28 ms
parse block 292649397,cost:26 ms
parse block 292649396,cost:23 ms
parse block 292649395,cost:23 ms
parse block 292649394,cost:23 ms
parse block 292649393,cost:43 ms
parse block 292649392,cost:49 ms
parse block 292649391,cost:9 ms
parse block 292649390,cost:44 ms
parse block 292649389,cost:24 ms
parse block 292649388,cost:11 ms
parse block 292649387,cost:40 ms
parse block 292649386,cost:20 ms
parse block 292649385,cost:44 ms
parse block 292649384,cost:29 ms
parse block 292649383,cost:28 ms
parse block 292649382,cost:45 ms
parse block 292649381,cost:18 ms
parse block 292649380,cost:52 ms
parse block 292649379,cost:10 ms
parse block 292649378,cost:10 ms
parse block 292649377,cost:9 ms
parse block 292649376,cost:11 ms
parse block 292649375,cost:33 ms
parse block 292649374,cost:34 ms
parse block 292649373,cost:6 ms
parse block 292649372,cost:18 ms
parse block 292649371,cost:33 ms
parse block 292649370,cost:20 ms
parse block 292649369,cost:43 ms
parse block 292649368,cost:52 ms
parse block 292649367,cost:21 ms
parse block 292649366,cost:13 ms
parse block 292649365,cost:16 ms
parse block 292649364,cost:45 ms
parse block 292649363,cost:38 ms
parse block 292649362,cost:23 ms
parse block 292649361,cost:11 ms
parse block 292649360,cost:33 ms
parse block 292649359,cost:43 ms
parse block 292649358,cost:22 ms
parse block 292649357,cost:15 ms
parse block 292649356,cost:56 ms
parse block 292649355,cost:15 ms
parse block 292649354,cost:17 ms
parse block 292649353,cost:37 ms
parse block 292649352,cost:41 ms
parse block 292649351,cost:48 ms
parse block 292649350,cost:33 ms
parse block 292649349,cost:24 ms
parse block 292649348,cost:17 ms
parse block 292649347,cost:33 ms
parse block 292649346,cost:38 ms
parse block 292649345,cost:49 ms
parse block 292649344,cost:26 ms
parse block 292649343,cost:59 ms
parse block 292649342,cost:36 ms
parse block 292649341,cost:31 ms
parse block 292649340,cost:60 ms
parse block 292649339,cost:24 ms
parse block 292649338,cost:22 ms
parse block 292649337,cost:31 ms
parse block 292649336,cost:38 ms
parse block 292649335,cost:38 ms
parse block 292649334,cost:26 ms
parse block 292649333,cost:20 ms
quoteSymbol not support J1toso1uCk3RLmjorhTtrVwY9HJ7X8V9yYac6Y7kGCPn, skipping transaction 2ewtMUhQS43PhYcznagdebitjqyHMnqM16zj2ArLZn7oD2ZtoLgdG6kwKFSgQBTA3taHyjKVMom7W2FHnsQYWLiz
Invalid tokenAmount: 0, skipping transaction 5SC8kkMuawFsiCbfdt2L4SrqdVJzcaUCyzKMV3YUJH9wmb5jqXEpvrUdBnZYpHRjNxzYXWCVhofjagg84tiUv7BP
quoteSymbol not support J1toso1uCk3RLmjorhTtrVwY9HJ7X8V9yYac6Y7kGCPn, skipping transaction mRtcytPKdEmKFb6CT9aiq88fRqgs9tdeJbxGFT4LyHWb614LXUSBd65rbPJ6NzFVDgiqGydhrsJEDVzfBw8cusv
quoteSymbol not support J1toso1uCk3RLmjorhTtrVwY9HJ7X8V9yYac6Y7kGCPn, skipping transaction 5HSuaXxd9faDnEmAVQfWAYbSk3HGJ1AFV4hWxy1V9xhQV1oLAjNiAoH9Tjv5MRtLTSEfRE53bMVkLF1zFhgwMHDo
quoteSymbol not support J1toso1uCk3RLmjorhTtrVwY9HJ7X8V9yYac6Y7kGCPn, skipping transaction 4yttozpFma9MXBzS3WQpavwWgxpo3DcDjaHYAFfjKvi4PdRgJhowtUjLE8bzRfF21ThEVJKSMZefmNh1NTQMQyTK
Invalid quoteAmount: 0, skipping transaction 2z7FLp1bxsiHA8Pm8evJL8LSeX8sZ6RxmJjn1aR6ahtWJ6nYcUFrUiXQG7g14sekB8iDMRervNaVaq3nAaBVQWjR
quoteSymbol not support H8LW3afnmHYhvhLydBPsFNfUF1JTPpNt6VoeYzutpump, skipping transaction 4WfHyWBgWuQfR3hNeengb33QsUP8SE8NZuX2RCuKZ5pv7U4j6NpnVwo8jVu9c8YmEMcNaR9BAvLnBRkSqj2142ZG
quoteSymbol not support 6KEcQoibtTvJfbJDDKydwPsYCHUyJhCAz7vupzdZt3Xp, skipping transaction 3SsD3kE2t1k7ifPCqftpYFq9GjD4yRAbH9brxhaz5UM5ayGWnEcSKz7PVv4FsKcWhzU86Ze17e4jUtoFFEhFjYqc
quoteSymbol not support H8LW3afnmHYhvhLydBPsFNfUF1JTPpNt6VoeYzutpump, skipping transaction 5GZnxoWqfHqNUmYzz6nwGfyUiXde4Yyrc4D2gxaMBKmGb8YgeopT7X6oRNSGv39tgMpwWjt5brarnjyBMhg2hq87
Invalid tokenAmount: 0, skipping transaction ubpHcR1k3h93GnuKhmefusrS8mKS8NmHYQ6JhNbvPLskXPiuVmSvUxSAt3uKDybExBomWhkGpbJXSf38HrfPpsb
quoteSymbol not support F3vzuq4vZNGyzdaNeyKScUg7eN9Tf74gPkSjcsskpump, skipping transaction 4329tZScMfWeBL25kxhdtsVd7H6BRPa52K3HEacDw1bTDdU5nYbd4aqHJ4ZZNgkdBSDbgxKFR5rVz2NXvNM24E2x
quoteSymbol not support 8VNbQYDvJS5p1A6cA79gsAXDxif84wR1QpQuD13WD5wQ, skipping transaction 4iqLCdcmUwkGWvyXeNs9a6GeMRYVbcVtry3kVsMfsioVYHRRPrCsmpzxC2tqRim4qNRDezLXTYMzkj5g2v8BAjNv
Invalid tokenAmount: 0, skipping transaction 2nyJMr6xnkwdsuUtKsSawogTtBS37cKpeeG7Ad5w3sj9sZBAC98KzPEdqBi4p4EHA5HU3buKdxGjqy5Ai9JHsoGw
quoteSymbol not support ED5nyyWEzpPPiWimP8vYm7sD7TD3LAt3Q3gRTWHzPJBY, skipping transaction 5bewv5kVZ5JERqC5xpVMLppvhaxqJVxEcaK7TZU4zKE9tnuQZXrcqB3xcTN73XAyQphVpSFrfhGXFz1rPs7M2R9n
quoteSymbol not support 9rTr8mfDvksV7V3nVpKNrtsDhVSZ8GfS75LGGPExyCey, skipping transaction 66DbSdtySBXh5D4wJC8ovxJ4DBaXwU5cJrA1MD6NecrRfThhSvpABZQFwZYeqfVAiAvJDozygHfhZacDcEW1rDkP
Invalid tokenAmount: 0, skipping transaction WkEnkV2C9fx2npxHmZDTkx68itujrrU4bVizHXVg9iQKSvvREg2pxgqZhkLKxBBy7mSLh3sTEcjEHE2rxbYcRN1
Invalid tokenAmount: 0, skipping transaction 55MKy7psbGrn6ZFurXcvMwAbDaqwYWsJ8ZJ7CFwuiDwQdxUzhMk7xHfVGBWNJtioHgzF3hpP3Px3Jy74xaPzpoU3
Invalid tokenAmount: 0, skipping transaction svZPoysp3S8mtL7PrvHHLPcTyRrakTqmn9HvBV7uJxSoUVoHTnYsqxSqvz5Mr1JZetUDmghW9CbA8B5VK3Ys3nB
✅ 插入 5210 条记录到 solana_history_data_new
HIGH PERFORMANCE: parse 100 blocks, cost: 3333 ms
[Port 8022] server total use, cost: 3333 ms
100
parse block 324447433,cost:20 ms
parse block 324447432,cost:16 ms
parse block 324447431,cost:30 ms
parse block 324447430,cost:19 ms
parse block 324447429,cost:36 ms
parse block 324447428,cost:39 ms
parse block 324447427,cost:44 ms
parse block 324447426,cost:34 ms
parse block 324447425,cost:20 ms
parse block 324447424,cost:20 ms
parse block 324447423,cost:25 ms
parse block 324447422,cost:11 ms
parse block 324447421,cost:23 ms
parse block 324447420,cost:33 ms
parse block 324447419,cost:19 ms
parse block 324447418,cost:20 ms
parse block 324447417,cost:20 ms
parse block 324447416,cost:35 ms
parse block 324447415,cost:32 ms
parse block 324447414,cost:25 ms
parse block 324447413,cost:32 ms
parse block 324447412,cost:36 ms
parse block 324447411,cost:11 ms
parse block 324447410,cost:19 ms
parse block 324447409,cost:12 ms
parse block 324447408,cost:20 ms
parse block 324447407,cost:26 ms
parse block 324447406,cost:59 ms
parse block 324447405,cost:27 ms
parse block 324447404,cost:22 ms
parse block 324447403,cost:30 ms
parse block 324447402,cost:19 ms
parse block 324447401,cost:19 ms
parse block 324447400,cost:29 ms
parse block 324447399,cost:12 ms
parse block 324447398,cost:17 ms
parse block 324447397,cost:40 ms
parse block 324447396,cost:30 ms
parse block 324447395,cost:37 ms
parse block 324447394,cost:15 ms
parse block 324447393,cost:28 ms
parse block 324447392,cost:15 ms
parse block 324447391,cost:23 ms
parse block 324447390,cost:34 ms
parse block 324447389,cost:20 ms
parse block 324447388,cost:23 ms
parse block 324447387,cost:16 ms
parse block 324447386,cost:54 ms
parse block 324447385,cost:33 ms
parse block 324447384,cost:18 ms
parse block 324447383,cost:17 ms
parse block 324447382,cost:14 ms
parse block 324447381,cost:34 ms
parse block 324447380,cost:19 ms
parse block 324447379,cost:15 ms
parse block 324447378,cost:22 ms
parse block 324447377,cost:48 ms
parse block 324447376,cost:51 ms
parse block 324447375,cost:30 ms
parse block 324447374,cost:34 ms
parse block 324447373,cost:37 ms
parse block 324447372,cost:24 ms
parse block 324447371,cost:13 ms
parse block 324447370,cost:9 ms
parse block 324447369,cost:17 ms
parse block 324447368,cost:43 ms
parse block 324447367,cost:24 ms
parse block 324447366,cost:22 ms
parse block 324447365,cost:28 ms
parse block 324447364,cost:22 ms
parse block 324447363,cost:25 ms
parse block 324447362,cost:25 ms
parse block 324447361,cost:17 ms
parse block 324447360,cost:25 ms
parse block 324447359,cost:37 ms
parse block 324447358,cost:38 ms
parse block 324447357,cost:11 ms
parse block 324447356,cost:23 ms
parse block 324447355,cost:19 ms
parse block 324447354,cost:23 ms
parse block 324447353,cost:26 ms
parse block 324447352,cost:28 ms
parse block 324447351,cost:14 ms
parse block 324447350,cost:32 ms
parse block 324447349,cost:60 ms
parse block 324447348,cost:36 ms
parse block 324447347,cost:8 ms
parse block 324447346,cost:23 ms
parse block 324447345,cost:13 ms
parse block 324447344,cost:20 ms
parse block 324447343,cost:18 ms
parse block 324447342,cost:11 ms
parse block 324447341,cost:18 ms
parse block 324447340,cost:26 ms
parse block 324447339,cost:30 ms
parse block 324447338,cost:37 ms
parse block 324447337,cost:27 ms
parse block 324447336,cost:26 ms
parse block 324447335,cost:12 ms
parse block 324447334,cost:27 ms
Invalid quoteAddress: undefined, skipping transaction LidTXvvBz6SrgtXH5Pwqh16Jxh6KcCnaFZNieHTkeqaQArMBjVL45SJY7k2Po2vmnC7f7EsHo7nqtjjkarCT3tP
Invalid tokenAmount: 0, skipping transaction 3UoQ7n63mewPgu4veFHusBVQz2YVk3AhvDH2mrtQPEBB6Wu6PjUyjp5oQvYPVfYC59cExo9xakivLjeekcSgyMr9
Invalid tokenAmount: 0, skipping transaction oLa6f7ggMcCWne2MtKfsSyZsgQHGMAM8UcfRLVxgD4kPBybRGd5F1ZvmJsHaQCcBSa8vpR2eBBJPRYTtKEzwACe
quoteSymbol not support 7gjWKuKQ7cK9Xdd8fQzj954h43roTRfNxcSVFyCkTBxe, skipping transaction 1n8Em1i6RLi7pfudVCfHrGG5Bnpsmb3JNomEVL6YTim7jbiboLphvhZgn9uGRuK6qggQf2B9jZMpdUVQCE1uLXB
quoteSymbol not support 6pKHwNCpzgZuC9o5FzvCZkYSUGfQddhUYtMyDbEVpump, skipping transaction 62dcf8LobevjzTs86CgjkFLAQLCW8h7aM7MG9bcvDVjrkDS3Lef5MSLN8sRFnvKUfeyRR2EC5VtPrQvYt5RGkbzo
Invalid tokenAmount: 0, skipping transaction 4MuqgApzcMVyF6EaTPYFsKrpsYu3iM6jZTLzm7ZN29ur8xocNf9f8ZDdpzbNp7xLfPxQpW1yG9wXajq6vXkK64bR
quoteSymbol not support 3S8qX1MsMqRbiwKg2cQyx7nis1oHMgaCuc9c4VfvVdPN, skipping transaction 3G1nKk8TM5jsxhpLryyzSegPf3hYptAd1PyKkHXaohyQEDmcAEZdePaqYn6VNCWMEhV7YoEbC6sbkX98u6JyKPfV
Invalid tokenAmount: 0, skipping transaction 2t8MhzL7rxzb9PQzmnCK4KwSFn8YVdRPxViFe6w5VMHKAjGvuPNdU5xHCsNotHpmL9Pz6w9dJEP4LJJPG3kMmSoW
Invalid tokenAmount: 0, skipping transaction benWkoRasbQuwG7hERLBR2fQvLJgj5hw5Jju2ZtKQ2XwipKzENu5Mqfv8bZ9qtkgGwewS5L4P25HTzCx6QffK5f
Invalid tokenAmount: 0, skipping transaction hxQBP4YtfAp8hms5R3JtjiaVbSRCj3ydUandgXTkVDJnDmfQKMcLfi7oNtUzL5Tb971Qnjuyg6NfauHag4LeBjB
quoteSymbol not support 3fUMR3d4VdubjHQ3bvW295Lqqb3EgnTu676EDYJZpump, skipping transaction 3XtXbt6dRVJj79K43vkJsAcaZxoCt11c7VPbMaiBdUZ91HXzPQaem93Qfrr3hsHHM4DpjiAxNnMLY5C1aEqj1HsE
quoteSymbol not support BhwwEnvzsEdncGWdDZv2airsw1HZVbRBBGfYhgZfpump, skipping transaction 4no4SwKLEfv8gnanvXaWsCsAHRK9Vv3G8bAQE9T7zAZ88wqwRoyqgSdgFnmewr3Vn8tTHknwdRp21mLxW61mf3dp
quoteSymbol not support 2Yufe8mbyi75Zrye56KYz7CVKoX7oCtDZRksd8tQpump, skipping transaction 4Rau8AVUPjxcijgctmhXzKjvNDXTRdv6ovp4P7XTcPz5bPWfPtp64RW1jttcAn4CfgptEf59mqBDRpJFx8G4j1Cp
Invalid tokenAmount: 0, skipping transaction 26mgdXiEDovT4RxTYNgMVP3ohL4zPZ5MHyBddmxwgEfLgDFDn15Dekwyv9ET8ZxHTxQ9XpWBiZBxZCBaKgTo9V5J
quoteSymbol not support CniPCE4b3s8gSUPhUiyMjXnytrEqUrMfSsnbBjLCpump, skipping transaction 5Cw6ntBEnooP2eXj1PKTZqXUEbe8aYRYHAcT5PA6bqKRpGWeu5AvpsZjwDU25Lkqx7Gkuswx1kky49znFHCPMbgC
✅ 插入 8075 条记录到 solana_history_data_new
HIGH PERFORMANCE: parse 100 blocks, cost: 2987 ms
[Port 8022] server total use, cost: 2987 ms
100
parse block 324445833,cost:33 ms
parse block 324445832,cost:32 ms
parse block 324445831,cost:19 ms
parse block 324445830,cost:25 ms
parse block 324445829,cost:23 ms
parse block 324445828,cost:32 ms
parse block 324445827,cost:14 ms
parse block 324445826,cost:35 ms
parse block 324445825,cost:29 ms
parse block 324445824,cost:49 ms
parse block 324445823,cost:25 ms
parse block 324445822,cost:18 ms
parse block 324445821,cost:39 ms
parse block 324445820,cost:28 ms
parse block 324445819,cost:38 ms
parse block 324445818,cost:17 ms
parse block 324445817,cost:27 ms
parse block 324445816,cost:60 ms
parse block 324445815,cost:30 ms
parse block 324445814,cost:18 ms
parse block 324445813,cost:49 ms
parse block 324445812,cost:27 ms
parse block 324445811,cost:5 ms
parse block 324445810,cost:15 ms
parse block 324445809,cost:17 ms
parse block 324445808,cost:11 ms
parse block 324445807,cost:55 ms
parse block 324445806,cost:27 ms
parse block 324445805,cost:38 ms
parse block 324445804,cost:11 ms
parse block 324445803,cost:23 ms
parse block 324445802,cost:24 ms
parse block 324445801,cost:27 ms
parse block 324445800,cost:17 ms
parse block 324445799,cost:27 ms
parse block 324445798,cost:19 ms
parse block 324445797,cost:40 ms
parse block 324445796,cost:27 ms
parse block 324445795,cost:13 ms
parse block 324445794,cost:36 ms
parse block 324445793,cost:28 ms
parse block 324445792,cost:31 ms
parse block 324445791,cost:19 ms
parse block 324445790,cost:32 ms
parse block 324445789,cost:50 ms
parse block 324445788,cost:42 ms
parse block 324445787,cost:32 ms
parse block 324445786,cost:4 ms
parse block 324445785,cost:53 ms
parse block 324445784,cost:24 ms
parse block 324445783,cost:11 ms
parse block 324445782,cost:8 ms
parse block 324445781,cost:6 ms
parse block 324445780,cost:30 ms
parse block 324445779,cost:40 ms
parse block 324445778,cost:21 ms
parse block 324445777,cost:19 ms
parse block 324445776,cost:26 ms
parse block 324445775,cost:24 ms
parse block 324445774,cost:19 ms
parse block 324445773,cost:16 ms
parse block 324445772,cost:28 ms
parse block 324445771,cost:14 ms
parse block 324445770,cost:31 ms
parse block 324445769,cost:29 ms
parse block 324445768,cost:39 ms
parse block 324445767,cost:24 ms
parse block 324445766,cost:12 ms
parse block 324445765,cost:16 ms
parse block 324445764,cost:42 ms
parse block 324445763,cost:23 ms
parse block 324445762,cost:22 ms
parse block 324445761,cost:32 ms
parse block 324445760,cost:33 ms
parse block 324445759,cost:19 ms
parse block 324445758,cost:23 ms
parse block 324445757,cost:20 ms
parse block 324445756,cost:34 ms
parse block 324445755,cost:15 ms
parse block 324445754,cost:33 ms
parse block 324445753,cost:16 ms
parse block 324445752,cost:44 ms
parse block 324445751,cost:32 ms
parse block 324445750,cost:27 ms
parse block 324445749,cost:41 ms
parse block 324445748,cost:40 ms
parse block 324445747,cost:16 ms
parse block 324445746,cost:9 ms
parse block 324445745,cost:10 ms
parse block 324445744,cost:19 ms
parse block 324445743,cost:27 ms
parse block 324445742,cost:41 ms
parse block 324445741,cost:28 ms
parse block 324445740,cost:21 ms
parse block 324445739,cost:27 ms
parse block 324445738,cost:23 ms
parse block 324445737,cost:19 ms
parse block 324445736,cost:12 ms
parse block 324445735,cost:22 ms
parse block 324445734,cost:29 ms
Invalid tokenAmount: 0, skipping transaction 2XpitVodS34PEJvvxSpceVMAohbpr2gJapVCJTBpXe4TscdxUnD74Bd1FjV7vWVn3juunNKMHGUL9spU2ZGrnept
Invalid quoteAddress: undefined, skipping transaction 545BT3ZrknDiv386pJ2bJUPEzjkTvBm2fLjNs8KAtoWbyY7AweeaFvpMqZ5ufi6yBkSHz6RnYb2ervNoEKGNR9Vb
quoteSymbol not support 7f2uiwyLBnzwsxEGi8rb44pA9C43YUFxMsZwKtZKg1WC, skipping transaction 63DuVGduUCtKzMi1GDg7pCNtkjqpJvwYcQbxjueW2Yeff55qU5bMGQ3mCXxAMmT7ghhhH3LKW3pCEKBMjgKT6qDf
quoteSymbol not support BABrNVTWCpsxR6L9bkwskefHrXo4Smu4Yv3qH6atpump, skipping transaction 2PcPXJDYsVW3hCrNgvjCebUPxhM255DioUPy3Xcn4oq5Cq1zWonPCV5Yzx6FyugZ5KMPX8gvXxZJ64xWdu9fgkaJ
quoteSymbol not support BABrNVTWCpsxR6L9bkwskefHrXo4Smu4Yv3qH6atpump, skipping transaction 3NPzaAbmTnVimqNNfyHxVj5bKF62AGfYpmPkMpGqFmtgHyJbAYa9LyLAM3AoYpqywvjAji3L1pk6nvNJoez5JkF5
Invalid quoteAddress: undefined, skipping transaction 3T9AZ1jr6jY4CuwuvuHQi4LnkG4K22bthNRmwsborWaNTWjACnRuXTKqrXsD35GTcvq24kHwJZ6TPbMUmqABkAfh
Invalid tokenAmount: 0, skipping transaction 3XEat2pNPorVUaAwXY7tGYQBYj1CPXbx6HQ8oGYqB2wBkSJp2WSGvakWzaL66hEWCVX8oWfpBPGxWKXmyD2KY1sb
quoteSymbol not support GAMwtMB6onAvBNBQJCJFuxoaqfPH8uCQ2dewNMVVpump, skipping transaction 9HDTRRNeFCVExAcEqgcgKyB9KrtSJ9hDojUS4HFX9U3gTMLq58NhYvSzLsq6rNur3BhuBESR8veEbPMNoUrKL3e
quoteSymbol not support BABrNVTWCpsxR6L9bkwskefHrXo4Smu4Yv3qH6atpump, skipping transaction 66gb4J46bqDQymSeZyWa3Nv74g8WtsY71f4zpzRnx1i9L4Py5WZ6Q7tKM9eEsaeaqPNDwbKEtonjEPr9XdqoRsQj
quoteSymbol not support 777Ja2QwwpyD1MZ2e2S4FswdKnjqSuicvDCmktHCbCVi, skipping transaction 47ZZtm6xmLZJgfWvMzg9Sd8xW9rpr432k9QxfSdjVbFGZTinpaRzJTHnEKLK6qVrmmAQqdkDF5bxpWy3ig2PqvDX
quoteSymbol not support A8C3xuqscfmyLrte3VmTqrAq8kgMASius9AFNANwpump, skipping transaction 2HgtVe1sWeky8bVhnyWpwe8G4b39xbWSQS252uKsMEWVg9RpPbVmu48FPsHAKW479aX2Qddmvvm7ZYWYSV1FACMk
Invalid tokenAmount: 0, skipping transaction 4x6mEd25XqCSofRJDPYtVcEDmNRBD8AccE7JGmGnB5XSsC6cZ4erdJyYNTU1ApobunA12yv2XvxjwTuysjrVNEgv
Invalid quoteAddress: undefined, skipping transaction 4DFu8t9tDVPX6hiD1FUWMGCUTkSjkMw5cZndeSJxVPTQ8UT2GfKHn9QCsar1BRFupMHDxSjoeMMtMWZY2RL1zf7A
quoteSymbol not support 7HfFyKu2kJ7wLhM4VB5fhw1ngpVs6cJFJXSC6nza3z4a, skipping transaction soJ43J1Rn7aD3rCyeX25rC1KwPBNnm6qdprjpydAcS8zvfW45akbSq5uX5Dp2REDNwoT7aevcTd3PHsJ5nNxseJ
Invalid tokenAmount: 0, skipping transaction 287i7KkvCCGJxajRGTYgAsAiwdEbJhnzgdn328qfcxqm7c3Uku55wQZmGzndUjNkrxyEfyhYdwr74oqqCYjEZwPi
quoteSymbol not support GUW492pCgvXzYwbkRo9Bv2MRDvdyVJ2R2aZ1Sd55XbEH, skipping transaction vhy6cLH6NYpEiHwmMA5MVDXKvJE7HSnmdbkBjqxVXrqsBvD1CdN1r5MhEuxZfFEuy194iGJRzi11wf2KP2snzyA
Invalid tokenAmount: 0, skipping transaction 5XaGD2UG4cQWmKm4x2L2B8XPqKfQ5McbYhvfUzqMLuqeqMFsdoGEtzsiheEKYLMn3HvpJBQa4z9WohKZWaH4jQru
quoteSymbol not support 7GCihgDB8fe6KNjn2MYtkzZcRjQy3t9GHdC8uHYmW2hr, skipping transaction 9pYkRGngHMNFD2EBvuXXAwdaH65PtvfrkHMhFVjzfApSLcJgiWNXTWpZRXGqgUJsWVEAL6xCDWrLMMQJBBmWct6
quoteSymbol not support ATc32obstKTZAoYbiwLdtm5oh4rn7QXtjjm8GSoCY22Q, skipping transaction SS3gMA2hyCUTdvdHYcD5ijw43hTqhqKpM1wmjZqgLfKfKP722pMZGD8wBb7gfsFrrP95cgZda79T9uDuoTVJCiD
quoteSymbol not support FZN7QZ8ZUUAxMPfxYEYkH3cXUASzH8EqA6B4tyCL8f1j, skipping transaction rP6LfunMZTXX2gLL9sgBcZVENz8AoFVYKDta4TF3sAX8P4bWVp6hq4iK131KLimjKNH8MwmnSeHb2s6ngyRmdFj
✅ 插入 8749 条记录到 solana_history_data_new
HIGH PERFORMANCE: parse 100 blocks, cost: 3079 ms
[Port 8022] server total use, cost: 3094 ms
