🚀 Starting server on port 8019
Listening on http://0.0.0.0:8019/ (http://localhost:8019/)
97
parse block 292703532,cost:80 ms
parse block 292703531,cost:53 ms
parse block 292703530,cost:84 ms
parse block 292703529,cost:36 ms
parse block 292703528,cost:75 ms
parse block 292703527,cost:47 ms
parse block 292703526,cost:70 ms
parse block 292703525,cost:62 ms
parse block 292703524,cost:53 ms
parse block 292703523,cost:46 ms
parse block 292703522,cost:59 ms
parse block 292703521,cost:39 ms
parse block 292703520,cost:33 ms
parse block 292703519,cost:32 ms
parse block 292703518,cost:44 ms
parse block 292703517,cost:55 ms
parse block 292703516,cost:56 ms
parse block 292703515,cost:30 ms
parse block 292703514,cost:40 ms
parse block 292703513,cost:28 ms
parse block 292703512,cost:68 ms
parse block 292703511,cost:36 ms
parse block 292703510,cost:55 ms
parse block 292703509,cost:67 ms
parse block 292703508,cost:47 ms
parse block 292703507,cost:37 ms
parse block 292703506,cost:70 ms
parse block 292703505,cost:38 ms
parse block 292703504,cost:85 ms
parse block 292703503,cost:7 ms
parse block 292703502,cost:110 ms
parse block 292703501,cost:50 ms
parse block 292703500,cost:9 ms
parse block 292703499,cost:58 ms
parse block 292703498,cost:37 ms
parse block 292703497,cost:41 ms
parse block 292703496,cost:116 ms
parse block 292703495,cost:30 ms
parse block 292703494,cost:19 ms
parse block 292703493,cost:112 ms
parse block 292703492,cost:13 ms
parse block 292703491,cost:57 ms
parse block 292703490,cost:44 ms
parse block 292703489,cost:38 ms
parse block 292703488,cost:48 ms
parse block 292703487,cost:84 ms
parse block 292703483,cost:51 ms
parse block 292703482,cost:18 ms
parse block 292703481,cost:30 ms
parse block 292703480,cost:27 ms
parse block 292703479,cost:70 ms
parse block 292703478,cost:68 ms
parse block 292703477,cost:45 ms
parse block 292703476,cost:85 ms
parse block 292703475,cost:32 ms
parse block 292703474,cost:49 ms
parse block 292703473,cost:45 ms
parse block 292703472,cost:62 ms
parse block 292703471,cost:36 ms
parse block 292703470,cost:27 ms
parse block 292703469,cost:47 ms
parse block 292703468,cost:55 ms
parse block 292703467,cost:36 ms
parse block 292703466,cost:51 ms
parse block 292703465,cost:18 ms
parse block 292703464,cost:62 ms
parse block 292703463,cost:45 ms
parse block 292703462,cost:54 ms
parse block 292703461,cost:31 ms
parse block 292703460,cost:102 ms
parse block 292703459,cost:21 ms
parse block 292703458,cost:99 ms
parse block 292703457,cost:14 ms
parse block 292703456,cost:94 ms
parse block 292703455,cost:0 ms
parse block 292703454,cost:0 ms
parse block 292703453,cost:0 ms
parse block 292703452,cost:0 ms
parse block 292703451,cost:58 ms
parse block 292703450,cost:38 ms
parse block 292703449,cost:42 ms
parse block 292703448,cost:47 ms
parse block 292703447,cost:90 ms
parse block 292703446,cost:35 ms
parse block 292703445,cost:28 ms
parse block 292703444,cost:53 ms
parse block 292703443,cost:62 ms
parse block 292703442,cost:29 ms
parse block 292703441,cost:20 ms
parse block 292703440,cost:42 ms
parse block 292703439,cost:75 ms
parse block 292703438,cost:2 ms
parse block 292703437,cost:69 ms
parse block 292703436,cost:53 ms
parse block 292703435,cost:97 ms
parse block 292703434,cost:28 ms
parse block 292703433,cost:60 ms
quoteSymbol not support 3BgwJ8b7b9hHX4sgfZ2KJhv9496CoVfsMK2YePevsBRw, skipping transaction 3YbVCXaDX54rMwjFyFbBQUY27gPKEj91JG5vyFjL5x17GwPQWb3TtbJKTCmgxaGqgunqsVn8QTRsZgDrCkdnCKw3
Invalid tokenAmount: 0, skipping transaction VVyBBr6mYJXYxEPENyrTJ8aVitkA7tGz8uS1GcarKV94KSxgrieCkkv4dz2gTb2yokCgp4yHdCsqMeNSLHYT2p6
quoteSymbol not support 3BgwJ8b7b9hHX4sgfZ2KJhv9496CoVfsMK2YePevsBRw, skipping transaction 66YYHbbMBFptSgNv5Z9HkGngJ4TbnvYEZsgt7GVeR1NQLgPyneP2j1SMNF4T3d9RuKAPa9hRmWQhnLUQqDAZLQ6S
Invalid tokenAmount: 0, skipping transaction 22r1Jtecyfb5fj1npCNsnZ28Mxw9TR1pevZx4dzpLwcgpDP1sE6J2fKjEjxouJurZsw6qMratKtpWP1Pt9WN1C3V
Invalid tokenAmount: 0, skipping transaction 4BNhiP1kokpwZSgnQmcqLTK5AGhctk7Nx9eaeER7AAtSbF3sKPhQQbVpC4Ppv6UCCFq5CxCGSM8dvuVRgJDzGr9h
Invalid quoteAmount: 0, skipping transaction 2FPhDyWS2fn9UwA2KPAZU7fE7tVfsB7B2gMKEYBmT77TX2fsia1bqPeoRDxYn71RFjoHak8vZxDyU4EM924xs3BY
Invalid tokenAmount: 0, skipping transaction htUVqXNaZjcYgg32amDhURqHTusNqXEfuEKAC5idQ9fGny5jfRrVa3fYL5uK5jrV6a4JyAPVp5BgtB39wNprsHk
Invalid tokenAmount: 0, skipping transaction 4QcEwi86UNxoEtT9x95hgkJQAmKuF4zaBmY5UeikCPDhG39aHo9NUEQ2GYa6RfCzjPa61Ls9iZbb8tUk7UfVoWeh
Invalid tokenAmount: 0, skipping transaction 2hdVvfoVHvhD39EXnabvZv2WELP2NdgmYemnPEiTgUunHmFp9fNSUjqXkyvvhXPxG7ZT6ky1toS98GABriWrwomv
Invalid tokenAmount: 0, skipping transaction 5aHGAWzvagxj8GebDaw8hNMgU5cfKugLjKaYqdHvXooL64HktwwjE6VjrPJon5BNo341mdSzFJhLTPhMzkkrsdP1
quoteSymbol not support 3BgwJ8b7b9hHX4sgfZ2KJhv9496CoVfsMK2YePevsBRw, skipping transaction 3hDtQc8tH9SfsmH6gK8WXDQuPK8AYzXbo5F5cNQymCYSyHE4oHx3BBMmH5vWaHwHm5qwcPLRxYUgszXeqnYBsNux
quoteSymbol not support 3BgwJ8b7b9hHX4sgfZ2KJhv9496CoVfsMK2YePevsBRw, skipping transaction 5QAj6o6pv2wDEanjSafim9TfnLMRHi9Fe5XpSWC39We4M5FGhKyqYn6fPatbGe5kym7cZuRGrovkYywgrmqSnnxi
quoteSymbol not support 3BgwJ8b7b9hHX4sgfZ2KJhv9496CoVfsMK2YePevsBRw, skipping transaction SBk4rAVztuH6VvP2UHrqiozYHpywdwiFkSoHJGviF4Zcszhr9yKDEaB4raU6fdxqS8T9fEUJufbEBkh7BPn39j2
quoteSymbol not support 3BgwJ8b7b9hHX4sgfZ2KJhv9496CoVfsMK2YePevsBRw, skipping transaction 4T6ALngVM75RKQLEctV1y1dJcuq1u22bCr8qv5bLKpttqhEzkxeN2ehWdBgM1Gc12LnsdgTxqXbHVMY8nCsjgGy7
quoteSymbol not support SRMuApVNdxXokk5GT7XD5cUUgXMBCoAz2LHeuAoKWRt, skipping transaction 4CwNzMQYJw7BYMSwgkikZ16DZQbfWnpjK6cqjuPr8w5MGTyoPAGz8teUHoqt3hzSBC7inE6jy5rx3oUDXLu7XpYT
Invalid tokenAmount: 0, skipping transaction 3tw7h9g8oF2T3EY5MLL25kvLsupa5WJ9xnXVitwLz1hMhWLejZ6p9c2jxzHk4S5Md5WcCRna4BMoAdreegbJZ1o8
quoteSymbol not support 7ootaAeTTNeqJAcCByMrVuw1tsi4KmD61bZtKhAvpump, skipping transaction 3bDFibgQP9tYd6hRgqBkfH62iwJsTc5TVkA38BMr8Xjq6Re9zDAuGTGUirD2rDjL3edW8SgKrbREZcMdF5k3cYR
quoteSymbol not support uew81gqGiTGKfrPBv9MLKaht9Esx5F8ng97Sg22W8ci, skipping transaction fSAmqbi4VCDZzajr7BLBwTpZm27EcbqdHRRNXLorpMfHgXwfAMHH6eZJ4x7y9aCabBHC3VdtWKJFBKHNQgf6xa7
quoteSymbol not support DogC4JhFWEPGxVYEkBzWfX4cKSnEdZC3YbTqMEdYaEdi, skipping transaction 32HruWFkrtQd5drbe2HLm9uAAeQtSNzd68RWguHPds3HKipGB4cF2Xw3QBqtV9Nw9jSBm1z7MQ4sgPZTmnNkTBRA
quoteSymbol not support SRMuApVNdxXokk5GT7XD5cUUgXMBCoAz2LHeuAoKWRt, skipping transaction 4VQjbRyUaHpkhnSZN2krn1Ns9hqG3hFxgMrXhfZ3ipZ7aUhqSXH1tahZJEPPpMY9g1MW2UTQSkb6XfqnHaCtBAJ8
quoteSymbol not support 3BgwJ8b7b9hHX4sgfZ2KJhv9496CoVfsMK2YePevsBRw, skipping transaction 5kKEnyS5fY32SSNX8n54PKUnhXKuWeugf5MazNasxCH5qwNykzrcvGSmfSMWWL4uwGwmqiUkSY7eHGmYjZ1BVgsr
Invalid quoteAmount: 0, skipping transaction 2oh4eToJNhZSbVL5Dj6n6UEpYhkLu5nSeXYd1g1cFYdJ3vEfybKnP94wpBcmeoor9DaoJjymBJ4dCKzEnk6PY64C
quoteSymbol not support 3BgwJ8b7b9hHX4sgfZ2KJhv9496CoVfsMK2YePevsBRw, skipping transaction aToikz91tnLVcurYWzVijeBBPneAX5e3C3Je2Gej2U8k1sGCANBzskqGPDJe75jkzAF8to7M4XReypQuZaXC5UU
quoteSymbol not support 3BgwJ8b7b9hHX4sgfZ2KJhv9496CoVfsMK2YePevsBRw, skipping transaction DhNs44wnXaTRXu3RcEfMW1JVX32mKqTEJUkMHGue1CYxphbv1iMTcQwGXE2vkdePvL7djy8ZBEjku9FBdML3scH
Invalid quoteAmount: 0, skipping transaction 23MvgcbYbvhJouBSf6ZRjEAfFmZaLEcRgDbhnYn3DbLNBcmSVRqExdXhjPbDHApw9vzu11jfH3xHrMt38kvCudyT
✅ 插入 10447 条记录到 solana_history_data_new
HIGH PERFORMANCE: parse 97 blocks, cost: 5247 ms
[Port 8019] server total use, cost: 5248 ms
100
parse block 292700632,cost:40 ms
parse block 292700631,cost:4 ms
parse block 292700630,cost:23 ms
parse block 292700629,cost:33 ms
parse block 292700628,cost:38 ms
parse block 292700627,cost:35 ms
parse block 292700626,cost:61 ms
parse block 292700625,cost:48 ms
parse block 292700624,cost:38 ms
parse block 292700623,cost:39 ms
parse block 292700622,cost:56 ms
parse block 292700621,cost:36 ms
parse block 292700620,cost:62 ms
parse block 292700619,cost:20 ms
parse block 292700618,cost:18 ms
parse block 292700617,cost:20 ms
parse block 292700616,cost:18 ms
parse block 292700615,cost:77 ms
parse block 292700614,cost:32 ms
parse block 292700613,cost:23 ms
parse block 292700612,cost:56 ms
parse block 292700611,cost:58 ms
parse block 292700610,cost:19 ms
parse block 292700609,cost:27 ms
parse block 292700608,cost:28 ms
parse block 292700607,cost:40 ms
parse block 292700606,cost:29 ms
parse block 292700605,cost:30 ms
parse block 292700604,cost:45 ms
parse block 292700603,cost:36 ms
parse block 292700602,cost:23 ms
parse block 292700601,cost:40 ms
parse block 292700600,cost:30 ms
parse block 292700599,cost:20 ms
parse block 292700598,cost:33 ms
parse block 292700597,cost:23 ms
parse block 292700596,cost:23 ms
parse block 292700595,cost:37 ms
parse block 292700594,cost:44 ms
parse block 292700593,cost:17 ms
parse block 292700592,cost:47 ms
parse block 292700591,cost:22 ms
parse block 292700590,cost:19 ms
parse block 292700589,cost:31 ms
parse block 292700588,cost:28 ms
parse block 292700587,cost:49 ms
parse block 292700586,cost:23 ms
parse block 292700585,cost:54 ms
parse block 292700584,cost:35 ms
parse block 292700583,cost:24 ms
parse block 292700582,cost:34 ms
parse block 292700581,cost:31 ms
parse block 292700580,cost:21 ms
parse block 292700579,cost:49 ms
parse block 292700578,cost:21 ms
parse block 292700577,cost:46 ms
parse block 292700576,cost:55 ms
parse block 292700575,cost:41 ms
parse block 292700574,cost:41 ms
parse block 292700573,cost:30 ms
parse block 292700572,cost:32 ms
parse block 292700571,cost:39 ms
parse block 292700570,cost:30 ms
parse block 292700569,cost:39 ms
parse block 292700568,cost:32 ms
parse block 292700567,cost:49 ms
parse block 292700566,cost:62 ms
parse block 292700565,cost:34 ms
parse block 292700564,cost:39 ms
parse block 292700563,cost:51 ms
parse block 292700562,cost:60 ms
parse block 292700561,cost:68 ms
parse block 292700560,cost:21 ms
parse block 292700559,cost:53 ms
parse block 292700558,cost:32 ms
parse block 292700557,cost:25 ms
parse block 292700556,cost:45 ms
parse block 292700555,cost:42 ms
parse block 292700554,cost:91 ms
parse block 292700553,cost:42 ms
parse block 292700552,cost:60 ms
parse block 292700551,cost:28 ms
parse block 292700550,cost:30 ms
parse block 292700549,cost:35 ms
parse block 292700548,cost:34 ms
parse block 292700547,cost:73 ms
parse block 292700546,cost:49 ms
parse block 292700545,cost:33 ms
parse block 292700544,cost:70 ms
parse block 292700543,cost:30 ms
parse block 292700542,cost:36 ms
parse block 292700541,cost:35 ms
parse block 292700540,cost:28 ms
parse block 292700539,cost:33 ms
parse block 292700538,cost:63 ms
parse block 292700537,cost:42 ms
parse block 292700536,cost:41 ms
parse block 292700535,cost:44 ms
parse block 292700534,cost:43 ms
parse block 292700533,cost:33 ms
quoteSymbol not support 4k3Dyjzvzp8eMZWUXbBCjEvwSkkk59S5iCNLY3QrkX6R, skipping transaction 3ernMkBM3vdaBjF7mjuhHZhdjaPfNBmPS3TA12b4veaiAPuA5cX8N1pyMFrcrdCbpcEzAHnr2Fis96EFERPnVVWU
Invalid quoteAmount: 0, skipping transaction 2fxaddtxArQmfx1WGh1kfGEBfZNADDWYuCY2gjkvxNvHr2dirtkt2TZAM7vzcFd4H1TCLFbW6V2BWBXqaZu289yM
quoteSymbol not support 2QFwPGw4kmWkgbahf4TE9bNWDZebBrW4ZRxWp6UmWRYJ, skipping transaction 47YpwLKuq5qxdrVuf22fe6ktNNyHgt99YpVbTmgPGiQEfhR3kHTdk4zW7B7V4cxhBMNovDj1xwFxR1MHN5moE6GA
quoteSymbol not support 4k3Dyjzvzp8eMZWUXbBCjEvwSkkk59S5iCNLY3QrkX6R, skipping transaction 4ytX6uXVcsuM1MWKKhiDnXgTqiCEe6zHqhd4oVSLpc1m2tvXruQmNUjZzkK58GuRcEQgBNBiRpXoqoXDm3vydmEg
quoteSymbol not support 4k3Dyjzvzp8eMZWUXbBCjEvwSkkk59S5iCNLY3QrkX6R, skipping transaction 5QooSiRVNAPSw4cCv9XM7mDcDZrP3EasH8bNb3UBoLsRGoHXaWFxz5T4F4wWxdAsgBmJigXhCWXmBPT6Agg4Echs
Invalid quoteAmount: 0, skipping transaction 2Wx5V3dpb9hWKRXxwrnLmpu3ZYA5w9yhXCFsbEmutyyNhH7mbsWZafA7ixREQMY5U6jzzQqZXgnyFKJqKk8z6rHH
quoteSymbol not support 4k3Dyjzvzp8eMZWUXbBCjEvwSkkk59S5iCNLY3QrkX6R, skipping transaction 59bQUhjBgNztwgaYpNqk7X3htL7TEMXfo3xxhJ3WAVtSQFGisnXVWSq9r5PZQsdYahkEMEPn9s5UtznDqx38LXnr
quoteSymbol not support 8V4RtPRHdAjuSE5cPijYoAnTEUk3NHJp3RoxCCqppump, skipping transaction 2r5TY7x1eN9GX1iFSnRemTkwYf4ZFpzKA3y7icqFyU837Qzj5AyZ9rvgKyZ2et6qsdhexAYBqTDudQFzMQMfFHXs
Invalid tokenAmount: 0, skipping transaction 3KhnSsMTrR4tCf4AhtzJhS6M38nya6a9tzwY1LDNjxjTJuknsQLhaxXvLNJmRJPqNj9vCk9t6YajU2R8Aqtt25Wg
quoteSymbol not support BLLbAtSHFpgkSaUGmSQnjafnhebt8XPncaeYrpEgWoVk, skipping transaction 4B2EnrPTfD5L3Wn16vfCCEAP7stuVxpoTHtaz9suc9TKJ7EFDREJCNppqo3KfnypQ2s2AhtqDuQGB2XjLVDgSyWw
quoteSymbol not support 4k3Dyjzvzp8eMZWUXbBCjEvwSkkk59S5iCNLY3QrkX6R, skipping transaction 3wRSfU1u4uBhxfXRELJghQjmqf5kJhasTb9F1Ce1SQDcnRwUwCKscsoi4XmNwimfzLxswQAL3uZtYEMoCznwUrRw
quoteSymbol not support 8V4RtPRHdAjuSE5cPijYoAnTEUk3NHJp3RoxCCqppump, skipping transaction c4z1qjWr2bLRA5csja59k495QrzxsyZ2pnTKATDHaRSTBsNjU2qeyeHkL1eaLG6aDH7KRQxFFkCHB2uuwvwDUng
Invalid tokenAmount: 0, skipping transaction 2iQjNXtPsa5XbhJebzzzeN6NoGJWRBaxyy6rt1hgnxpyapjrkoStizw8anTN6hZUfem2Us5uQdzLaTBLfRLfyYCi
quoteSymbol not support CsLd5rCLkuDL5B4NkCJYYvHe5Be5HJ9G3Mybfxzbpump, skipping transaction 4woRN33HoZmb6zCCycFYPg7NBcHESFe82j7KaG3prEGkAHon9Vbet21fAWmVi4kZR6FMq4dpbgYVpwKXkHjCwVFG
quoteSymbol not support DUp2qMMGuACziKeyZRtH9cuKyqtYpqJ24iZg6tVLpump, skipping transaction 4wWyWdWRHq4amo8PGviynEMH4oM9T5sGxXbPEhj59SNSbRz334xwchDX8KBocWLH4k7LDaKdUvEeyZ4AWZRfMPz9
quoteSymbol not support C1Yk9AT8DLsaLdLyevuQDqcZKKaz2eFdZMB5RfhqcBWe, skipping transaction aZ7CAhmYV8UU9RmrLJnFyoJvaGN54SNQLP2oEzvZpBQPFxJ3soYQXhYxrvw9Un5BSDxG6Ni89mqqzbTuDUr8LLB
✅ 插入 9053 条记录到 solana_history_data_new
HIGH PERFORMANCE: parse 100 blocks, cost: 4243 ms
[Port 8019] server total use, cost: 4243 ms
98
parse block 292697532,cost:38 ms
parse block 292697531,cost:45 ms
parse block 292697530,cost:34 ms
parse block 292697529,cost:37 ms
parse block 292697528,cost:60 ms
parse block 292697527,cost:37 ms
parse block 292697526,cost:47 ms
parse block 292697525,cost:50 ms
parse block 292697524,cost:50 ms
parse block 292697523,cost:60 ms
parse block 292697522,cost:53 ms
parse block 292697521,cost:50 ms
parse block 292697520,cost:85 ms
parse block 292697519,cost:34 ms
parse block 292697518,cost:28 ms
parse block 292697517,cost:43 ms
parse block 292697516,cost:22 ms
parse block 292697515,cost:76 ms
parse block 292697514,cost:44 ms
parse block 292697513,cost:39 ms
parse block 292697512,cost:27 ms
parse block 292697511,cost:53 ms
parse block 292697510,cost:14 ms
parse block 292697509,cost:28 ms
parse block 292697508,cost:47 ms
parse block 292697507,cost:19 ms
parse block 292697506,cost:39 ms
parse block 292697505,cost:17 ms
parse block 292697504,cost:45 ms
parse block 292697503,cost:41 ms
parse block 292697502,cost:35 ms
parse block 292697501,cost:24 ms
parse block 292697500,cost:46 ms
parse block 292697499,cost:38 ms
parse block 292697498,cost:41 ms
parse block 292697497,cost:46 ms
parse block 292697496,cost:37 ms
parse block 292697495,cost:42 ms
parse block 292697494,cost:49 ms
parse block 292697493,cost:46 ms
parse block 292697492,cost:21 ms
parse block 292697491,cost:28 ms
parse block 292697490,cost:20 ms
parse block 292697489,cost:20 ms
parse block 292697488,cost:87 ms
parse block 292697487,cost:14 ms
parse block 292697486,cost:26 ms
parse block 292697485,cost:36 ms
parse block 292697484,cost:18 ms
parse block 292697483,cost:73 ms
parse block 292697482,cost:41 ms
parse block 292697481,cost:72 ms
parse block 292697480,cost:38 ms
parse block 292697479,cost:74 ms
parse block 292697478,cost:21 ms
parse block 292697477,cost:50 ms
parse block 292697476,cost:65 ms
parse block 292697475,cost:29 ms
parse block 292697474,cost:21 ms
parse block 292697472,cost:19 ms
parse block 292697471,cost:52 ms
parse block 292697470,cost:34 ms
parse block 292697469,cost:11 ms
parse block 292697468,cost:100 ms
parse block 292697467,cost:8 ms
parse block 292697466,cost:14 ms
parse block 292697465,cost:26 ms
parse block 292697464,cost:25 ms
parse block 292697463,cost:15 ms
parse block 292697462,cost:21 ms
parse block 292697461,cost:23 ms
parse block 292697460,cost:18 ms
parse block 292697459,cost:37 ms
parse block 292697458,cost:25 ms
parse block 292697457,cost:20 ms
parse block 292697456,cost:53 ms
parse block 292697455,cost:58 ms
parse block 292697454,cost:26 ms
parse block 292697453,cost:57 ms
parse block 292697452,cost:59 ms
parse block 292697451,cost:62 ms
parse block 292697450,cost:38 ms
parse block 292697449,cost:69 ms
parse block 292697448,cost:66 ms
parse block 292697447,cost:34 ms
parse block 292697446,cost:38 ms
parse block 292697445,cost:23 ms
parse block 292697444,cost:35 ms
parse block 292697443,cost:49 ms
parse block 292697442,cost:18 ms
parse block 292697440,cost:72 ms
parse block 292697439,cost:76 ms
parse block 292697438,cost:51 ms
parse block 292697437,cost:46 ms
parse block 292697436,cost:8 ms
parse block 292697435,cost:11 ms
parse block 292697434,cost:16 ms
parse block 292697433,cost:25 ms
Invalid tokenAmount: 0, skipping transaction 58GYMgYiXVYUdYGYxeXSVKGudSY6k8TFr36Qdkuh1gawCfbg4gsz2EBo91Wyb4HgWq6ewSH1ibdDZkHvNEKw25Nf
quoteSymbol not support Eg4yA2tyXbUgd5Aiz9SeKz2MLYQeUfJy7cbubNXm1oUq, skipping transaction 67KTJRMLVfWmfeUhy6NLZ9tGqSwFH6aWZmjgAarKQ2qxPb25b2GR6sKhw6hyfGf3fHu61ZuBf4HfaDgL1FDHWRYY
quoteSymbol not support 4k3Dyjzvzp8eMZWUXbBCjEvwSkkk59S5iCNLY3QrkX6R, skipping transaction 3Z4An6DEHWA5NqtcjjuQW3YuWfqqxd5Frab7TJyvT8oKnTBiz8sReeXzL6rqBRDxVuAUpB79TBjjpapySJEbTKZp
Invalid tokenAmount: 0, skipping transaction 4kpYtjBsYkCB2dH818aixNdsdYxLezEt8ntQJoqHiyjENJGSXocDuLHzHKcXmvJewCMDwaMGhki1xVhGbVwPrJHu
Invalid tokenAmount: 0, skipping transaction 64NSdEVvYXrCy3eNUX1HDMMGxEwLhEesnVKoV9PxJUDMwGbF1j3KpT4NLxTdguTKpLdiCz8CcSEet5BzctwjebDS
Invalid quoteAmount: 0, skipping transaction 42YQVKWKnBnrAmFySaExRr37FgPhfarxFBPRrJJFBk5Gd5bfm1d5vFcCg9cp7oeawwCiMKcTpRM1SzZucYB1Z271
quoteSymbol not support 4k3Dyjzvzp8eMZWUXbBCjEvwSkkk59S5iCNLY3QrkX6R, skipping transaction 23Wv5LEqe7Sff3RhimwTA2x8K6nZhaKzx2p1aoz7gFmYzAZQVYcYbVnsZf5iK6BnmGif4EEZJE6Yb6X6xW5rtJwd
quoteSymbol not support 5BKTP1cWao5dhr8tkKcfPW9mWkKtuheMEAU6nih2jSX, skipping transaction dzxD34bZhUmERoEQTCh9TuSBpaaods5jNK4pSFwHxnT8Wmp514zT2bRRWxCa3c3JKYxM8KEySZSr9K4jmjgZ3PP
quoteSymbol not support 45EgCwcPXYagBC7KqBin4nCFgEZWN7f3Y6nACwxqMCWX, skipping transaction 5AsUPcRP56htZfDvhCAY53DXwF4ThA7ftnbKa9W9hv5WrVHPx8n6yQU9Rp78NvAgj6qWo5P9RJNrLS14YyGfZjq1
quoteSymbol not support 4k3Dyjzvzp8eMZWUXbBCjEvwSkkk59S5iCNLY3QrkX6R, skipping transaction 3x7zMgAkZx5eUiWpAjgGb1RHFH7uMF5NKZ2uqquLPpzZaBegwipiUkx2mQEgBDwaq43Aedt2r7Cv3Gu7mB2cHTVq
Invalid tokenAmount: 0, skipping transaction 5ucZQBnFSoQJGjvL7rSWDUP79RrCjGXF14JgLZ2nty4PKAAUGpyocZbAjVPYuqDxNdWjsv8nVn8nAE5FPEkBbgoE
quoteSymbol not support E1kvzJNxShvvWTrudokpzuc789vRiDXfXG3duCuY6ooE, skipping transaction 4mBXGC7v7yM9yeAn2VJNvBF973bHYBcNjEy8vGtcnc1JroxCLz6BoPeszmxwKiiggp1ftMpSGt9aqZxKAg5pcg2r
quoteSymbol not support qQhcMT7w4PDymSJziuAnBkKwkDhkbNvvVCHLTkFax3n, skipping transaction 2wPjXopbkir1W37kRktKPVNBVcCaNtJ2mPPtrnC44SRWbDaWdMPEwJwH4bDdYzXFRGSCwMcDo1gL8ramjJcx9xGM
Invalid tokenAmount: 0, skipping transaction 2Sy1VH8AMGLiKrAJmALCmFf2MfGq25mCJii5tU55NswspufW3Qy25XWo4oq9E1GJrdfj7YNrVjyrHaQpPuuP5yWV
quoteSymbol not support 3PRGCwhus6Lt5frDeuvzyr3tNqEEQLKxz3BErU8Gpump, skipping transaction 5avAqM9t8ucTQAcEbLxrmYhgmaBpVjv7fbreaifY2sWAMNSum7texjA4tdJaSKsXQ7MwAvXmtvyKoQjPtvVkXNVS
quoteSymbol not support 4k3Dyjzvzp8eMZWUXbBCjEvwSkkk59S5iCNLY3QrkX6R, skipping transaction 5oC489Zzey2z3jvoTs7VBDPS9RpdfUe8w2iTLa14NMgwBnZ2UCNcB6igJuBMcyfYBVpssmLhSFLTzKmagfAkXBRh
quoteSymbol not support zVTMqmViptbSiVf1Hert3qrXK1FjcZujzxhgPbbpump, skipping transaction 4mpFmj9YR2SBvREH86QkuBBauZ9eVnmPVeQ6xePdGdrao99Wp8EWJCVg25CtEFQFZ6NCNLNEQk93uYgtXbvyJiGP
quoteSymbol not support 4k3Dyjzvzp8eMZWUXbBCjEvwSkkk59S5iCNLY3QrkX6R, skipping transaction 4yeZBwcxxdNcqkmPsrx21w5PfpwsfCNrraRmk57DmKdXc3ET5xCQEb2XKQQV8aNUD3YgMvfFfbF4pSTWBi7NFm6x
Invalid tokenAmount: 0, skipping transaction 3F9ShnbjU5shwJVEaysKWXGhkfWRZVLG99M6yQ8VUuVkun72eUtKHHAgQRP8YsfeKV9tUnsfYm1ueyKYNGhJ9J5m
quoteSymbol not support AZsHEMXd36Bj1EMNXhowJajpUXzrKcK57wW4ZGXVa7yR, skipping transaction 4ze9mRm1y9utSDYAZkhnShJ1u9xDnzNv95KjABPx3TfvwHfdSQTk8dHy2KBD2g6qhNgLgsreWeYzDKgaJP2Z8jwe
quoteSymbol not support CznXfxQ8MFNNJaao7AA2Dd9J79hnvr8oFWtELxYhpump, skipping transaction 3gWk2hP69i8tdSp7XzKnxn8sQyhnpXR3K7QaQn3MVjA1nrYBtku1SxJJRhfK3wCYceTvtUkKiNDbyXE5gAx7f5zQ
✅ 插入 8478 条记录到 solana_history_data_new
HIGH PERFORMANCE: parse 98 blocks, cost: 4294 ms
[Port 8019] server total use, cost: 4294 ms
96
parse block 292695032,cost:57 ms
parse block 292695031,cost:35 ms
parse block 292695030,cost:11 ms
parse block 292695029,cost:69 ms
parse block 292695028,cost:51 ms
parse block 292695027,cost:37 ms
parse block 292695026,cost:41 ms
parse block 292695025,cost:82 ms
parse block 292695024,cost:79 ms
parse block 292695023,cost:28 ms
parse block 292695022,cost:48 ms
parse block 292695021,cost:61 ms
parse block 292695020,cost:83 ms
parse block 292695019,cost:6 ms
parse block 292695018,cost:26 ms
parse block 292695017,cost:54 ms
parse block 292695016,cost:46 ms
parse block 292695015,cost:41 ms
parse block 292695014,cost:51 ms
parse block 292695013,cost:30 ms
parse block 292695012,cost:29 ms
parse block 292695011,cost:87 ms
parse block 292695010,cost:78 ms
parse block 292695009,cost:60 ms
parse block 292695008,cost:60 ms
parse block 292695007,cost:47 ms
parse block 292695006,cost:55 ms
parse block 292695005,cost:67 ms
parse block 292695004,cost:28 ms
parse block 292695003,cost:54 ms
parse block 292695002,cost:23 ms
parse block 292695001,cost:28 ms
parse block 292695000,cost:18 ms
parse block 292694999,cost:61 ms
parse block 292694998,cost:50 ms
parse block 292694997,cost:30 ms
parse block 292694996,cost:18 ms
parse block 292694995,cost:35 ms
parse block 292694994,cost:57 ms
parse block 292694993,cost:15 ms
parse block 292694992,cost:15 ms
parse block 292694987,cost:58 ms
parse block 292694986,cost:81 ms
parse block 292694985,cost:56 ms
parse block 292694984,cost:38 ms
parse block 292694983,cost:59 ms
parse block 292694982,cost:99 ms
parse block 292694981,cost:27 ms
parse block 292694980,cost:42 ms
parse block 292694979,cost:35 ms
parse block 292694978,cost:34 ms
parse block 292694977,cost:42 ms
parse block 292694976,cost:106 ms
parse block 292694975,cost:28 ms
parse block 292694974,cost:33 ms
parse block 292694973,cost:21 ms
parse block 292694972,cost:40 ms
parse block 292694971,cost:39 ms
parse block 292694970,cost:26 ms
parse block 292694969,cost:38 ms
parse block 292694968,cost:76 ms
parse block 292694967,cost:64 ms
parse block 292694966,cost:53 ms
parse block 292694965,cost:35 ms
parse block 292694964,cost:57 ms
parse block 292694963,cost:13 ms
parse block 292694962,cost:11 ms
parse block 292694961,cost:15 ms
parse block 292694960,cost:11 ms
parse block 292694959,cost:68 ms
parse block 292694958,cost:43 ms
parse block 292694957,cost:42 ms
parse block 292694956,cost:40 ms
parse block 292694955,cost:42 ms
parse block 292694954,cost:54 ms
parse block 292694953,cost:34 ms
parse block 292694952,cost:41 ms
parse block 292694951,cost:44 ms
parse block 292694950,cost:67 ms
parse block 292694949,cost:24 ms
parse block 292694948,cost:115 ms
parse block 292694947,cost:17 ms
parse block 292694946,cost:15 ms
parse block 292694945,cost:19 ms
parse block 292694944,cost:17 ms
parse block 292694943,cost:108 ms
parse block 292694942,cost:48 ms
parse block 292694941,cost:46 ms
parse block 292694940,cost:77 ms
parse block 292694939,cost:66 ms
parse block 292694938,cost:56 ms
parse block 292694937,cost:22 ms
parse block 292694936,cost:61 ms
parse block 292694935,cost:27 ms
parse block 292694934,cost:33 ms
parse block 292694933,cost:34 ms
quoteSymbol not support 8Lqgcs9hhbu49iwwFReDhNWQVJfnENpG4JGx9Afvpump, skipping transaction 2nCDnhprAABKBruMJHthTCYb6moqBbpk1uTggYi12GCwLFkhJhDhAJKgc8DVhRw5jEWHZ3FWe4BANLzG2uQEdnLN
quoteSymbol not support 85VBFQZC9TZkfaptBWjvUw7YbZjy52A6mjtPGjstQAmQ, skipping transaction 4KzpUNocWxeXYLsixojh8HpoWKvGuEDVvM3sEBJzCboWaTRdGM3PnyastkFNbajrzzA7a3JDfmx4FCZvuKDGHNjW
Invalid tokenAmount: 0, skipping transaction 3qE7yMP9ifHgwJVk8zXrSBHLXbXvGF3UfXSBE1PyxfyPjV5JGiEgdTk7oT7rPJpS1oChZxZmGKDXsyH29Exn6KwA
quoteSymbol not support 85VBFQZC9TZkfaptBWjvUw7YbZjy52A6mjtPGjstQAmQ, skipping transaction 2YEYVQ468HUs9EFUbzX4NBkHPw447ycZtDRS9oMtooYDJ4zK2GSr9emkC6Z95dohCC5NZTVH2QQnTjE773CCx2UP
quoteSymbol not support 2TgzyxGRfCz7EJQb7daUz6sZgwvVYkZBdJtFDeHopump, skipping transaction PQYF6Es3vDoyXcMWcpjqTCGJMcYtVfxufVjPkTP6Cssp3JtopzBDjrjbwLYyoozUs9w7MmZwNP3MZqYkZYDXtaN
quoteSymbol not support 85VBFQZC9TZkfaptBWjvUw7YbZjy52A6mjtPGjstQAmQ, skipping transaction WJZacpPbosLd5SkpLVCN11ebbVMcnuQfDg8RfAcw3kkoSSsygekunWiNVGgZQCn9Q99kqnWXCTna4E3iEgLdbda
quoteSymbol not support 85VBFQZC9TZkfaptBWjvUw7YbZjy52A6mjtPGjstQAmQ, skipping transaction 4VtvRnWpHkR9UZTyxG226nQk4rQa7W1fhQWLVczPPUFrcdzmjEcwJGwRu9pQx1NaTVbNNJzBgi14jgRP3J8U685E
Invalid tokenAmount: 0, skipping transaction 62b1xRkxQVThpB9DujcmUNV2p5t5wbooXS7UwjKA6j28NyeC56QxU4AUf3PTukeS3peph3KtYZQy1oNhNvLW54aM
quoteSymbol not support 2TgzyxGRfCz7EJQb7daUz6sZgwvVYkZBdJtFDeHopump, skipping transaction 4JQaeUbt57bwLE74UjuK8jB8iGYmt3ZS4BdA32qDkSRyRXyEZmiVuohLYfME7k8r1gaxyvYAkm6vsMDh7nyNtun6
quoteSymbol not support 9cShxpJTSizNRZb2UnPZZYYwar6DbuhPWR3Jqu2DnnQt, skipping transaction 5dAozDoYeqKLpguSkebFHHXWPfwC8ZgbZCVF9XCaaxH6TnpW9BGS6onNdBQHmWddFkQzaKgtLLh27rbvXub6qQpS
Invalid quoteAddress: undefined, skipping transaction 2fgUtsUQVM3JYR6ttapRsWQRBQwS3AQDsSyyZKgdbQSqjM7zfjQf7qo2bjHqvD9k7KX3FHque28hPHA8eVmLaLY
quoteSymbol not support ED5nyyWEzpPPiWimP8vYm7sD7TD3LAt3Q3gRTWHzPJBY, skipping transaction 4UoUgi9t3uAaQzdCCQZgGcfNwEuHvczEBzeXTdhewmkLHwWeb5ZAFbnUvrDZXeGavauu1uyM4ofD1avdgza4Bg2y
quoteSymbol not support 85VBFQZC9TZkfaptBWjvUw7YbZjy52A6mjtPGjstQAmQ, skipping transaction 3uBxDy3wtgDFcnr38cuSmMSWW2D5r9vRRcqMq4qrE4yctVoGWtCLs7eedxHPZZBdXkjhW9knEg4nisUPtRp6T65n
quoteSymbol not support AZsHEMXd36Bj1EMNXhowJajpUXzrKcK57wW4ZGXVa7yR, skipping transaction 4c9T6cR32oKjoodA3EhGHTDRFWabrXj9ZYstkDg9S79tcb7z1dAbXcq612gmhbqWH1vQPAsfzn4KUwGjoai82bpY
Invalid tokenAmount: 0, skipping transaction 3ssgeh5omZMgXnSsSQrsqozP1bt8qE24KKYVAyF7PDk9ofzf6X4HToE7Yv9S9kT4RH8A9p4PZKAaync4ejxmFgFJ
quoteSymbol not support 85VBFQZC9TZkfaptBWjvUw7YbZjy52A6mjtPGjstQAmQ, skipping transaction 4ppFaPtM1eS1WX7FjwAf5ucKYJ65xSMkvj9KNySLjCbCQ7EgBXA6q5gVfM95qckcJvpxTmGYANgr69pDVKWg1zTF
quoteSymbol not support 2TgzyxGRfCz7EJQb7daUz6sZgwvVYkZBdJtFDeHopump, skipping transaction 2WpFdBL3Urph2HqKWjt8LNAYicedsH117kLHCEMMLoi1WU9jYVnJ29CubeXvfpysYCNfzjVXxE5v5z6qLPpcLRrB
quoteSymbol not support AZsHEMXd36Bj1EMNXhowJajpUXzrKcK57wW4ZGXVa7yR, skipping transaction Vf944HjTHZYKeCjty54ERFdqBrGRviEzBtt63r3chwVEoaBCHENKRnE1Xv5jyreBzMZ6YEfqcev5rG4B8WppMqp
Invalid tokenAmount: 0, skipping transaction 5XJaiKxhT8xo3gw3GhjoFFcGkTKy6oXEXcUjBok9PfJiHw3wUnCeKBLKWPNPuWs5TnKxh7RWHBtFMQ3Q1u6cWYDP
quoteSymbol not support 85VBFQZC9TZkfaptBWjvUw7YbZjy52A6mjtPGjstQAmQ, skipping transaction 2enkrvWj713DEP7jJtjUmGmUBDsc9oPu46wkALLkVRh4fciX9junzCiDBs7bYph7mTq7pDw6GMvUTneFuHnTv5Zp
quoteSymbol not support 2TgzyxGRfCz7EJQb7daUz6sZgwvVYkZBdJtFDeHopump, skipping transaction 3uRM1M36PSgoiFHt3PfsPpgGJLMiczRSnSFBMtSr4bQruMbex7RtjrSRZHqPxs7SgCLVa4fFpoNVHcS8KNg1FnXK
quoteSymbol not support Ax7oULSKWsU9VGtVCsg6waz5xDvf97BX5fm73ioUpump, skipping transaction jfZqooi1Qtg9dEeYGY5JhioUMYM4toCxtzV2VY4N2U4eomAAByLoBUcJhLF4e3KRsKtoPJ8R97JjSpi4svQEPna
quoteSymbol not support AZsHEMXd36Bj1EMNXhowJajpUXzrKcK57wW4ZGXVa7yR, skipping transaction 5BG8G2kKxXMX22QUbxHWjkf3UMQ1zBkVaqVkYsTkixucGP69rsEyMRAahbADfvztSJcgdnoyVGkfenbS3nrSkJxC
quoteSymbol not support 2TgzyxGRfCz7EJQb7daUz6sZgwvVYkZBdJtFDeHopump, skipping transaction 2pmm6iLV3vLqk1J2sBQ9uDRvrSjLFtDjaiRmGzKRWnrxUwkv3tNQ2Z82NyJPhnybH6KvEtGh5NU34u9Wa3nsTJna
quoteSymbol not support 4k3Dyjzvzp8eMZWUXbBCjEvwSkkk59S5iCNLY3QrkX6R, skipping transaction fHUPcEc2Bm5LiPB1Hqe6rmEcHG8EPi5hnBEE37bgGNeVqmzrRNvLX7RAHTtfyCbRo2iw3snDqhDCBNgsPPunfrL
quoteSymbol not support 85VBFQZC9TZkfaptBWjvUw7YbZjy52A6mjtPGjstQAmQ, skipping transaction 3XUjYRctG4trDZLzjD8vmaYPp2nDSpBRkJfPcztpG1dZXfmbgUTRwf3BTJH7RbcXaKiyrhGw7djCdHrhYxkidgUd
quoteSymbol not support 6T44rfi9BDUdZbEvVddZWVfsGrpC6N1sSSKYnCsLpump, skipping transaction 2Jy1uPX5wtiufuecuk5iVYiz4fsSoC5iuikFT8FXgoTgfkPvT3Bra7HjmXxz3QqZrgo5zaRXkHQqUJeNM5fu23t7
✅ 插入 10418 条记录到 solana_history_data_new
HIGH PERFORMANCE: parse 96 blocks, cost: 4840 ms
[Port 8019] server total use, cost: 4853 ms
96
parse block 292691132,cost:77 ms
parse block 292691131,cost:21 ms
parse block 292691130,cost:38 ms
parse block 292691129,cost:47 ms
parse block 292691128,cost:39 ms
parse block 292691127,cost:40 ms
parse block 292691126,cost:62 ms
parse block 292691125,cost:13 ms
parse block 292691124,cost:45 ms
parse block 292691123,cost:90 ms
parse block 292691122,cost:45 ms
parse block 292691121,cost:23 ms
parse block 292691120,cost:62 ms
parse block 292691119,cost:38 ms
parse block 292691118,cost:33 ms
parse block 292691117,cost:64 ms
parse block 292691116,cost:11 ms
parse block 292691115,cost:64 ms
parse block 292691114,cost:30 ms
parse block 292691113,cost:37 ms
parse block 292691112,cost:59 ms
parse block 292691111,cost:30 ms
parse block 292691110,cost:35 ms
parse block 292691109,cost:32 ms
parse block 292691108,cost:49 ms
parse block 292691107,cost:40 ms
parse block 292691106,cost:71 ms
parse block 292691105,cost:62 ms
parse block 292691104,cost:94 ms
parse block 292691099,cost:31 ms
parse block 292691098,cost:35 ms
parse block 292691097,cost:56 ms
parse block 292691096,cost:117 ms
parse block 292691095,cost:55 ms
parse block 292691094,cost:56 ms
parse block 292691093,cost:38 ms
parse block 292691092,cost:27 ms
parse block 292691091,cost:40 ms
parse block 292691090,cost:39 ms
parse block 292691089,cost:29 ms
parse block 292691088,cost:38 ms
parse block 292691087,cost:29 ms
parse block 292691086,cost:61 ms
parse block 292691085,cost:26 ms
parse block 292691084,cost:40 ms
parse block 292691083,cost:54 ms
parse block 292691082,cost:36 ms
parse block 292691081,cost:27 ms
parse block 292691080,cost:39 ms
parse block 292691079,cost:93 ms
parse block 292691078,cost:52 ms
parse block 292691077,cost:22 ms
parse block 292691076,cost:70 ms
parse block 292691075,cost:42 ms
parse block 292691074,cost:45 ms
parse block 292691073,cost:18 ms
parse block 292691072,cost:54 ms
parse block 292691071,cost:45 ms
parse block 292691070,cost:17 ms
parse block 292691069,cost:52 ms
parse block 292691068,cost:55 ms
parse block 292691067,cost:5 ms
parse block 292691066,cost:45 ms
parse block 292691065,cost:42 ms
parse block 292691064,cost:55 ms
parse block 292691063,cost:38 ms
parse block 292691062,cost:24 ms
parse block 292691061,cost:30 ms
parse block 292691060,cost:94 ms
parse block 292691059,cost:8 ms
parse block 292691058,cost:13 ms
parse block 292691057,cost:22 ms
parse block 292691056,cost:30 ms
parse block 292691055,cost:51 ms
parse block 292691054,cost:24 ms
parse block 292691053,cost:42 ms
parse block 292691052,cost:69 ms
parse block 292691051,cost:4 ms
parse block 292691050,cost:12 ms
parse block 292691049,cost:43 ms
parse block 292691048,cost:93 ms
parse block 292691047,cost:37 ms
parse block 292691046,cost:32 ms
parse block 292691045,cost:66 ms
parse block 292691044,cost:38 ms
parse block 292691043,cost:29 ms
parse block 292691042,cost:39 ms
parse block 292691041,cost:31 ms
parse block 292691040,cost:27 ms
parse block 292691039,cost:30 ms
parse block 292691038,cost:91 ms
parse block 292691037,cost:40 ms
parse block 292691036,cost:95 ms
parse block 292691035,cost:36 ms
parse block 292691034,cost:15 ms
parse block 292691033,cost:66 ms
Invalid quoteAddress: undefined, skipping transaction 37nhmH6aimvg23ivfy4tST3Rmjk41Wst4NuH3BGH482cL9kHJZiMxiA8kSavHAYHK9Vm5VCX8XN3Lq2KcUEugaS7
quoteSymbol not support J4kisnm6yA9gHXhyCmmoFEV8C4eTnHDKBC4Tcd6upump, skipping transaction tZrsscZ2WTEjagFDdr2idQuMibMUpNLNr9eu6kkgw5mGnRdsNDCQurSDX56fuCHVxXeuvDwzeMyhvpkNhoeViFn
quoteSymbol not support 2niLT8fZQi8GDJQWs8SUWu3uxnRMMAwHzFPPZ8C8pump, skipping transaction 4KG46gYKcUzqAyAw375Jcdg1KceAYRvfFvrtCJVSud6wTcdFY1Lo6tMyFWQiD8L8c6kr7bHTDE5rngxWMuMjGnUe
Invalid tokenAmount: 0, skipping transaction 1E8vFLirucws7FtQUopZZtstpSrto9bvBRBms5Np15d5AztoMkfZfkdiRk3BrjkEFh7LofZGpHVURCXiutVCk5u
Invalid quoteAddress: undefined, skipping transaction 2D29aaPhJPMQmdKHd2RUjT79mfvdpat9UpbSQKpvLfoCU9p7t4nXurAe5Mb54mJ7B2zcFTLWiAd7JJ9igM4Q1Ky1
quoteSymbol not support 27G8MtK7VtTcCHkpASjSDdkWWYfoqT6ggEuKidVJidD4, skipping transaction 52rSk9t6x977SBrqqFL2MrfWZnkiTa2Fzo6e7oAC2oKtyhH1Act6i83qxMVSbopujyUD5nsC3zCzDrf4pmfLdFEF
Invalid quoteAddress: undefined, skipping transaction 4aWYWnQD6xw5pwJUKYVB36QSnCXtAa43TWnwkqhvrjPPWrUWqAgH8FUQJUbyz7yH7kv2HiQdyGUpJLpJNAupuUXV
Invalid quoteAddress: undefined, skipping transaction 3YgvAcZk7PGfKnchp2TAJW2rVKf6chqwG8BxZrqh68sqryZdyFPdtE3K2UES5dSAKgu3pSa12oEopLAop5FG6km6
Invalid tokenAmount: 0, skipping transaction 2E74xzmrrc2ABDNQpNa6gwiPZ4V5GicoqTo4pYiGxH9seRmVdtnjAJSSp7ZS8PYMbPHx3g3ZbhF3reTNKymMr9RF
quoteSymbol not support 2niLT8fZQi8GDJQWs8SUWu3uxnRMMAwHzFPPZ8C8pump, skipping transaction RxV46UmEEqG93JAgyNuGEnqsV8VX7N3hueLaGjm44aqG2W52Vag5FAAXwnS7D8bwYVRm95cSb7CU5y2SEi5bAXD
Invalid quoteAddress: undefined, skipping transaction 3NAAXBdKE4EygAM8PifDeNv26ZpN2hoAckh5CeHbwe7kLedmVv5Bzk3z6ZdavqV76E5RJKWv761Bh3KMvhqxr3AT
quoteSymbol not support J4kisnm6yA9gHXhyCmmoFEV8C4eTnHDKBC4Tcd6upump, skipping transaction 4ESQTeNj3F9WBqaDb4YYyT9gS45GGdUXV3FXknLxEK6fv9RbEN9cHdDivvsxqZKdLFhkYyCXMn6aBPS7fEUg1N3Q
Invalid quoteAddress: undefined, skipping transaction 3aNu2yTstSTvpkpxvHybiK4UxPju7iMBRwH9zu6ee4M1U12Xxm7VTxQgVzf8SBfSTyEjqKiXkF4BrcLkyWyGMRnk
Invalid quoteAmount: 0, skipping transaction 2viUQn426fjzEPGQE8fLQwTxEkaTuxjjc9E7LBs2H4czxiHshe2j8h1HLdYNNB7uSRyRBXpUGLqfGKtYU8yeVcrL
quoteSymbol not support 3ZjW3e5xcg9qCmDoS9KLuFVReavB6GhUvJCRkF8maxA6, skipping transaction 22rw6qfUB4UVSEokymXYoxnEU4q3U9F7BJ6jBuGxD4yUZyNBKrVaPPxRex4FgpEGDAMiSD2Pjkgj5M6bmS7szyKF
Invalid quoteAddress: undefined, skipping transaction 3aRpYNzLwpHGKmmNRKAz5rA1huB6zpNfcLe8Eyh3oeCmAxfpuAfgorewS6rrAGGMnmTZMhAnQiALPpTnn1UXkH4T
quoteSymbol not support 2YR72Qtd4Z4odM9TNXLbdJRCsyYQj13p7FcfNBR8pump, skipping transaction wGbgDjsQeS4d8eXbtu2YQP926Yq3CCRjy4tpjKAsP5NR9vP9mL4e9Yz6FwxCL4iXfadrCrBPnWSxdkCpzrNzdsH
Invalid tokenAmount: 0, skipping transaction PUPXMzhg5sF9LsXJNoymhie774KMDjUnLFpgyEZnh6hicPrTECCJhJPUu5ubYWThnwW24bHcDGjEe74LXSHEayK
quoteSymbol not support DYokMyUMqGV9h2BeNpjPK8g4iVTKFPWbM9r1GUAQpump, skipping transaction UNZkf3LTvtJioYNL4F6mSXUCPYnxh4sNYT5m9UqhzQH1yPbchSVpxBCd5qQ4LGBzp4tGRHaJzajx4irqkciAZbv
Invalid quoteAddress: undefined, skipping transaction 2jS5K5kVC3wu8W6PEp9vZjyPryoMPSckJP1DEohWrnyg7amQ5z8y3rjRFJaAUbFuCek5V9NUeUDvK6CsQcSszPY8
Invalid quoteAmount: 0, skipping transaction fDprfkp7FnhLwmqFXX2hv6e66JbfGvMSMcYRK5CWTZ9MWnDWyiSEigY59rpavqSJmxMQvj9PYhjdv3zxcZZSsg7
Invalid quoteAddress: undefined, skipping transaction Jj1qgg6WR1hzaB5R34fNb8on8zkW9Bjzz62BYYcrDNYBFr4tDmwKNFhhBqGp9xmvAKKZEf4gGGrTjVQyySpdoZf
quoteSymbol not support 7GCihgDB8fe6KNjn2MYtkzZcRjQy3t9GHdC8uHYmW2hr, skipping transaction 2R9kJTqvhLzwn557BN2eRd26ohEQa1hXBjyte3EpemyGoUpJ5cLhtL8UsLqPvLq8zAou22nsf2JazhDrKzjBFkRz
Invalid quoteAmount: 0, skipping transaction opzbv7bcp9iXUc3EUW6Z8AUHfTfxemNCADejD8RSzjb8oAwWywYn4j337NpKE2GUMdgfgcEcDyLh4jw3qHqmtTQ
quoteSymbol not support 2niLT8fZQi8GDJQWs8SUWu3uxnRMMAwHzFPPZ8C8pump, skipping transaction QSaybjyW4sV9afYukmgFnCa6Xf4vR5nmv1GiKqeo3mcGYoJtCTwJP7dS4ZLbpQqA3T6pyuxtj6KsexZzKhQPsKA
quoteSymbol not support 6asRuqr7yJtqDaqRcPBL5A3J8Q5LyuQt6tqy1N5cpump, skipping transaction 3jKjn15AT3kmCgubu1QQjieNBKCY9f91E8ZTQApj26ZxKr6y6gX6nABtFKkPbafec4tHmivYJaAjehwnfigN2sJF
Invalid quoteAddress: undefined, skipping transaction 43QPoRMtB56Lqr34cpuVfDrNiajaxHSWRfZdHfGNwrSmqiYTMMPt2CgTRP2nFaR9bDcgaw6gZQrmijuyfisLJ9CC
quoteSymbol not support GDzfemoYR5GkbK4YupYpyq3E8Du9fSfKXxKDpkdrqGjs, skipping transaction 3qCEAxR1JguwfPpSmmvotKMVn4tyHiN9b7NRVkh5Kr4JTfb5xxJ15d6bhLsL9ciNy4HQspk2vsEo7JL6E3Xh1iXy
quoteSymbol not support mSoLzYCxHdYgdzU16g5QSh3i5K3z3KZK7ytfqcJm7So, skipping transaction YERoSADy4VURAwenUSYFdGNPVVJgYNQ64KPDYBMM4Jjj5pku2Z3DEWeV2z85N5eeHx7mkGk2vmRSetYAg6qVCD8
Invalid quoteAddress: undefined, skipping transaction 2mT5Pn8qCTFgYawGpEFoy4XgZswE84LqQaLZLFda126m3a27nD9ySoT9ZbxQ59KxD64S2U7JdK6h814fCHGC72Fx
Invalid quoteAddress: undefined, skipping transaction XsrpH52MpV2hPJYCEm2rEBVgonKmwZnPiKs2tvUAPHwkuGfqaG9BhWkzPqbUGpBTE29AdXtVwdU45XSa7wLVhEd
Invalid quoteAddress: undefined, skipping transaction RSQhfbzmyVsrmhbe5LZJUBHy84kVnrgbbwsWWmJg6N2Ve6JRBtKYFS7iigNaTHA7Asv1nGB6PrKXNAWPiWL4JRn
Invalid tokenAmount: 0, skipping transaction 4xMk7KoKta5vkLL6wwtRRPweZDHAqu1q7iS2buUZZvPCNJ6xGiUAutTM2RTSZDibJL9GABd2bCx7W9kEtqEeHme4
Invalid quoteAddress: undefined, skipping transaction hYvB4QDnLiaNbybeUqtRNAUEUoVNhKYTTpCihR97QWzjgzX3xDCrCm4d3cUWbj4PpN4WxaeUuxHZJATSJu8MxLu
Invalid quoteAddress: undefined, skipping transaction 9J2y6SyBwGJWrTKoZEvyui6wrtZAkfrVwhR4bAnPcRBe3S37NSNpMuVAtpPEvm9ScdXbwMnbssWomQvQkbCag6Q
Invalid quoteAddress: undefined, skipping transaction 3MiU9h7hF45y6vyY6seTPPJU9Ji1LBk9ZSaAW3mkFawcrKp3Fp9JNFNF388Mys1KXab8CwsG7NoxnNKT3dXE9cwJ
✅ 插入 8721 条记录到 solana_history_data_new
HIGH PERFORMANCE: parse 96 blocks, cost: 4670 ms
[Port 8019] server total use, cost: 4671 ms
97
parse block 292689532,cost:24 ms
parse block 292689531,cost:43 ms
parse block 292689530,cost:53 ms
parse block 292689529,cost:17 ms
parse block 292689528,cost:39 ms
parse block 292689527,cost:54 ms
parse block 292689526,cost:65 ms
parse block 292689525,cost:39 ms
parse block 292689524,cost:25 ms
parse block 292689523,cost:93 ms
parse block 292689522,cost:37 ms
parse block 292689521,cost:48 ms
parse block 292689520,cost:62 ms
parse block 292689519,cost:4 ms
parse block 292689518,cost:15 ms
parse block 292689517,cost:41 ms
parse block 292689516,cost:74 ms
parse block 292689515,cost:18 ms
parse block 292689514,cost:37 ms
parse block 292689513,cost:38 ms
parse block 292689512,cost:35 ms
parse block 292689511,cost:37 ms
parse block 292689510,cost:3 ms
parse block 292689509,cost:57 ms
parse block 292689508,cost:104 ms
parse block 292689507,cost:34 ms
Invalid tokenAmount: 0, skipping transaction 3tiNqLmNdx2gZe3fPASoNCXtxeHdcJnk89YhVtiG5WDerrTkEYATyFJW129VK4tUGg1TzmbF9b2AKP5FTL7jFQx3
parse block 292689506,cost:38 ms
parse block 292689505,cost:26 ms
parse block 292689504,cost:32 ms
parse block 292689503,cost:29 ms
parse block 292689502,cost:55 ms
parse block 292689501,cost:36 ms
parse block 292689500,cost:89 ms
parse block 292689499,cost:33 ms
parse block 292689498,cost:17 ms
parse block 292689497,cost:16 ms
parse block 292689496,cost:40 ms
parse block 292689495,cost:25 ms
parse block 292689494,cost:29 ms
parse block 292689493,cost:56 ms
parse block 292689492,cost:50 ms
parse block 292689491,cost:42 ms
parse block 292689490,cost:5 ms
parse block 292689489,cost:26 ms
parse block 292689488,cost:68 ms
parse block 292689487,cost:58 ms
parse block 292689486,cost:59 ms
parse block 292689485,cost:32 ms
parse block 292689484,cost:39 ms
parse block 292689483,cost:38 ms
parse block 292689482,cost:20 ms
parse block 292689481,cost:31 ms
parse block 292689480,cost:53 ms
parse block 292689479,cost:56 ms
parse block 292689478,cost:9 ms
parse block 292689477,cost:42 ms
parse block 292689476,cost:42 ms
parse block 292689475,cost:32 ms
parse block 292689474,cost:31 ms
parse block 292689473,cost:30 ms
parse block 292689472,cost:66 ms
parse block 292689471,cost:4 ms
parse block 292689470,cost:55 ms
parse block 292689469,cost:54 ms
parse block 292689468,cost:61 ms
parse block 292689467,cost:33 ms
parse block 292689466,cost:17 ms
parse block 292689465,cost:30 ms
parse block 292689464,cost:35 ms
parse block 292689463,cost:24 ms
parse block 292689462,cost:44 ms
parse block 292689461,cost:32 ms
parse block 292689460,cost:47 ms
parse block 292689459,cost:55 ms
parse block 292689458,cost:39 ms
parse block 292689457,cost:40 ms
parse block 292689456,cost:22 ms
parse block 292689455,cost:35 ms
parse block 292689454,cost:49 ms
parse block 292689453,cost:19 ms
parse block 292689452,cost:23 ms
parse block 292689451,cost:51 ms
parse block 292689450,cost:45 ms
parse block 292689449,cost:56 ms
parse block 292689448,cost:54 ms
parse block 292689447,cost:35 ms
parse block 292689446,cost:37 ms
parse block 292689445,cost:42 ms
parse block 292689444,cost:32 ms
parse block 292689443,cost:67 ms
parse block 292689442,cost:60 ms
parse block 292689441,cost:64 ms
parse block 292689437,cost:65 ms
parse block 292689436,cost:100 ms
parse block 292689435,cost:21 ms
parse block 292689434,cost:3 ms
parse block 292689433,cost:47 ms
Invalid tokenAmount: 0, skipping transaction 225y2cEEqgq6b9LpDxx1WL4hMfkJpPRctUjXZuMeki54Fp2NBMB73vuKDzSfWK4dB8zCcjPPoYrcFoyZL4gbYc7o
Invalid tokenAmount: 0, skipping transaction 3k5utiXecLHXc246cKj7yAvTSDryuccfMirGxuWGVw73x2wweR89WHWgbaZuirH5jHJiC1zSNK2LMUgbAoYh6kwQ
Invalid tokenAmount: 0, skipping transaction WqJeq1zkyLyR8bHWksaiERBKGVFzD5T4Kb6PFFrXfkKwK9rtyCVuvSitZ1Fi8TdrGBGfkoB7VDPBf5TUUFedXuN
Invalid tokenAmount: 0, skipping transaction JERDRYMtAgYQADDJErxyp9JPz68AQCPtMD5USHrhgkN82dWu66sdTw2zH7uf5pefLfmH4vvQ4LExdZK9B3L6tAQ
quoteSymbol not support GENEtH5amGSi8kHAtQoezp1XEXwZJ8vcuePYnXdKrMYz, skipping transaction 5oLxfGaitXjz1DkNhqMe23kAv7Q1u4Rrg42RWo734CHDSV6m5aKxZQeCLf6rNK52xJn9TDz5zjoifZ36N8S1J3rP
Invalid tokenAmount: 0, skipping transaction usoRaQZ4z3EqcBZbyZSE6jrz85N8p2bBzGCNq5xEUXDeRJQZcVzesykmnFBUGe5XvMLT6VnTdZ49ZyeC5LX9Ahy
quoteSymbol not support EWGhKWVET7dRB4Sy6gzDWT4mSyqknfkWhuR38JoZCnDP, skipping transaction 9HRtZmbupC8Y5BPwctePCe3ppDMhYoraz7KnUCznsCS4R9A3z5pCbFuaRupf6Y71nYHjRdd8oZprKiyd7czw7yW
quoteSymbol not support 2TgzyxGRfCz7EJQb7daUz6sZgwvVYkZBdJtFDeHopump, skipping transaction 4PLV92J6avBiAYhPAvLSN4cG3WoYKvhgVS6WKbQibanqh1WXiShASWUjAWMLZwrn5bHcHaA7ndCCCzzPPmky21io
quoteSymbol not support J8rEKJV23F5iy6HMNjrb8L1aDybsH6qubNCC9zg3pump, skipping transaction 5P9yzeyPMq7uD7D7UKnx3yhc91HXhxy4vez3apNTBj8hXAbNseexdP55FeL2shRzUu2UpdphfMz62KdpB92EVUBa
quoteSymbol not support EWGhKWVET7dRB4Sy6gzDWT4mSyqknfkWhuR38JoZCnDP, skipping transaction 4yovw1p9MFhrbpbhym9cbAhKoEsKvAcaiP4bNs6dXrFdo9K1n2hX7TpFvD8632PkXPvKCzEAYrxcuuYkx7swZePt
Invalid quoteAmount: 0, skipping transaction 3CD8eY3WCxusuoxa1LGbKmxJyyNTRuTc5gbmFST7c1TWBf97YSG9j8jzANTTDM4KsrVg9HaR7pmfRszZJqUa2edJ
Invalid quoteAmount: 0, skipping transaction 2UXbek1ZrNwPNTdTHttyZMN4zY7WZ8u7NcMq7FvV2fvKT41Up1JqfEdXDNP7ofckEHwkxZFQHowqBm1FoPeaftn4
quoteSymbol not support 63LfDmNb3MQ8mw9MtZ2To9bEA2M71kZUUGq5tiJxcqj9, skipping transaction 2yQ3zVedepXbCDsWy9trMsvmttgYtvESmEtWeD7ci1oU3T6KczLbumRQRWR6J6nFQcBoY1w7tHNL6XcNoAmr7NwQ
quoteSymbol not support J4kisnm6yA9gHXhyCmmoFEV8C4eTnHDKBC4Tcd6upump, skipping transaction 5fdTXpmEvv3XjLQwQcNY5nYYF3sTkxN2FaB9HHz6VRHdGFziaW2UPq1x6RPuCMjGmcs6QpJ2Nzq2nszhdXyB4JTe
Invalid tokenAmount: 0, skipping transaction 44shCv9iT4uqX4MWJ1Jd5Ga8qDPZQuTYiq3EQrjDeDcKpqyom7uMaNYe1jehLf5dsyS6KQBB8dVXsUu3ov4823Xz
quoteSymbol not support J4kisnm6yA9gHXhyCmmoFEV8C4eTnHDKBC4Tcd6upump, skipping transaction 41cSDpuoVFo4262kTWTvRXogBdJZ49e2YdvYhqdBomXDuuKdWcLFWUic3RShZQhebysuT4BsUdzk4h5ew9eZXHuv
quoteSymbol not support 27G8MtK7VtTcCHkpASjSDdkWWYfoqT6ggEuKidVJidD4, skipping transaction 23waTGBE6VsoUm6UCp3WjFZJb3hnEwuJSTeBwAWkZTnD7oyCeB8PYczGpdMhYfjQZhyXEGfHwUnUQyq3zzZpaUVE
Invalid tokenAmount: 0, skipping transaction 4Z8LAUWAZjjznTK2sJxFfTqwGMjH5tHXXTxNTK7eEvkCWStDWKyHiMhwbBuoXy6dC4nLYcfaoqaqjHmqJ4jDFHdo
Invalid tokenAmount: 0, skipping transaction 5usMJ4cdacBSH9awjmzgy5ZCoLo3JPFQfDypqAtEKW3dHm5YFZdaBqGbz1EHhuaNkeAMP9GKFXXkRgQzwrT3h5MD
✅ 插入 7729 条记录到 solana_history_data_new
HIGH PERFORMANCE: parse 97 blocks, cost: 4384 ms
[Port 8019] server total use, cost: 4384 ms
92
parse block 292684231,cost:48 ms
parse block 292684230,cost:55 ms
parse block 292684229,cost:53 ms
parse block 292684228,cost:36 ms
parse block 292684227,cost:44 ms
parse block 292684226,cost:46 ms
parse block 292684225,cost:16 ms
parse block 292684224,cost:47 ms
parse block 292684223,cost:23 ms
parse block 292684222,cost:30 ms
parse block 292684221,cost:52 ms
parse block 292684220,cost:80 ms
parse block 292684219,cost:61 ms
parse block 292684218,cost:24 ms
parse block 292684217,cost:25 ms
parse block 292684216,cost:25 ms
parse block 292684215,cost:33 ms
parse block 292684214,cost:25 ms
parse block 292684213,cost:45 ms
parse block 292684212,cost:46 ms
parse block 292684211,cost:32 ms
parse block 292684210,cost:15 ms
parse block 292684209,cost:64 ms
parse block 292684208,cost:48 ms
parse block 292684207,cost:44 ms
parse block 292684206,cost:21 ms
parse block 292684205,cost:28 ms
parse block 292684204,cost:47 ms
parse block 292684203,cost:22 ms
parse block 292684202,cost:36 ms
parse block 292684201,cost:36 ms
parse block 292684200,cost:32 ms
parse block 292684199,cost:44 ms
parse block 292684198,cost:78 ms
parse block 292684197,cost:45 ms
parse block 292684196,cost:43 ms
parse block 292684195,cost:43 ms
parse block 292684194,cost:55 ms
parse block 292684193,cost:32 ms
parse block 292684192,cost:50 ms
parse block 292684191,cost:92 ms
parse block 292684190,cost:67 ms
parse block 292684189,cost:45 ms
parse block 292684188,cost:10 ms
parse block 292684183,cost:8 ms
parse block 292684182,cost:14 ms
parse block 292684181,cost:15 ms
parse block 292684180,cost:84 ms
parse block 292684179,cost:27 ms
parse block 292684178,cost:33 ms
parse block 292684177,cost:13 ms
parse block 292684176,cost:45 ms
parse block 292684175,cost:87 ms
parse block 292684174,cost:45 ms
parse block 292684173,cost:28 ms
parse block 292684172,cost:53 ms
parse block 292684171,cost:22 ms
parse block 292684170,cost:35 ms
parse block 292684169,cost:20 ms
parse block 292684168,cost:76 ms
parse block 292684167,cost:46 ms
parse block 292684166,cost:32 ms
parse block 292684165,cost:25 ms
parse block 292684164,cost:64 ms
parse block 292684163,cost:22 ms
parse block 292684162,cost:36 ms
parse block 292684161,cost:30 ms
parse block 292684160,cost:49 ms
parse block 292684159,cost:38 ms
parse block 292684158,cost:33 ms
parse block 292684157,cost:31 ms
parse block 292684156,cost:61 ms
parse block 292684155,cost:34 ms
parse block 292684154,cost:46 ms
parse block 292684153,cost:35 ms
parse block 292684152,cost:48 ms
parse block 292684151,cost:51 ms
parse block 292684150,cost:59 ms
parse block 292684149,cost:34 ms
parse block 292684148,cost:39 ms
parse block 292684147,cost:17 ms
parse block 292684146,cost:33 ms
parse block 292684145,cost:38 ms
parse block 292684144,cost:52 ms
parse block 292684143,cost:57 ms
parse block 292684142,cost:24 ms
parse block 292684141,cost:33 ms
parse block 292684140,cost:51 ms
parse block 292684139,cost:4 ms
parse block 292684138,cost:63 ms
parse block 292684137,cost:57 ms
parse block 292684136,cost:93 ms
quoteSymbol not support 5hNH9FH4AgQ9AVp7vVxydyvSH6MXUpqAFvss1YgZpump, skipping transaction 4bRKTtvPH21Xi2BsrPFoetHgCBq7eezST3JxoRs4Lh2yr5cSnAHK6KG5JJEJ8McGsAN88ymTLWszcPCfM8YaNuAy
quoteSymbol not support 3tY1c5WZ31ZPxocWNwQiyFaPqKrhJxk3znbxzbmUuC32, skipping transaction 4oci6HghBbjzqow6d28x7Y4jUJzycnu7rmb2Kq1fxHEJqHbrTjm7a37bx7oVVCc4DWpqwMy1iJQ4ueJgeeDBq7Sg
Invalid tokenAmount: 0, skipping transaction 65DWddyFRLxvQ9XeFEZKcjHL88zoaavGUbgYLErqHmJpBMyB4RMCAUnc5qr6ixuiLrQ5917AEJjfHorEKu38a9Y9
Invalid tokenAmount: 0, skipping transaction 5ABgBv8ugRCtGiSFKJNAprXtHxCa2PgRgqrpZGoudKaTuKN9cNCX4G2bZgD87szuhh4dvvHN1pJuWnLp5KxXFHbk
quoteSymbol not support AiYhnwWiqbdSiEHgAzqrurcdoZx4V21mnuMt5ps2pump, skipping transaction 5yU3ucqbMjB4qNmA2msvpSUL7JDBnuLKGy1CH26rwF5hNTZ3vhB958hXdwQCT4MhBHmytjdoWdJSFekrVmdXSQ3E
quoteSymbol not support 7vfCXTUXx5WJV5JADk17DUJ4ksgau7utNKj4b963voxs, skipping transaction 2GPYAF5bFpeLknvkFBUF9nBBE6DyrfLAXPnuo55kkPgrTM2AhD8s6hB6wcGhtCDvnAHLMe3XVcvTAQjpBgZVgmUT
Invalid quoteAmount: 0, skipping transaction 2qRGxiMg1nzLXk8Y7TCDd8chApTF9P68S3su6dXwFq6TojDtQX9nsD4TAcku5MdYSNRAXcYdpbccAFzaF6jswhdk
quoteSymbol not support 3tY1c5WZ31ZPxocWNwQiyFaPqKrhJxk3znbxzbmUuC32, skipping transaction 3Pr2p5c55wfwPn2dZEoVRAANK9KhQsum4V5xCEjBPFBpcvZX8bsBqeta64w9X4tZmLATZEvPpf6HBajKjhRkd3nw
Invalid quoteAmount: 0, skipping transaction 56SFpMSbfMjQnjf4bdmVMRdPHYF7dd5mUozMuLNCLkfLHtirQewqnVRC4PvV6dQNtZsiVKRbyGFQdTCZRTGTB7cv
quoteSymbol not support J1toso1uCk3RLmjorhTtrVwY9HJ7X8V9yYac6Y7kGCPn, skipping transaction 2RCm2X8LTxA68PbfoqP3aPAb68hCZkBHr8LZhX6q6VwEbzfXoi9udJjW3DWdFgFFqaqhiZEvreejoGXgtws6aied
Invalid tokenAmount: 0, skipping transaction 3b5Zt84vXHsMXV4pi8U2RH8Js1cn8PRcVof4mfBSF7WWP9ZpAx3ACgKWUbCfduRniWHa2vWqyqUNPVphV7K8pDX4
✅ 插入 6684 条记录到 solana_history_data_new
HIGH PERFORMANCE: parse 92 blocks, cost: 4197 ms
[Port 8019] server total use, cost: 4212 ms
99
parse block 292682732,cost:39 ms
parse block 292682731,cost:26 ms
parse block 292682730,cost:46 ms
parse block 292682729,cost:42 ms
parse block 292682728,cost:44 ms
parse block 292682727,cost:48 ms
parse block 292682726,cost:44 ms
parse block 292682725,cost:29 ms
parse block 292682724,cost:90 ms
parse block 292682723,cost:34 ms
parse block 292682722,cost:22 ms
parse block 292682721,cost:35 ms
parse block 292682720,cost:37 ms
parse block 292682719,cost:66 ms
parse block 292682717,cost:61 ms
parse block 292682716,cost:22 ms
parse block 292682715,cost:36 ms
parse block 292682714,cost:26 ms
parse block 292682713,cost:43 ms
parse block 292682712,cost:41 ms
parse block 292682711,cost:68 ms
parse block 292682710,cost:50 ms
parse block 292682709,cost:33 ms
parse block 292682708,cost:34 ms
parse block 292682707,cost:41 ms
parse block 292682706,cost:46 ms
parse block 292682705,cost:21 ms
parse block 292682704,cost:36 ms
parse block 292682703,cost:52 ms
parse block 292682702,cost:16 ms
parse block 292682701,cost:47 ms
parse block 292682700,cost:56 ms
parse block 292682699,cost:71 ms
parse block 292682698,cost:22 ms
parse block 292682697,cost:33 ms
parse block 292682696,cost:22 ms
parse block 292682695,cost:50 ms
parse block 292682694,cost:40 ms
parse block 292682693,cost:28 ms
parse block 292682692,cost:87 ms
parse block 292682691,cost:0 ms
parse block 292682690,cost:2 ms
parse block 292682689,cost:5 ms
parse block 292682688,cost:11 ms
parse block 292682687,cost:66 ms
parse block 292682686,cost:42 ms
parse block 292682685,cost:22 ms
parse block 292682684,cost:37 ms
parse block 292682683,cost:40 ms
parse block 292682682,cost:45 ms
parse block 292682681,cost:36 ms
parse block 292682680,cost:93 ms
parse block 292682679,cost:35 ms
parse block 292682678,cost:24 ms
parse block 292682677,cost:52 ms
parse block 292682676,cost:28 ms
parse block 292682675,cost:16 ms
parse block 292682674,cost:29 ms
parse block 292682673,cost:35 ms
parse block 292682672,cost:41 ms
parse block 292682671,cost:33 ms
parse block 292682670,cost:17 ms
parse block 292682669,cost:36 ms
parse block 292682668,cost:109 ms
parse block 292682667,cost:12 ms
parse block 292682666,cost:40 ms
parse block 292682665,cost:10 ms
parse block 292682664,cost:41 ms
parse block 292682663,cost:24 ms
parse block 292682662,cost:37 ms
parse block 292682661,cost:32 ms
parse block 292682660,cost:33 ms
parse block 292682659,cost:33 ms
parse block 292682658,cost:34 ms
parse block 292682657,cost:31 ms
parse block 292682656,cost:56 ms
parse block 292682655,cost:46 ms
parse block 292682654,cost:19 ms
parse block 292682653,cost:19 ms
parse block 292682652,cost:18 ms
parse block 292682651,cost:40 ms
parse block 292682650,cost:61 ms
parse block 292682649,cost:35 ms
parse block 292682648,cost:48 ms
parse block 292682647,cost:44 ms
parse block 292682646,cost:19 ms
parse block 292682645,cost:29 ms
parse block 292682644,cost:34 ms
parse block 292682643,cost:21 ms
parse block 292682642,cost:17 ms
parse block 292682641,cost:18 ms
parse block 292682640,cost:54 ms
parse block 292682639,cost:33 ms
parse block 292682638,cost:12 ms
parse block 292682637,cost:44 ms
parse block 292682636,cost:35 ms
parse block 292682635,cost:58 ms
parse block 292682634,cost:69 ms
parse block 292682633,cost:61 ms
Invalid tokenAmount: 0, skipping transaction 5qAznwiHz5LwiNHgVN1s4Ng23bBhsGDfv6RKejJmXCno1TRHfWgptZ6L8Aon4gdGY5X1oZFHwa52xWzdczgyqC2f
quoteSymbol not support 2YR72Qtd4Z4odM9TNXLbdJRCsyYQj13p7FcfNBR8pump, skipping transaction 62yy4hJJmL5vC4Bg7MJo3aZwGv5LsCesiaZsnM8EAAWFV63ECC1a2ny1AHKenCScjnsBkRZvYkYHUSEu8y4FDD6K
Invalid quoteAddress: undefined, skipping transaction 5drPxAXQwUgxeMimw632TohMmtsqRXWfvjz739DVdbo83xaoCdqoaKMxGAdw56niHxnpZWH6AnUc2NhyFjZuoEFH
quoteSymbol not support EC4t98EG3SxHwjdX2EbtBvDkeDvRiGQKgCsRLR7zpump, skipping transaction 4WXpy2qwWUTsqNozPnBeKFu9cVy7S9PqNjWcFTZEkrTaPj748kPnYC6kkrM65piayNLczPcZDQazK6Jiysjck1BV
Invalid quoteAddress: undefined, skipping transaction 2Cc5WrUYvK8Rsa2PkHg7bbfkhaarnkrqvNGvS7RVA6kfxK24dGxtG3zTrQskdfcfHkW9WNUUnXYN8hgguR4BvtJw
quoteSymbol not support 6kEvCTz5n8a7VARG32wP2cbo3Qir9VjUVMsihrd3sP3q, skipping transaction J8V5JgcXTsfxNM8pvpsdZkBntCL4U5sut4NiixEwJfBH1RvosTpc79GRPWysZFLCtzdxaXD2gkGhrubjLaGi4yu
quoteSymbol not support DUp2qMMGuACziKeyZRtH9cuKyqtYpqJ24iZg6tVLpump, skipping transaction 3sJgHaeNgXbX8NEAEwGEaKsusj9EHo6pmpnYsaZG6idEsizUKMMCykYGg4CMoX34LeMk1rF2TniXATt9P5MZrNT4
quoteSymbol not support 3MCD23XhMCyH8kLqHFbfbLZnpZWeBqx4bTojWyJcpump, skipping transaction QNDkE3eVudU23frb2SAPe8DraNoi6pgbP38njJxJGjPdaxh2bfiyBjKKCqKNovaTBGGdAbn31wTZ3HSi82z2abT
Invalid quoteAddress: undefined, skipping transaction 4tJ7SmrB8gM92ryDn7RFTxms9ZwK8eowEWXzCQyy9iCMqFBswtMFuNj8P2msH5XE8V8Lskvmd2LG8C9d1NqwPgLm
quoteSymbol not support 3MCD23XhMCyH8kLqHFbfbLZnpZWeBqx4bTojWyJcpump, skipping transaction 3oeAhEKam7Y7jGEKxTR2Kx5hycW5ZoVnwg9MTgUr4TooC8QiZBXf5nWNWZEFNfyNPnuW84Bpbovyn3BUYgxChHAt
quoteSymbol not support 3MCD23XhMCyH8kLqHFbfbLZnpZWeBqx4bTojWyJcpump, skipping transaction 3oVTJSt5GmSUZBqSyAVREpPKvfbF47nsQ8dH8CevsNgf4KE8RP7kQyQK3N1E9EXztuPvAmWycq7KmRW4Wd26vdAz
quoteSymbol not support 28tVhteKZkzzWjrdHGXzxfm4SQkhrDrjLur9TYCDVULE, skipping transaction 2LSjiiUXXJrNHo55cjWbHYHbTx7d7moh75BLNY2GDyu7wYgyR1goTKDWYymT8D2kEGY2DSJiQccDoHqyHzRansH3
Invalid quoteAddress: undefined, skipping transaction 4LpiG4KQGEvatELe4mZoG5nkQebeDFbTGzWoyHnGTpK1X5izEhW8H2HbCWxcexn5e4spoJaQTdfTrspcQAc1ddy8
Invalid quoteAddress: undefined, skipping transaction 3e86o1481Wa23RzKgZg3wZZVNS3UAciprAYRDAj99WAGfCM5sCoURefjeJYJx7Y3jxXArx2ca1k33PTwCyqPiWxx
quoteSymbol not support CEdKYVwEee47oSZuq8BvwFFpwaNiYmVeFt45hSdZpump, skipping transaction 4HL6wnYGqtDjWgL7ALdVmdCR6i11ZBpcEBhrrpKCrd6dSJVada5eZfu7cBaJ87G2fztMgbakr9YjDvGycNjf5p2k
Invalid quoteAddress: undefined, skipping transaction 5DgpZox5q449VEZWywKWhYcFicG9V1w8Y26Lv9jqNY2tXzGYDZBGSQcUKUMHgerPSRYSWqHkxst1dEWwAGU1SgeY
Invalid quoteAddress: undefined, skipping transaction 5xSUF4yoVW7nn19YCbgbRQUsZu9WV5Ud9XrsZQ8QdkddgUwx4Ms9As3QK4MqPQmd4dEZVARQvmcJPjMYdPscGE9N
Invalid quoteAddress: undefined, skipping transaction 5Ti68toZJGVRpJtV7W35TE5bL6zh69mswzhLEZ7AP2tvG9XqKNe36ft24uS1DuCrc5AoAt39D8Z9HontQDF71GwQ
Invalid quoteAmount: 0, skipping transaction 2UXfnFQR8PcG1TL4tSAibNaoytspPfBn3YRFrjvsPP5VMeVZdkJsz6BcHABN5kqkEttCoKN84KHfGwWLzyFCtFYX
Invalid quoteAddress: undefined, skipping transaction dQDXaP6gZLzx2kSizkfP6UUvpA7pHTmAmHvdg8JGcotRn5yeQwXs62pY5k4D34Ns7vHfsWfR46SvUj9DSPo25sP
Invalid quoteAddress: undefined, skipping transaction 5vb1NuhUfe7EWVxR41vNsV6Pce6LuoV3pLNgKBLYDwtcTV94uvAymY32jWxSdBqkvoMPNkMTxbCZdVDRatpQbL9g
quoteSymbol not support ED5nyyWEzpPPiWimP8vYm7sD7TD3LAt3Q3gRTWHzPJBY, skipping transaction 2G2JCiq7mqNNDRaaSbZ6cgDkBGz4w6KGxCphSyTEfxhYZ9RWfmV4VEwh596NfqUXJrsaijfCkcSv7NmcK7ZqVzPk
Invalid quoteAmount: 0, skipping transaction 4UwratkiEJv6nL1GGeuw47A22MxRutavZjEAhDaAVA6x5ECDci2rkK7FuQjGYx3s34Y3AEXUzAU44adFoW7WQ5v7
Invalid quoteAddress: undefined, skipping transaction 572RsZQw3tXQWDFHn6gHxFmM4PhiBsCWVcqTaebpowDf4a9S2Cj9EFAqopqetfvhmv41vNNUYsXo93s4AmUKcjmt
Invalid quoteAddress: undefined, skipping transaction rqoXXg1XVxsUPdsV41qgh3JQcxMJKJ4M8wy7XfhPJSxvy2rgphe74cD2CZHjemQKN9qQ5241JWwMLYdKpXB7SQy
✅ 插入 7307 条记录到 solana_history_data_new
HIGH PERFORMANCE: parse 99 blocks, cost: 4137 ms
[Port 8019] server total use, cost: 4137 ms
91
parse block 292679032,cost:48 ms
parse block 292679031,cost:51 ms
parse block 292679030,cost:30 ms
parse block 292679029,cost:46 ms
parse block 292679028,cost:33 ms
parse block 292679027,cost:34 ms
parse block 292679026,cost:60 ms
parse block 292679025,cost:27 ms
parse block 292679024,cost:14 ms
parse block 292679019,cost:27 ms
parse block 292679018,cost:85 ms
parse block 292679017,cost:110 ms
parse block 292679016,cost:64 ms
parse block 292679015,cost:31 ms
parse block 292679014,cost:0 ms
parse block 292679012,cost:4 ms
parse block 292679011,cost:44 ms
parse block 292679010,cost:36 ms
parse block 292679009,cost:54 ms
parse block 292679008,cost:74 ms
parse block 292679007,cost:34 ms
parse block 292679006,cost:26 ms
parse block 292679005,cost:25 ms
parse block 292679004,cost:73 ms
parse block 292679003,cost:1 ms
parse block 292679002,cost:0 ms
parse block 292679001,cost:0 ms
parse block 292679000,cost:30 ms
parse block 292678999,cost:50 ms
parse block 292678998,cost:50 ms
parse block 292678997,cost:71 ms
parse block 292678996,cost:32 ms
parse block 292678995,cost:46 ms
parse block 292678994,cost:47 ms
parse block 292678993,cost:69 ms
parse block 292678992,cost:44 ms
parse block 292678991,cost:59 ms
parse block 292678990,cost:32 ms
parse block 292678989,cost:62 ms
parse block 292678988,cost:44 ms
parse block 292678987,cost:54 ms
parse block 292678986,cost:29 ms
parse block 292678985,cost:28 ms
parse block 292678984,cost:48 ms
parse block 292678983,cost:35 ms
parse block 292678982,cost:80 ms
parse block 292678981,cost:48 ms
parse block 292678980,cost:11 ms
parse block 292678979,cost:37 ms
parse block 292678978,cost:38 ms
parse block 292678977,cost:51 ms
parse block 292678976,cost:30 ms
parse block 292678975,cost:35 ms
parse block 292678974,cost:34 ms
parse block 292678973,cost:60 ms
parse block 292678972,cost:44 ms
parse block 292678971,cost:54 ms
parse block 292678970,cost:49 ms
parse block 292678969,cost:66 ms
parse block 292678968,cost:44 ms
parse block 292678967,cost:81 ms
parse block 292678966,cost:26 ms
parse block 292678965,cost:42 ms
parse block 292678964,cost:65 ms
parse block 292678963,cost:31 ms
parse block 292678962,cost:38 ms
parse block 292678961,cost:72 ms
parse block 292678960,cost:3 ms
parse block 292678955,cost:33 ms
parse block 292678954,cost:31 ms
parse block 292678953,cost:57 ms
parse block 292678952,cost:83 ms
parse block 292678951,cost:28 ms
parse block 292678950,cost:23 ms
parse block 292678949,cost:40 ms
parse block 292678948,cost:42 ms
parse block 292678947,cost:49 ms
parse block 292678946,cost:66 ms
parse block 292678945,cost:35 ms
parse block 292678944,cost:24 ms
parse block 292678943,cost:32 ms
parse block 292678942,cost:26 ms
parse block 292678941,cost:41 ms
parse block 292678940,cost:29 ms
parse block 292678939,cost:37 ms
parse block 292678938,cost:89 ms
parse block 292678937,cost:42 ms
parse block 292678936,cost:52 ms
parse block 292678935,cost:37 ms
parse block 292678934,cost:34 ms
parse block 292678933,cost:15 ms
quoteSymbol not support DjjR9m7hRi8FckyaLQMxFNxftSdefme9SzA7zS5ED6F9, skipping transaction 616CePHnEdoiZiXVs5Wy8BvrKjtDkHyE6DGGhbdFAMzRtaMq9eDEZtCcRny3StwjxFHy3x55eCujVCb9sN4rRVYg
quoteSymbol not support 7M9KJcPNC65ShLDmJmTNhVFcuY95Y1VMeYngKgt67D1t, skipping transaction 5RjYWnxJZwphKr3LdCggPDgvRC4NZ9E1G5bspFW6Fv4pbu7oRSnu4qvKXXAzQ4AsV3TsKann463Uug3tkndfzCJY
quoteSymbol not support ED5nyyWEzpPPiWimP8vYm7sD7TD3LAt3Q3gRTWHzPJBY, skipping transaction 3i6TgAMPmDF3isMhRjcq7ySMAvYzZjokfbQQuzmGyFP2Mvy3YWZc8yNXAe9vsgGFtXw8oxaWqBxKJ84HSR78xZUW
quoteSymbol not support DdL4pdSoDbKt3jw2UGzKFq5pWTEGqYUduKPiMvispump, skipping transaction 5Xa21didDz5Myj5NuZe4kFEyXMiTobLMPWnzf88L2biX3wXKoa43PMcQMh4HoQ4wJqnUVgyMhy6VhsHNu8TwxNKE
quoteSymbol not support ED5nyyWEzpPPiWimP8vYm7sD7TD3LAt3Q3gRTWHzPJBY, skipping transaction 39xbkaCCazVN2EeuMK2BFS2uFcSJZedjKxAJPzMYHpUFPSREd81VtAHYEk1e1jCKhiq1wxKfbsdbhBpxzHa98vSu
Invalid tokenAmount: 0, skipping transaction 44qz323tArKCydj4PPWcP7hvTYJsnwgueZzbWqYTpoqbyR5xG6zKk2mN6mWGKej3oWUiGMyVUT9pcudkXAztogUf
Invalid tokenAmount: 0, skipping transaction 4buX89b4DWR3iGZNkYCZgZFem1MJ3oS3p28sfgUGJkm9G3rXsSj1qLY4WgCdjPFcVT2qr39g4KxEDQE6whU1Ai9e
quoteSymbol not support ED5nyyWEzpPPiWimP8vYm7sD7TD3LAt3Q3gRTWHzPJBY, skipping transaction 2H4Gzdw2hG15d6kJLLqFJ9yV7MJLn8kjKYeh5LuNkR61etNEXj9CmfcWP7GueZj3YbVbKq6pJ6mZX3dWKALDRQPx
quoteSymbol not support ED5nyyWEzpPPiWimP8vYm7sD7TD3LAt3Q3gRTWHzPJBY, skipping transaction 5nuzy7CGnCWKZfrC95yACjx17Z4Nzn8h23gsufd2xionyuWn4YLH6XQKKBgR6NuZtXpm2RKkYYzz5TDBfWjtfafh
quoteSymbol not support ED5nyyWEzpPPiWimP8vYm7sD7TD3LAt3Q3gRTWHzPJBY, skipping transaction 4rxmqp1N8X1D356vLEvdXELUWbfw9ZJbycjfEqnh4SJcFng57Noi3FioVn8iCKNPv7tqSZ4pRBHBV6kRvYCf39vG
✅ 插入 8597 条记录到 solana_history_data_new
HIGH PERFORMANCE: parse 91 blocks, cost: 4310 ms
[Port 8019] server total use, cost: 4310 ms
92
parse block 292677632,cost:82 ms
parse block 292677631,cost:56 ms
parse block 292677630,cost:42 ms
parse block 292677629,cost:21 ms
parse block 292677628,cost:63 ms
parse block 292677627,cost:22 ms
parse block 292677626,cost:53 ms
parse block 292677625,cost:35 ms
parse block 292677624,cost:42 ms
parse block 292677623,cost:40 ms
parse block 292677622,cost:37 ms
parse block 292677621,cost:57 ms
parse block 292677620,cost:51 ms
parse block 292677619,cost:48 ms
parse block 292677618,cost:36 ms
parse block 292677617,cost:52 ms
parse block 292677616,cost:36 ms
parse block 292677615,cost:38 ms
parse block 292677614,cost:36 ms
parse block 292677613,cost:74 ms
parse block 292677612,cost:80 ms
parse block 292677611,cost:10 ms
parse block 292677610,cost:24 ms
parse block 292677609,cost:27 ms
parse block 292677608,cost:51 ms
parse block 292677607,cost:16 ms
parse block 292677606,cost:11 ms
parse block 292677605,cost:28 ms
parse block 292677604,cost:20 ms
parse block 292677603,cost:33 ms
parse block 292677602,cost:26 ms
parse block 292677601,cost:63 ms
parse block 292677600,cost:72 ms
parse block 292677599,cost:52 ms
parse block 292677598,cost:8 ms
parse block 292677597,cost:49 ms
parse block 292677596,cost:28 ms
parse block 292677595,cost:40 ms
parse block 292677594,cost:36 ms
parse block 292677593,cost:30 ms
parse block 292677592,cost:34 ms
parse block 292677591,cost:62 ms
parse block 292677590,cost:61 ms
parse block 292677589,cost:18 ms
parse block 292677588,cost:61 ms
parse block 292677587,cost:24 ms
parse block 292677586,cost:35 ms
parse block 292677585,cost:25 ms
parse block 292677584,cost:49 ms
parse block 292677583,cost:80 ms
parse block 292677582,cost:47 ms
parse block 292677581,cost:57 ms
parse block 292677580,cost:95 ms
parse block 292677579,cost:0 ms
parse block 292677578,cost:5 ms
parse block 292677577,cost:59 ms
parse block 292677576,cost:112 ms
parse block 292677575,cost:1 ms
parse block 292677574,cost:1 ms
parse block 292677573,cost:13 ms
parse block 292677572,cost:32 ms
parse block 292677571,cost:1 ms
parse block 292677570,cost:2 ms
parse block 292677569,cost:14 ms
parse block 292677568,cost:35 ms
parse block 292677567,cost:39 ms
parse block 292677566,cost:62 ms
parse block 292677565,cost:24 ms
parse block 292677564,cost:47 ms
parse block 292677563,cost:20 ms
parse block 292677562,cost:68 ms
parse block 292677561,cost:40 ms
parse block 292677560,cost:64 ms
parse block 292677559,cost:15 ms
parse block 292677558,cost:39 ms
parse block 292677557,cost:44 ms
parse block 292677556,cost:58 ms
parse block 292677555,cost:12 ms
parse block 292677554,cost:33 ms
parse block 292677553,cost:3 ms
parse block 292677552,cost:11 ms
parse block 292677551,cost:70 ms
parse block 292677550,cost:57 ms
parse block 292677549,cost:22 ms
Invalid quoteAmount: 0, skipping transaction AZjC2bN3PnZzXqB8QzBBGBq9CSDUb4aanopFP5rfXCh9H8XWFxs7CoSXqRMFMeBoUUCvEYETzqiVZDqzD9ZVeJQ
parse block 292677548,cost:13 ms
parse block 292677543,cost:101 ms
parse block 292677542,cost:46 ms
parse block 292677541,cost:39 ms
parse block 292677540,cost:55 ms
parse block 292677535,cost:55 ms
parse block 292677534,cost:26 ms
parse block 292677533,cost:36 ms
Invalid quoteAddress: undefined, skipping transaction 584LkLP3Fd1yWBoGj5XbTAxSAKj6Q5CT3t1UUGvvsQYComYrJysCimvVXGfMsecYnvDPXoMf4tVYizQiS9TX8YqU
Invalid tokenAmount: 0, skipping transaction 5jY4o9XXcZPR6zapTeoqVq1NYGUibjMzEW5UneesSDLBRN3LqghEdcuRQDCc1ZoPiSBGyjPp6gXH2pNiY89TYhfM
Invalid tokenAmount: 0, skipping transaction 38jY8P796cpnFdayhBLyXN3yrgkw9Jt7GyMdFENuvAEitKFaT6XasNCgSQjpfKAwtrVZxFUnnNEHoEfLFFkc3P1Q
quoteSymbol not support 4k3Dyjzvzp8eMZWUXbBCjEvwSkkk59S5iCNLY3QrkX6R, skipping transaction 3jNSurQa6F8iPaJP64QcoWCXrksXgB71oze3GR35kxCSvhP31XYeq8dNowx5HYkqHcv58NuH5hf2XcSw2X1HAJdN
Invalid quoteAmount: 0, skipping transaction 5BgkNJjCX33wm8UWJjBMVuzc4hwnRsdaGLWoJpuYWUdav1HdL8uvnP57ZqYyFKFCip9rhWXMmn6nxhTgZGNte48i
quoteSymbol not support AtakVE4hj5KgbS58YzmCYrUwRqMNCnwaamUckk2Zpump, skipping transaction 63LPjH89CVG8LWBBgR5z7hfeN41qvbMKVzpmRDnhhA1rVR2RNN25kwgDuStZQeCfPK81xDVYYywYyBasqz2K9zDK
quoteSymbol not support 9Z5KMxPfZDon5UhMb1mPNqgKq25cU652RJdS1aBapump, skipping transaction 311HknZdVBwnxxKJV4bQhyFeRJJn83CfCfeFdnDWb2a8rtvM4av1swCtxiKkuKocivGkXBVdMzm7JdsHVtuXtQMn
quoteSymbol not support CTgrfz2nf9G8ioX9rPNtk6qxe2s61C6byxHR6AQbU4c8, skipping transaction 2AAH3ARfnp8TvctTDp3ye2M4g4Hx9yqR7HWEU82gqKoyNwhUqMeNL5dgUseb6VF4bZYcLV4UPeozVYAePaZtPCjK
Invalid tokenAmount: 0, skipping transaction 3db6HT4zLVrugHD2F7ygjUFKRLD1s86My8EJUcST4iBARXHfV78FD8wgNGYhtbfF2gvb6jsrBTjNAKkCtUUq8Vq1
Invalid tokenAmount: 0, skipping transaction 4ojMZVhFi4ARCz4tRnsEqk24R8fjeB5PUgbLiG947hcjcrAqUoX79ejLUuPu85872qtLJjXuTrqve2L5iHi7ywn3
Invalid tokenAmount: 0, skipping transaction 2pZeig32VyfEf61c6jUuAzkjPMpUGkr7ePu3Y3bFa5zFHdvpbXnTJRGXv7e3g7bxansVYKqx4AHdncNRKois54HP
Invalid tokenAmount: 0, skipping transaction 4WHuxhZi7fQ9ZCVcXeJ2aJKJHcLS4BohcEWbwo6sUCr9rTqrvrs45ppQatiJ3s6R2i3a5nNy6RDwpDujsAuZGN9h
Invalid tokenAmount: 0, skipping transaction 53vu5J2s2ZWXQ4SiKE94hVua7EEe4eCCcSgbM9A2iFUov3hraxkmCt6z3fTm2Shhjgvu8TXZERxE1L43Ub9BPRjL
Invalid tokenAmount: 0, skipping transaction NQCZzHsfZprPzLLx1ysdnygEC74oRdrBgmYdmTDt14XYyQ7LgaL6NWrEtmzXS1stmeCDaoUEixBZymEHNsjixHW
quoteSymbol not support ByjDjEtEPRvBRXx6UxFUD4hLY8GN63fuZQCQz8E2pump, skipping transaction 4gWiQRNFd5AxfNABU8fKnJV4atFpDVbcerac5cRpineFQcriwvy3L8S3e5c8zwvKCHmmnXCe1rLdf1ARTFZgLWPF
✅ 插入 7525 条记录到 solana_history_data_new
HIGH PERFORMANCE: parse 92 blocks, cost: 4058 ms
[Port 8019] server total use, cost: 4058 ms
100
parse block 292672432,cost:45 ms
parse block 292672431,cost:35 ms
parse block 292672430,cost:35 ms
parse block 292672429,cost:30 ms
parse block 292672428,cost:38 ms
parse block 292672427,cost:53 ms
parse block 292672426,cost:27 ms
parse block 292672425,cost:52 ms
parse block 292672424,cost:48 ms
parse block 292672423,cost:22 ms
parse block 292672422,cost:32 ms
parse block 292672421,cost:29 ms
parse block 292672420,cost:33 ms
parse block 292672419,cost:18 ms
parse block 292672418,cost:22 ms
parse block 292672417,cost:26 ms
parse block 292672416,cost:34 ms
parse block 292672415,cost:26 ms
parse block 292672414,cost:22 ms
parse block 292672413,cost:24 ms
parse block 292672412,cost:32 ms
parse block 292672411,cost:21 ms
parse block 292672410,cost:31 ms
parse block 292672409,cost:30 ms
parse block 292672408,cost:17 ms
parse block 292672407,cost:42 ms
parse block 292672406,cost:22 ms
parse block 292672405,cost:16 ms
parse block 292672404,cost:42 ms
parse block 292672403,cost:31 ms
parse block 292672402,cost:42 ms
parse block 292672401,cost:46 ms
parse block 292672400,cost:33 ms
parse block 292672399,cost:24 ms
parse block 292672398,cost:20 ms
parse block 292672397,cost:21 ms
parse block 292672396,cost:35 ms
parse block 292672395,cost:13 ms
parse block 292672394,cost:31 ms
parse block 292672393,cost:20 ms
parse block 292672392,cost:10 ms
parse block 292672391,cost:20 ms
parse block 292672390,cost:37 ms
parse block 292672389,cost:33 ms
parse block 292672388,cost:47 ms
parse block 292672387,cost:27 ms
parse block 292672386,cost:15 ms
parse block 292672385,cost:43 ms
parse block 292672384,cost:36 ms
parse block 292672383,cost:36 ms
parse block 292672382,cost:19 ms
parse block 292672381,cost:28 ms
parse block 292672380,cost:49 ms
parse block 292672379,cost:18 ms
parse block 292672378,cost:17 ms
parse block 292672377,cost:13 ms
parse block 292672376,cost:36 ms
parse block 292672375,cost:39 ms
parse block 292672374,cost:25 ms
parse block 292672373,cost:35 ms
parse block 292672372,cost:30 ms
parse block 292672371,cost:20 ms
parse block 292672370,cost:26 ms
parse block 292672369,cost:24 ms
parse block 292672368,cost:39 ms
parse block 292672367,cost:16 ms
parse block 292672366,cost:33 ms
parse block 292672365,cost:26 ms
parse block 292672364,cost:38 ms
parse block 292672363,cost:41 ms
parse block 292672362,cost:32 ms
parse block 292672361,cost:48 ms
parse block 292672360,cost:21 ms
parse block 292672359,cost:23 ms
parse block 292672358,cost:30 ms
parse block 292672357,cost:43 ms
parse block 292672356,cost:56 ms
parse block 292672355,cost:21 ms
parse block 292672354,cost:11 ms
parse block 292672353,cost:12 ms
parse block 292672352,cost:14 ms
parse block 292672351,cost:67 ms
parse block 292672350,cost:2 ms
parse block 292672349,cost:30 ms
parse block 292672348,cost:57 ms
parse block 292672347,cost:64 ms
parse block 292672346,cost:37 ms
parse block 292672345,cost:28 ms
parse block 292672344,cost:55 ms
parse block 292672343,cost:33 ms
parse block 292672342,cost:37 ms
parse block 292672341,cost:20 ms
parse block 292672340,cost:20 ms
parse block 292672339,cost:16 ms
parse block 292672338,cost:35 ms
parse block 292672337,cost:46 ms
parse block 292672336,cost:23 ms
parse block 292672335,cost:64 ms
parse block 292672334,cost:33 ms
parse block 292672333,cost:19 ms
quoteSymbol not support J1toso1uCk3RLmjorhTtrVwY9HJ7X8V9yYac6Y7kGCPn, skipping transaction 218HN3dztg4ozueKqhpyAVH6URkvMAAqXV24PkRs8rbbxUKysAFoMiBwYyNXcb3vT4cHw8nFAAk7y9Cg6LECaqYE
Invalid quoteAmount: 0, skipping transaction 3p5PesQuhA8GPsdC8ibbDpioza5caBNgGRT8Y64T4ctayv1ZCbpzv6A7r5KcTEJiT1xammkejsjqUoLENNxVj9RG
Invalid tokenAmount: 0, skipping transaction 4yQxGf4QBZiXXARKWVimWpSZuUxfGnpjLBWZco6evjSJdmLeQAKznrq3wKZ7UtjRHsKs9MtxY1hbxruoTERjCUxu
quoteSymbol not support J1toso1uCk3RLmjorhTtrVwY9HJ7X8V9yYac6Y7kGCPn, skipping transaction 3KZKMbnDLcaYMWCWuswDSReLDK9cXfUXkeKxXXXj5TwhHtA5a24NTntDnAPVhvP7yrHUD8PTB1KDeT3Wmbb5HMy2
quoteSymbol not support DdL4pdSoDbKt3jw2UGzKFq5pWTEGqYUduKPiMvispump, skipping transaction 4FSSpQn9UjxND7WUkQhcGDTB5HTLd1R8RpiS4UEEJZY9cchHqCNH1reHJU2GsXaPYLtLKfUJFqcnN8yK4HjbrzBr
Invalid quoteAmount: 0, skipping transaction 54JDbtYHUnkhhq3gmtSsAiFw6u2VPdP9E8xpM6KMJ83ofGwMghfks7WEn98WyaFSnFcxoPKPgZj5AE6uXk3uvipS
quoteSymbol not support JUPyiwrYJFskUPiHa7hkeR8VUtAeFoSYbKedZNsDvCN, skipping transaction 4P6CoHdPVhmGnvjsSTLaCMHnb767QARCSo4BSS1xaJu9aXRhKYUfnhfyjQnnTfYWWB8MavfKFZ4BWGkzh16JGhuW
quoteSymbol not support 4k3Dyjzvzp8eMZWUXbBCjEvwSkkk59S5iCNLY3QrkX6R, skipping transaction 5zMRfwcfXXRDxiDpHK3oopYZKEKU3PK3ntMpPym2P4Tx7QJv7gW6oHhNkpBrDEZdJMYPFfEUMdxBCdyBvivaPqT5
Invalid tokenAmount: 0, skipping transaction EbThwqEaPvSaeridgBD5tjo7afbYgzBJqbAU4bpQkWrwmkHvRgVqe2xgECxbmXGkucsBrCpFWfZYJsydYy7Dy1p
quoteSymbol not support EMfk4dC6LGE6pqtZBwX8xKsZundUMcb5K7J2v1eDpump, skipping transaction 5KjVdvwAmSVssSwuns7rYpdUz1dKK4XzphTDBusheRop6eN5kTSKksUNEuG7tdXqb12uPpPo7tJ18H6aW8YryFtR
quoteSymbol not support J3NKxxXZcnNiMjKw9hYb2K4LUxgwB6t1FtPtQVsv3KFr, skipping transaction djWXQ179z8YtG5tL3aforqCWWtz7cibTgwimKjM6C4MCm5vyC9gLJixdVbjuKBc8tHSjVSVoYV1ZFgzYaPsrDTi
quoteSymbol not support Dso1bDeDjCQxTrWHqUUi63oBvV7Mdm6WaobLbQ7gnPQ, skipping transaction YuPvBP6kFUJAXi5NmuQVHSEi4yBeZgRqrh6kkqQzxtXTBZA9gkXtPf9CxKf5x2BYb7h89joWA8sDfXX4o2nhE7c
Invalid quoteAmount: 0, skipping transaction ACarDJTDByS9VeEBLJ9RgsxwjF13YiEtiDcbmJ9Swd6ZWWKw1YkXbosUrfeaCZH6poFo5SfRADGhDB4KX5P7P3p
quoteSymbol not support poLisWXnNRwC6oBu1vHiuKQzFjGL4XDSu4g9qjz9qVk, skipping transaction 4fFEudrNd95mxqf8hseADkfvnovoBYzm9sNUxof2SoKmNno7ATWDfA3TsvBvQD8QFp3xVDftbUTYKPcVzmQQZXGQ
quoteSymbol not support EGJNUmvYftgxPDD39ETZmMeS5Stch9j83tU83zBNpump, skipping transaction 4UDMHstyLTVHxpj6DzdXisqRaiGcsZia1AK9cRSN6AcmxWBsDFYHetndivxW2cbV3HZoQzLuyAHu747tiStEfvUK
quoteSymbol not support SNSNkV9zfG5ZKWQs6x4hxvBRV6s8SqMfSGCtECDvdMd, skipping transaction 5EhjZpQkmYG7VevgjPv95k7AKdsZnb1GtLkjh32utwmSDfyWbXdrEc2GtYnZ1k2CgfzJLhfwiVejM4PKyojhtrki
Invalid quoteAmount: 0, skipping transaction 4i2umy6dwvZXrM7EaiFc4CAXaRNjmGj8qHvC7FBux3qkJ9FbDvpZDkb54zhQrLxBCiBNA3b4G38w7KZxgC1QpWbw
✅ 插入 5450 条记录到 solana_history_data_new
HIGH PERFORMANCE: parse 100 blocks, cost: 3433 ms
[Port 8019] server total use, cost: 3434 ms
99
parse block 292670432,cost:39 ms
parse block 292670431,cost:47 ms
parse block 292670430,cost:15 ms
parse block 292670429,cost:41 ms
parse block 292670428,cost:30 ms
parse block 292670427,cost:42 ms
parse block 292670426,cost:41 ms
parse block 292670425,cost:18 ms
parse block 292670424,cost:36 ms
parse block 292670423,cost:40 ms
parse block 292670422,cost:26 ms
parse block 292670421,cost:23 ms
parse block 292670420,cost:44 ms
parse block 292670419,cost:36 ms
parse block 292670418,cost:31 ms
parse block 292670417,cost:31 ms
parse block 292670416,cost:41 ms
parse block 292670415,cost:36 ms
parse block 292670414,cost:46 ms
parse block 292670413,cost:31 ms
parse block 292670412,cost:33 ms
parse block 292670411,cost:41 ms
parse block 292670410,cost:18 ms
parse block 292670409,cost:35 ms
parse block 292670408,cost:71 ms
parse block 292670407,cost:36 ms
parse block 292670406,cost:45 ms
parse block 292670405,cost:41 ms
parse block 292670404,cost:35 ms
parse block 292670403,cost:18 ms
parse block 292670402,cost:48 ms
parse block 292670401,cost:34 ms
parse block 292670400,cost:39 ms
parse block 292670399,cost:41 ms
parse block 292670398,cost:21 ms
parse block 292670397,cost:25 ms
parse block 292670396,cost:61 ms
parse block 292670395,cost:30 ms
parse block 292670394,cost:39 ms
parse block 292670393,cost:41 ms
parse block 292670392,cost:28 ms
parse block 292670391,cost:32 ms
parse block 292670390,cost:17 ms
parse block 292670389,cost:45 ms
parse block 292670388,cost:35 ms
parse block 292670387,cost:35 ms
parse block 292670386,cost:47 ms
parse block 292670385,cost:62 ms
parse block 292670384,cost:49 ms
parse block 292670383,cost:13 ms
parse block 292670382,cost:21 ms
parse block 292670381,cost:17 ms
parse block 292670380,cost:38 ms
parse block 292670379,cost:41 ms
parse block 292670378,cost:34 ms
parse block 292670377,cost:56 ms
parse block 292670376,cost:24 ms
parse block 292670375,cost:36 ms
parse block 292670374,cost:39 ms
parse block 292670373,cost:36 ms
parse block 292670372,cost:33 ms
parse block 292670371,cost:29 ms
parse block 292670370,cost:35 ms
quoteSymbol not support GbBjSAemtzb4vkPSxR1sqXEHict4jMME2KkyhBp2KjW6, skipping transaction 4dup2eo51r4gXBbThmAAZNKivYogAxAkutRjVGTphS98QzmQxmbKqheoikN3njeQFvtJBzfoBZGGkYQrFLsLXzzs
parse block 292670369,cost:28 ms
parse block 292670368,cost:81 ms
parse block 292670367,cost:12 ms
parse block 292670366,cost:0 ms
parse block 292670365,cost:4 ms
parse block 292670364,cost:79 ms
parse block 292670363,cost:53 ms
parse block 292670362,cost:50 ms
parse block 292670361,cost:30 ms
parse block 292670360,cost:62 ms
parse block 292670359,cost:49 ms
parse block 292670358,cost:33 ms
parse block 292670357,cost:31 ms
parse block 292670355,cost:0 ms
parse block 292670354,cost:35 ms
parse block 292670353,cost:27 ms
parse block 292670352,cost:100 ms
parse block 292670351,cost:28 ms
parse block 292670350,cost:42 ms
parse block 292670349,cost:24 ms
parse block 292670348,cost:51 ms
parse block 292670347,cost:41 ms
parse block 292670346,cost:16 ms
parse block 292670345,cost:60 ms
parse block 292670344,cost:40 ms
parse block 292670343,cost:38 ms
parse block 292670342,cost:38 ms
parse block 292670341,cost:23 ms
parse block 292670340,cost:94 ms
parse block 292670339,cost:17 ms
parse block 292670338,cost:21 ms
parse block 292670337,cost:54 ms
parse block 292670336,cost:36 ms
parse block 292670335,cost:23 ms
parse block 292670334,cost:27 ms
parse block 292670333,cost:21 ms
quoteSymbol not support 3BgwJ8b7b9hHX4sgfZ2KJhv9496CoVfsMK2YePevsBRw, skipping transaction 2cmiJ1MKaibDBVdCsM4p8F6HhDgs1Zk7StV5kPjj7m5q48W88kt6eTf5NxXULbMSQoGacLFJuJUfKg7EmsMznde2
quoteSymbol not support 65Z76ENVtuTVohmGeSMVAPW7ArRoUByZspCN3Yb7k7p, skipping transaction 97CBiYNg8k47X6WvPmchA3frtKhgXnh7npTtHeLLjfdQpftQcJWZQvyEQz6qhLyiNv1pGctC9vThUpjU39czwnd
Invalid quoteAmount: 0, skipping transaction 2UnCnU9pi848UC6HvdKSm4vTtkWxRjAkQaguXbWpnvLCw6WM3xe94fQAJc21YhVgMMDzWvmyEPhXxvhVg73YP4E8
Invalid quoteAmount: 0, skipping transaction 5vk5iHYuXWffUHuoo3AZbB5yB3j2uzTPxbCcUMcKNCxDGUHsTLgrvm97bPw6bJZswjYBsuYfcGtXdQeAjeTyRnNw
quoteSymbol not support 3BgwJ8b7b9hHX4sgfZ2KJhv9496CoVfsMK2YePevsBRw, skipping transaction 3hpq6MigUYTwFvaVvqZ6TDuY3CkxWYieyqspsL7wp6PThiPrDqyeJnNDr2csz5MyZHoTd74NBf67WDUpCa4XoBz8
Invalid quoteAmount: 0, skipping transaction 32Gdrd9EnWBn8cjJzLbGF479LkkLsZepeKtshx2KWKE56TbXJGk9QTr5nNwaH55gfLWUjaCZRNSSETrgdnHeWbU3
Invalid quoteAmount: 0, skipping transaction 3Uzq1kMd2oWwmWEcTKgrCaYNDSHDUR8uK5yvuaQJnr7vmytx4shi49KPwfoKPsE1mMYGGA7f6FjZghL1idEJyvU8
quoteSymbol not support ED5nyyWEzpPPiWimP8vYm7sD7TD3LAt3Q3gRTWHzPJBY, skipping transaction 4hpmWx5i2PXnE2bqx67cRK2HJn2FyrvBzdBB1FVkoAVgyXQjoDpEJQkRwzxMsAujeEJivBauBDB6KHFbpAn76mNC
quoteSymbol not support 3BgwJ8b7b9hHX4sgfZ2KJhv9496CoVfsMK2YePevsBRw, skipping transaction 2pXVsafETLchBfqVjRq6eeBZQzKJR6QeRsmir6bXwMgjX6rMDS9oXueU8DdeMrvmfZFGWiyJHrnpw5im2399eUXk
quoteSymbol not support 8V4RtPRHdAjuSE5cPijYoAnTEUk3NHJp3RoxCCqppump, skipping transaction 3CauaernxGFMDwnJCDC5nT8Azn89jBUJYUJMYZkW91JQQyn1Na5PBJtHWPmWER7FbMHdg6oC788Xij7EYVcqfZ1
quoteSymbol not support 5DS6nR7C94eiUav9Exju7LRgnYydsR6eqUBqCrYLpump, skipping transaction 3KQZopuxrsy6Li8Nnftddw4cHaNUDczLcP4UMN1ommy9tszcTxGMBNzLXWJFNQx6ZZmWc2HMgEFi9wep4PA6sD3i
Invalid tokenAmount: 0, skipping transaction 36Xc7mWRTZ6DA8B17UcHcqtJ1BeeWoeqy3oX8zwiSDpCb7V1t4Cs5xU9376pTsrqJ1KFU4PmckWUmrY6jsjK4zMc
quoteSymbol not support 3BgwJ8b7b9hHX4sgfZ2KJhv9496CoVfsMK2YePevsBRw, skipping transaction 3A8y2RbtktLcdBkkQgJudpMcbieF5Jn6FG3RwiDBezwNZe8Z1JTQQHqGcaRkMPjXzBpE8ycvHqB3WRv27Whgg2Ej
quoteSymbol not support LoL1RDQiUfifC2BX28xaef6r2G8ES8SEzgrzThJemMv, skipping transaction 2J9ai4aZJtm4wiqNChLf3PMs1qKi33axEeXU6LRvxb2TxGLurz7hzGEurWL5vbWJw66nX5HSJFtMoqagFF3bUycW
Invalid tokenAmount: 0, skipping transaction 3qXk86zNq8w43YP6rEyPWibLfE3k3ReFnU4cwAcHAgABMWmNV9UBrJk2JtcrF2nSzU36p2sjUEupZj96Ka369JGm
quoteSymbol not support 8XHwtUs9PX64TGLzWRMZfhhvhRNPdkEMvRdWUQ4Zpump, skipping transaction 26ursUewSbU1crsp51q9K96pdia1AUtHcaJuLsFJnARbeZHd4anZmXWNHjCkBbarS213oupYR4nrzMbstK8PVpFg
quoteSymbol not support 3BgwJ8b7b9hHX4sgfZ2KJhv9496CoVfsMK2YePevsBRw, skipping transaction omznKqoMT99pwBHoNirPtuFnm2h2r3fi6Jx9HYXR8mQ2xqowFZVCayY5DFEoT8rY9kmJMqHS8F7MKepgX8WrEFx
quoteSymbol not support 3BgwJ8b7b9hHX4sgfZ2KJhv9496CoVfsMK2YePevsBRw, skipping transaction u6SUBvxdT3EnGGrMyToFguB3rxfx7MbLwxDUEkRD5hHs44YhHSd2EfibWDcWwGgZwdog8PBH5eAeYB6k4iLBFic
✅ 插入 5551 条记录到 solana_history_data_new
HIGH PERFORMANCE: parse 99 blocks, cost: 3963 ms
[Port 8019] server total use, cost: 3963 ms
100
parse block 292665832,cost:43 ms
parse block 292665831,cost:24 ms
parse block 292665830,cost:42 ms
parse block 292665829,cost:48 ms
parse block 292665828,cost:85 ms
parse block 292665827,cost:19 ms
parse block 292665826,cost:11 ms
parse block 292665825,cost:12 ms
parse block 292665824,cost:8 ms
parse block 292665823,cost:30 ms
parse block 292665822,cost:37 ms
parse block 292665821,cost:28 ms
parse block 292665820,cost:42 ms
parse block 292665819,cost:32 ms
parse block 292665818,cost:40 ms
parse block 292665817,cost:33 ms
parse block 292665816,cost:25 ms
parse block 292665815,cost:40 ms
parse block 292665814,cost:29 ms
parse block 292665813,cost:39 ms
parse block 292665812,cost:44 ms
parse block 292665811,cost:33 ms
parse block 292665810,cost:43 ms
parse block 292665809,cost:20 ms
parse block 292665808,cost:50 ms
parse block 292665807,cost:38 ms
parse block 292665806,cost:46 ms
parse block 292665805,cost:34 ms
parse block 292665804,cost:27 ms
parse block 292665803,cost:24 ms
parse block 292665802,cost:20 ms
parse block 292665801,cost:38 ms
parse block 292665800,cost:21 ms
parse block 292665799,cost:32 ms
parse block 292665798,cost:32 ms
parse block 292665797,cost:32 ms
parse block 292665796,cost:43 ms
parse block 292665795,cost:44 ms
parse block 292665794,cost:57 ms
parse block 292665793,cost:43 ms
parse block 292665792,cost:20 ms
parse block 292665791,cost:40 ms
parse block 292665790,cost:23 ms
parse block 292665789,cost:31 ms
parse block 292665788,cost:41 ms
parse block 292665787,cost:37 ms
parse block 292665786,cost:51 ms
parse block 292665785,cost:46 ms
parse block 292665784,cost:44 ms
parse block 292665783,cost:49 ms
parse block 292665782,cost:60 ms
parse block 292665781,cost:41 ms
parse block 292665780,cost:52 ms
parse block 292665779,cost:29 ms
parse block 292665778,cost:43 ms
parse block 292665777,cost:26 ms
parse block 292665776,cost:26 ms
parse block 292665775,cost:9 ms
parse block 292665774,cost:13 ms
parse block 292665773,cost:28 ms
parse block 292665772,cost:36 ms
parse block 292665771,cost:33 ms
parse block 292665770,cost:68 ms
parse block 292665769,cost:34 ms
parse block 292665768,cost:37 ms
parse block 292665767,cost:26 ms
parse block 292665766,cost:43 ms
parse block 292665765,cost:37 ms
parse block 292665764,cost:83 ms
parse block 292665763,cost:33 ms
parse block 292665762,cost:26 ms
parse block 292665761,cost:33 ms
parse block 292665760,cost:72 ms
parse block 292665759,cost:50 ms
parse block 292665758,cost:39 ms
parse block 292665757,cost:46 ms
parse block 292665756,cost:59 ms
parse block 292665755,cost:35 ms
parse block 292665754,cost:57 ms
parse block 292665753,cost:66 ms
parse block 292665752,cost:57 ms
parse block 292665751,cost:33 ms
parse block 292665750,cost:47 ms
parse block 292665749,cost:23 ms
parse block 292665748,cost:46 ms
parse block 292665747,cost:31 ms
parse block 292665746,cost:22 ms
parse block 292665745,cost:17 ms
parse block 292665744,cost:30 ms
parse block 292665743,cost:57 ms
parse block 292665742,cost:28 ms
parse block 292665741,cost:51 ms
parse block 292665740,cost:64 ms
parse block 292665739,cost:35 ms
parse block 292665738,cost:28 ms
parse block 292665737,cost:16 ms
parse block 292665736,cost:31 ms
parse block 292665735,cost:32 ms
parse block 292665734,cost:48 ms
parse block 292665733,cost:45 ms
quoteSymbol not support 7hXig6qiJuJ2Tmu3RFikNFDMPF8CWbMuCrU1QpTopump, skipping transaction 3Da8sHW3mDJmNsqDLNk6RzgZX9bMTecstWJtE38dCiu6BU85vDNdxN226HtnSmxyBwrxDKvCtmi7WzyJq8chB9Ki
Invalid quoteAmount: 0, skipping transaction eRYJAbSuriP2VdEJ7Nc5dN1GcBL7gAWxQ9y73wbUg2VfygJxMhXV1GS8DsC5jXYYPKt9Br5ynpc5XH5f2sct4m1
quoteSymbol not support J1toso1uCk3RLmjorhTtrVwY9HJ7X8V9yYac6Y7kGCPn, skipping transaction 37auG2JJbwtsC8koyo35GSYdAAVZETikeD43TGtixMEVRjvJGxe4LuxwDNngi4wXhoicz44Sj2RBgugoZicWHvhT
quoteSymbol not support J1toso1uCk3RLmjorhTtrVwY9HJ7X8V9yYac6Y7kGCPn, skipping transaction 5Fg1jHrz9EW434cdSSZ2D7sE9FH3ZTuyw8VBG9AacANrnaN3SehJ7oTDUF3t1WFGW7YR44oQT9iueZqtRdertwKs
Invalid tokenAmount: 0, skipping transaction 5GSmtAGxZMxKMfYnVhLkxoNjt4QVXXJJHPgVqWn5PPFmmPBEMJ6hkvrfxvy4wHgfCmGc3aztvo2qngychVjENtLv
Invalid tokenAmount: 0, skipping transaction 2dCu7XX4KkdPA7NLtVxRyfNkHoyMY6XdRJPiyNVXBEddBVb3PVJqvkd6Nisuqx6LwMmQ17SsBNf2QmM67C7jeU6u
quoteSymbol not support 8XHwtUs9PX64TGLzWRMZfhhvhRNPdkEMvRdWUQ4Zpump, skipping transaction 2HaNDzeETdWLLs41EeS1VkbwEysLX99CTk62R4Shv54BiYatGNDPq6GAuJVD2qnLkkets9XUg4u3gNBvF3uSwtkQ
quoteSymbol not support J1toso1uCk3RLmjorhTtrVwY9HJ7X8V9yYac6Y7kGCPn, skipping transaction 4ikU4fJsciYp4GJnQitDGCfGqALgSCwYoC2AXfNto7hQo6qPACsnanLyqzS9srzXYYUbUbnpHSccdzgWRHXUrtN5
Invalid quoteAddress: undefined, skipping transaction Fd4Hy8ZRkZY9JDdekGGTgaXEJZ3MdpkXvVzgAfEE8R1goYvELAyXaaqeyH4buyGSJFdDG2SxBnVK4YaHH6CczbC
Invalid tokenAmount: 0, skipping transaction d6uqd9JZ7cc9wPKxNeQhvPG9YpSERu38wDDMUS1eRY5gG2TdwiYyXL7GDrCjTEX8c2Kjjic4M19fQYEB7h3wYGt
quoteSymbol not support 5fcepgAB6iDgqQLqK61C89dYfhAxkuBcymsAjU3HYoLa, skipping transaction 3j4YMuTA3fR8ZyzuGizLfKE1UfvJdFc21ZHkvp7USnRQbQncVvfEUSqU1YyE7gi3k8sLBZKekGDmMvFwX9qQeSdc
quoteSymbol not support J1toso1uCk3RLmjorhTtrVwY9HJ7X8V9yYac6Y7kGCPn, skipping transaction 3HyCdH2DoHHW8BBWphQQqA3eFfrd8WREBaDzD3urwQrMs2opEgkwcrHuDejFSkMbEwqxZfoioAdipvBXCsfMS6eB
quoteSymbol not support 5Z1T3GaXBCQEhN9jdkLW9fSNfPbQn9H9xEtrjagipump, skipping transaction 59CwEZeKjoar3Sq3FvsH9mnHu1MMyeGR4iEH7wdT1chRm4muKJ987y8xkvoCbyMmf6WYrMwQep1JCYzQEj3wHf3b
quoteSymbol not support J1toso1uCk3RLmjorhTtrVwY9HJ7X8V9yYac6Y7kGCPn, skipping transaction 6oYDSXLF9EwDPukwPirAiDcCCeE7eoWMMHcRzVjQSMhHGFqsP3Q14yPArdEioqheJGyNhhX3zMRGyJF4655qAkA
quoteSymbol not support 4JRsVQNt3ihsgYhEa7sjKmUjH1aC52b9USpLZBDoXKvg, skipping transaction 3Ngqr2XrpMgCci3fEWoQ4uaTicQsdKwrBABRbkFRkCM7LZzszpsjHE7wTM5J6xEYaEkm9QFpS9NPj6VwJXcivmvT
Invalid tokenAmount: 0, skipping transaction 3noPRmCjedvxoqAmjcSYZkBUvoiuDei1NyxTNR2AXbqfXB496Ze96zf7JuYEkzuyqethBG7xxAYz1P8YVRzenm9K
quoteSymbol not support J1toso1uCk3RLmjorhTtrVwY9HJ7X8V9yYac6Y7kGCPn, skipping transaction 5TLw7EEy4kzVvsQZMVwQABFbdZqeZMxGfrMqCox7MMGfyFhpwPFCMrXbxmA5XMcZsT72HU46pxA1MXhrBTxMF3Qt
quoteSymbol not support 7hXig6qiJuJ2Tmu3RFikNFDMPF8CWbMuCrU1QpTopump, skipping transaction 2k5wdtJwE2YJ4NKELPmydGNXbuWvVXzE4DjNUbfcGBhBxBT6qiTEUqTyE6d5vG2WRxLukpgLfRFPFca5FdnqQuP6
✅ 插入 7685 条记录到 solana_history_data_new
HIGH PERFORMANCE: parse 100 blocks, cost: 4157 ms
[Port 8019] server total use, cost: 4171 ms
96
parse block 292664632,cost:27 ms
parse block 292664631,cost:30 ms
parse block 292664630,cost:34 ms
parse block 292664629,cost:24 ms
parse block 292664628,cost:50 ms
parse block 292664627,cost:56 ms
parse block 292664626,cost:32 ms
parse block 292664625,cost:30 ms
parse block 292664624,cost:25 ms
parse block 292664623,cost:46 ms
parse block 292664622,cost:25 ms
parse block 292664621,cost:32 ms
parse block 292664620,cost:46 ms
parse block 292664619,cost:46 ms
parse block 292664618,cost:38 ms
parse block 292664617,cost:32 ms
parse block 292664616,cost:23 ms
parse block 292664615,cost:27 ms
parse block 292664614,cost:30 ms
parse block 292664613,cost:34 ms
parse block 292664612,cost:26 ms
parse block 292664611,cost:46 ms
parse block 292664610,cost:62 ms
parse block 292664609,cost:57 ms
parse block 292664608,cost:25 ms
parse block 292664607,cost:38 ms
parse block 292664606,cost:58 ms
parse block 292664605,cost:35 ms
parse block 292664604,cost:38 ms
parse block 292664603,cost:56 ms
parse block 292664602,cost:29 ms
parse block 292664601,cost:21 ms
parse block 292664600,cost:25 ms
parse block 292664599,cost:57 ms
parse block 292664598,cost:41 ms
parse block 292664597,cost:34 ms
parse block 292664596,cost:16 ms
parse block 292664595,cost:28 ms
parse block 292664594,cost:33 ms
parse block 292664593,cost:47 ms
parse block 292664592,cost:34 ms
parse block 292664591,cost:34 ms
parse block 292664590,cost:50 ms
parse block 292664589,cost:40 ms
parse block 292664588,cost:49 ms
parse block 292664587,cost:39 ms
parse block 292664586,cost:26 ms
parse block 292664585,cost:47 ms
parse block 292664584,cost:17 ms
parse block 292664583,cost:61 ms
parse block 292664582,cost:46 ms
parse block 292664581,cost:54 ms
parse block 292664580,cost:11 ms
parse block 292664579,cost:34 ms
parse block 292664578,cost:57 ms
parse block 292664577,cost:44 ms
parse block 292664576,cost:33 ms
parse block 292664575,cost:31 ms
parse block 292664574,cost:51 ms
parse block 292664573,cost:35 ms
parse block 292664572,cost:38 ms
parse block 292664571,cost:42 ms
parse block 292664570,cost:22 ms
parse block 292664569,cost:30 ms
parse block 292664568,cost:29 ms
parse block 292664567,cost:44 ms
parse block 292664566,cost:43 ms
parse block 292664565,cost:47 ms
parse block 292664564,cost:60 ms
parse block 292664563,cost:33 ms
parse block 292664562,cost:36 ms
parse block 292664561,cost:40 ms
parse block 292664560,cost:36 ms
parse block 292664559,cost:27 ms
parse block 292664558,cost:32 ms
parse block 292664557,cost:24 ms
parse block 292664556,cost:46 ms
parse block 292664555,cost:39 ms
parse block 292664554,cost:73 ms
parse block 292664553,cost:31 ms
parse block 292664552,cost:62 ms
parse block 292664551,cost:38 ms
parse block 292664550,cost:58 ms
parse block 292664549,cost:68 ms
parse block 292664548,cost:0 ms
parse block 292664543,cost:36 ms
parse block 292664542,cost:22 ms
parse block 292664541,cost:42 ms
parse block 292664540,cost:43 ms
parse block 292664539,cost:43 ms
parse block 292664538,cost:27 ms
parse block 292664537,cost:59 ms
parse block 292664536,cost:39 ms
parse block 292664535,cost:65 ms
parse block 292664534,cost:52 ms
parse block 292664533,cost:31 ms
quoteSymbol not support 5VaPFKEAzyxoWUz9PgvpnsCdT3x6q4YpnHm5zcvPpump, skipping transaction 317rXcj38hMNDEVyFJX2voir3NPdJv3nR5XuaFZvJWx2bWVPEZoVjhWw2CYrLRZBAU3XG7uyFFaoW82xeGgDf3ic
quoteSymbol not support kinXdEcpDQeHPEuQnqmUgtYykqKGVFq6CeVX5iAHJq6, skipping transaction 3CvEpRcoP4AA42WTVMrjj1bisbk98JjrUfiAxRjhhDwX9DYfU9H4nZWBYyTgtp6p3LmMtzBh3E4rbCs6pamMjP9B
Invalid quoteAmount: 0, skipping transaction 9YDpkVDvxmCvBCDyohu27MYqHmS2C7n7jZXmjdnYUrsitMVF2tugEL6MT9ssWxpTBiKimBN59e88sC9WxobGe2V
Invalid tokenAmount: 0, skipping transaction 3FzQqxMziB8G8CEJtFWZiVFR5rQ6LTnKtDf2PCciGQFQsP2pKM3SJ8i1LVmbcRTenq9rvHYqUYwCohYpJHkKJe8M
Invalid tokenAmount: 0, skipping transaction 2pk8fSgqQTcPByjBQjoZe5vaxiuvCJeFydC6Rp2iYmzk4wCbV4Qd28sUqzX8ruuGTHDCicUw8siLarFAsFiDqu2b
quoteSymbol not support 7hXig6qiJuJ2Tmu3RFikNFDMPF8CWbMuCrU1QpTopump, skipping transaction 4pvMoW3dQyYxZwT65GEA1GPXyh3jzJsx2KnSXUrJLAs8UTtmNBh9tnTvdYbS7wCsiPKTRh8gMVkzBvHjDt5eKgn2
Invalid tokenAmount: 0, skipping transaction h6vpb4yUto68vy3NPHvkd8srmGBoTcvbVjBWsdWQJWvYoLyuEZBexxKRa4nou83u5LoczUktNubiNGokg19eJEn
quoteSymbol not support 5VaPFKEAzyxoWUz9PgvpnsCdT3x6q4YpnHm5zcvPpump, skipping transaction 2gCh86oL7ZmQyACGyGWdJuoMjehFQQ1mVP3qHGbFTEWJTdjiGbA5kVo4rXcB32W6cL4NjcBK4U34tpcqZaczE9Po
Invalid quoteAmount: 0, skipping transaction 2ZJ91Yx9iHxCZnb3eYe6cPGW5dUbPYQ4pDU95dhRFxep6cDV8CwHadNUWjqKxykWDd6Cw3xJM1xsU6prQuS1yNvj
quoteSymbol not support 9mt4LkTG28B1mQKPjCKkGwMjGywS9q3v59XBomFNpump, skipping transaction 2G8V3w1MTNeqHBKXWvXgsaMj3sMMYbs3DRVVUCHhhGDSiq53uT9YPT7sBTZiZUNtfRn5EVRutaLLaE1dWJ96izVt
✅ 插入 6249 条记录到 solana_history_data_new
HIGH PERFORMANCE: parse 96 blocks, cost: 4086 ms
[Port 8019] server total use, cost: 4086 ms
96
parse block 292660132,cost:32 ms
parse block 292660131,cost:66 ms
parse block 292660130,cost:41 ms
parse block 292660129,cost:5 ms
parse block 292660128,cost:47 ms
parse block 292660127,cost:34 ms
parse block 292660126,cost:48 ms
parse block 292660125,cost:34 ms
parse block 292660124,cost:16 ms
parse block 292660123,cost:66 ms
parse block 292660122,cost:20 ms
parse block 292660121,cost:24 ms
parse block 292660120,cost:22 ms
parse block 292660119,cost:47 ms
parse block 292660118,cost:37 ms
parse block 292660117,cost:30 ms
parse block 292660116,cost:29 ms
parse block 292660115,cost:54 ms
parse block 292660114,cost:28 ms
parse block 292660113,cost:27 ms
parse block 292660112,cost:19 ms
parse block 292660111,cost:56 ms
parse block 292660110,cost:32 ms
parse block 292660109,cost:30 ms
parse block 292660108,cost:33 ms
parse block 292660107,cost:29 ms
parse block 292660106,cost:23 ms
parse block 292660105,cost:73 ms
parse block 292660104,cost:15 ms
parse block 292660103,cost:14 ms
parse block 292660102,cost:4 ms
parse block 292660101,cost:8 ms
parse block 292660100,cost:26 ms
parse block 292660099,cost:54 ms
parse block 292660098,cost:42 ms
parse block 292660097,cost:31 ms
parse block 292660096,cost:19 ms
parse block 292660095,cost:37 ms
parse block 292660094,cost:50 ms
parse block 292660093,cost:44 ms
parse block 292660092,cost:42 ms
parse block 292660091,cost:21 ms
parse block 292660090,cost:44 ms
parse block 292660089,cost:35 ms
parse block 292660088,cost:45 ms
parse block 292660087,cost:26 ms
parse block 292660086,cost:21 ms
parse block 292660085,cost:17 ms
parse block 292660084,cost:50 ms
parse block 292660083,cost:22 ms
parse block 292660082,cost:3 ms
parse block 292660081,cost:9 ms
parse block 292660080,cost:27 ms
parse block 292660079,cost:40 ms
parse block 292660078,cost:39 ms
parse block 292660077,cost:45 ms
parse block 292660076,cost:54 ms
parse block 292660075,cost:20 ms
parse block 292660074,cost:47 ms
parse block 292660073,cost:32 ms
parse block 292660072,cost:28 ms
parse block 292660071,cost:20 ms
parse block 292660070,cost:55 ms
parse block 292660069,cost:27 ms
parse block 292660068,cost:7 ms
parse block 292660067,cost:38 ms
parse block 292660066,cost:82 ms
parse block 292660065,cost:34 ms
parse block 292660064,cost:68 ms
parse block 292660063,cost:41 ms
parse block 292660062,cost:29 ms
parse block 292660061,cost:29 ms
parse block 292660060,cost:45 ms
parse block 292660059,cost:32 ms
parse block 292660058,cost:22 ms
parse block 292660057,cost:16 ms
parse block 292660056,cost:21 ms
parse block 292660055,cost:23 ms
parse block 292660054,cost:55 ms
parse block 292660053,cost:27 ms
parse block 292660052,cost:31 ms
parse block 292660051,cost:34 ms
parse block 292660050,cost:43 ms
parse block 292660049,cost:25 ms
parse block 292660048,cost:22 ms
parse block 292660047,cost:24 ms
parse block 292660046,cost:72 ms
parse block 292660045,cost:14 ms
parse block 292660044,cost:7 ms
parse block 292660039,cost:26 ms
parse block 292660038,cost:13 ms
parse block 292660037,cost:61 ms
parse block 292660036,cost:48 ms
parse block 292660035,cost:9 ms
parse block 292660034,cost:6 ms
parse block 292660033,cost:8 ms
quoteSymbol not support 5cVX5zZadatkA5dEouuBXBjMDRqQsiyXVeFZpMr5pump, skipping transaction 2DMQsFwzKbU918JZH8N552urXagUvxuJZT8vQAfmW6qXUr9rwnTcK88KgYumWdRcZoXtC3RDDfLsE4xjmFVfemSB
quoteSymbol not support AZsHEMXd36Bj1EMNXhowJajpUXzrKcK57wW4ZGXVa7yR, skipping transaction 38EpSQ1oCWVqZpcgbLSwnzdQCejJr5S6v6GSmMkBSTxWjfzWHu4HP79y1opQyySixWL9btNrF2SRPiibkTM24Pyx
quoteSymbol not support AtakVE4hj5KgbS58YzmCYrUwRqMNCnwaamUckk2Zpump, skipping transaction 4UTL3xj6YiU1AkDu4p54gsC5f7DzqomyVit9zxhfC2YaQoexVu5VFFm3shDThoLx4G8z7KBXwmB6Xab4oVxktp2g
quoteSymbol not support AZsHEMXd36Bj1EMNXhowJajpUXzrKcK57wW4ZGXVa7yR, skipping transaction 3tmDgAp2GneYUd5yRAqXwJ6iAccK2QWasAPuWbiDwn89y5qZhWigPhZGyU9chax6GrURynaxUX7CAsd8EF6Pa4qU
quoteSymbol not support 5VaPFKEAzyxoWUz9PgvpnsCdT3x6q4YpnHm5zcvPpump, skipping transaction 3XMxu3eyXvoRVKzhk6nHttTr5juQ7mCnj2cNDAdXEPos5QezJ3QdkrBCxzoFLNR9FPjz6X6Tz9yFqyGxnxLF5AYZ
quoteSymbol not support E4ogmiH4vtFt4WKSYYH62HtHjmZ7YUHxuDXPKvXspump, skipping transaction 3m34xCy7PV474dG81AeUPQMuzFqhUXthtcY8FG74jvRR7x29fYhdpBpJFFqawnr9fBpza92kcGykKb8L5hvpJn9h
quoteSymbol not support 8LktGjzTxyQwCXfQpfsqwmg3DHsTehtt7WDuKp9CXGWb, skipping transaction fq6NDtvnGSMJsu88VF57KqopJNk55nK7Bk1niYLNKMAVn9aeKG9onmDUZEz29GX6Rd2NapQDc4S4nSrnnb8NpWY
quoteSymbol not support 2i6ZfQhzpASj5vS9CU3595KCkQbYiC7t8uTV1diVmsnV, skipping transaction 5VCgpp6yH1LyiPbL88FgBM1nrBuuFSe86zFeFudv44DRMEe8dT3jgzCWuGsxv31oDpy9dNmyuUF45rWi4nGjgBWr
quoteSymbol not support AZsHEMXd36Bj1EMNXhowJajpUXzrKcK57wW4ZGXVa7yR, skipping transaction 3AtXem6LcaVKAB5BSbbW3WPtocuGesdFv72n5CFpyLzZW4cz8YEcd1UVq3yT6MdmNuNLjPGBDhPZ5XWnHKvJm4qg
Invalid tokenAmount: 0, skipping transaction 5QvTHTNtM7wFyHj7FTGcyp4SXmnjqVHGrD4kg3vBeeaYcp78rkmKcp4BTjrbu9bJV36aeTeNpC8fCe383wnKqgZG
✅ 插入 5645 条记录到 solana_history_data_new
HIGH PERFORMANCE: parse 96 blocks, cost: 3475 ms
[Port 8019] server total use, cost: 3475 ms
100
parse block 292658932,cost:26 ms
parse block 292658931,cost:24 ms
parse block 292658930,cost:33 ms
parse block 292658929,cost:21 ms
parse block 292658928,cost:41 ms
parse block 292658927,cost:36 ms
parse block 292658926,cost:33 ms
parse block 292658925,cost:23 ms
parse block 292658924,cost:37 ms
parse block 292658923,cost:42 ms
parse block 292658922,cost:46 ms
parse block 292658921,cost:25 ms
parse block 292658920,cost:34 ms
parse block 292658919,cost:52 ms
parse block 292658918,cost:31 ms
parse block 292658917,cost:34 ms
parse block 292658916,cost:70 ms
parse block 292658915,cost:45 ms
parse block 292658914,cost:22 ms
parse block 292658913,cost:21 ms
parse block 292658912,cost:48 ms
parse block 292658911,cost:23 ms
parse block 292658910,cost:30 ms
parse block 292658909,cost:28 ms
parse block 292658908,cost:16 ms
parse block 292658907,cost:67 ms
parse block 292658906,cost:23 ms
parse block 292658905,cost:28 ms
parse block 292658904,cost:29 ms
parse block 292658903,cost:48 ms
parse block 292658902,cost:46 ms
parse block 292658901,cost:30 ms
parse block 292658900,cost:106 ms
parse block 292658899,cost:37 ms
parse block 292658898,cost:26 ms
parse block 292658897,cost:15 ms
parse block 292658896,cost:57 ms
parse block 292658895,cost:24 ms
parse block 292658894,cost:12 ms
parse block 292658893,cost:9 ms
parse block 292658892,cost:22 ms
parse block 292658891,cost:50 ms
parse block 292658890,cost:47 ms
parse block 292658889,cost:79 ms
parse block 292658888,cost:43 ms
parse block 292658887,cost:7 ms
parse block 292658886,cost:20 ms
parse block 292658885,cost:38 ms
parse block 292658884,cost:30 ms
parse block 292658883,cost:29 ms
parse block 292658882,cost:41 ms
parse block 292658881,cost:44 ms
parse block 292658880,cost:54 ms
parse block 292658879,cost:23 ms
parse block 292658878,cost:19 ms
parse block 292658877,cost:33 ms
parse block 292658876,cost:30 ms
parse block 292658875,cost:27 ms
parse block 292658874,cost:20 ms
parse block 292658873,cost:56 ms
parse block 292658872,cost:39 ms
parse block 292658871,cost:17 ms
parse block 292658870,cost:78 ms
parse block 292658869,cost:27 ms
parse block 292658868,cost:43 ms
parse block 292658867,cost:28 ms
parse block 292658866,cost:49 ms
parse block 292658865,cost:33 ms
parse block 292658864,cost:22 ms
parse block 292658863,cost:81 ms
parse block 292658862,cost:51 ms
parse block 292658861,cost:48 ms
parse block 292658860,cost:26 ms
parse block 292658859,cost:36 ms
parse block 292658858,cost:57 ms
parse block 292658857,cost:62 ms
parse block 292658856,cost:39 ms
parse block 292658855,cost:36 ms
parse block 292658854,cost:39 ms
parse block 292658853,cost:40 ms
parse block 292658852,cost:34 ms
parse block 292658851,cost:28 ms
parse block 292658850,cost:47 ms
parse block 292658849,cost:41 ms
parse block 292658848,cost:19 ms
parse block 292658847,cost:73 ms
parse block 292658846,cost:25 ms
parse block 292658845,cost:34 ms
parse block 292658844,cost:15 ms
parse block 292658843,cost:22 ms
parse block 292658842,cost:25 ms
parse block 292658841,cost:37 ms
parse block 292658840,cost:24 ms
parse block 292658839,cost:31 ms
parse block 292658838,cost:42 ms
parse block 292658837,cost:79 ms
parse block 292658836,cost:55 ms
parse block 292658835,cost:18 ms
parse block 292658834,cost:23 ms
parse block 292658833,cost:61 ms
quoteSymbol not support AiYhnwWiqbdSiEHgAzqrurcdoZx4V21mnuMt5ps2pump, skipping transaction 62nvxkH2fT24saeakVEw6eNA9NAEjU69z39YG1sWGadXkXdhi9FmVxZVyVzqsA4ebPWe9j2GxbHJjbmee7zAz9uE
quoteSymbol not support C8tEY82inN7mgCoBatacvVyeufBd1f1wEdPPtsL4pump, skipping transaction 5oDMbFNH9JzgyLYLVwgHCq8J4URKTjk2ykGJp3EaHHy35RmkEvcRCvS59Ji1BNCu7MDjQD1XJPNPwHfYmdYYTYhx
Invalid quoteAddress: undefined, skipping transaction 5hbGkT3kP2Ck4rRyUGA26QnBN7LkQguJfp4V3DKCyENdonu1rXgfY6RBB15xWMZ8MGUv4u4ZCZs5iueeHiyg39bq
Invalid tokenAmount: 0, skipping transaction 3iAjuCwiaEb7Ni1jqbpWVccA8rEmo9Qh3u6NvXa3VduZ38mwoyQFct4Vt4g6jsLf9vTzYjn1sHeiDZUb3oUi9xvX
quoteSymbol not support 28QTTGj9yV32xu9HWzzAHd2RiQmeQztyQUytX7krpump, skipping transaction 58Z4Tv1n5DCJEwm3x4H9NNguDP9xkkiknJDjgrHTbvusJ75drkgb4B9kBQxQ5fCZhsNzAuG11rQtD57sNMuLZbqx
Invalid quoteAmount: 0, skipping transaction 4htLsBvcsB122QKU8pKMaiSFvrDuTiHHnrWVhuR5JC443ewD4YE5A6SBiveur4QUgoQwLcXJbNgD74WAQFcE66kZ
Invalid tokenAmount: 0, skipping transaction 3Nty74JDFMfk27VqndXC6FqEW6ph2PC8v6cVh3A8yNfJHidTH8mgYgh9oz42SX2bDUK1ekg7A4vxhTzwaRVRbYuJ
quoteSymbol not support EbZsvn8ZiAV84GwJoDvqDpXp7TkBAVXVFDo9ee6opump, skipping transaction 3nAVo3Yim9oTnThPvJQP3Z4qkopHnYix473KgDAy5VjdoCGusSgsts54XBJWkw3u6uChVF67XMZtFbpE21DZBRK3
quoteSymbol not support DUp2qMMGuACziKeyZRtH9cuKyqtYpqJ24iZg6tVLpump, skipping transaction 47QAcT5sddMk8S8uGfacZXRPqPMnWP7fMvKAZc6A3uWcWUstXbsKUYMSxUXaCgDqxCXfZMT9ityXNSirxM2FCpMe
quoteSymbol not support 4tYVKqDaXQn6A6iuwNUincyQiY2M7GT6i4Vb8Ut7pump, skipping transaction 3C2yHB8Ki9rP5QohHMo1PKshrVyhbca6xwpuZn9xL6kN4ULaoG5dJi6qWktTXo5eC5awFBHxmsoSY9fBwzpMPKrT
quoteSymbol not support 9y1ec8mq6geHiSoeerLjvm1H4Um5hQDExN4qdZNQ7Qnd, skipping transaction UfFRzi32nuKamzsfHD3KPxsZ8fD9vM9BQVkbH3jTuXtC59tJyrMrLRZCEeot3VG3xc4pKCuYRavwgN48Mxg9dFz
quoteSymbol not support 4tYVKqDaXQn6A6iuwNUincyQiY2M7GT6i4Vb8Ut7pump, skipping transaction WyyYQCzLTDHPjtAJnd4Q1pnwCF3WaKLeoWq9LpgN47j1qXcnRBXbR1sS49k1FzGBxdNXpvT7zNZ4eEfjJ7s5NwN
✅ 插入 8118 条记录到 solana_history_data_new
HIGH PERFORMANCE: parse 100 blocks, cost: 4138 ms
[Port 8019] server total use, cost: 4152 ms
96
parse block 292655132,cost:56 ms
parse block 292655131,cost:18 ms
parse block 292655130,cost:37 ms
parse block 292655129,cost:8 ms
parse block 292655128,cost:23 ms
parse block 292655127,cost:33 ms
parse block 292655126,cost:25 ms
parse block 292655125,cost:59 ms
parse block 292655124,cost:58 ms
parse block 292655123,cost:52 ms
parse block 292655122,cost:35 ms
parse block 292655121,cost:31 ms
parse block 292655120,cost:47 ms
parse block 292655119,cost:11 ms
parse block 292655118,cost:6 ms
parse block 292655117,cost:5 ms
parse block 292655116,cost:17 ms
parse block 292655115,cost:39 ms
parse block 292655114,cost:39 ms
parse block 292655113,cost:45 ms
parse block 292655112,cost:20 ms
parse block 292655111,cost:14 ms
parse block 292655110,cost:28 ms
parse block 292655109,cost:38 ms
parse block 292655108,cost:27 ms
parse block 292655107,cost:21 ms
parse block 292655106,cost:30 ms
parse block 292655105,cost:42 ms
parse block 292655104,cost:61 ms
parse block 292655103,cost:29 ms
parse block 292655102,cost:28 ms
parse block 292655101,cost:47 ms
parse block 292655100,cost:41 ms
parse block 292655099,cost:19 ms
parse block 292655098,cost:31 ms
parse block 292655097,cost:31 ms
parse block 292655096,cost:52 ms
parse block 292655095,cost:51 ms
parse block 292655094,cost:35 ms
parse block 292655093,cost:42 ms
parse block 292655092,cost:15 ms
parse block 292655091,cost:82 ms
parse block 292655090,cost:34 ms
parse block 292655089,cost:29 ms
parse block 292655088,cost:62 ms
parse block 292655087,cost:29 ms
parse block 292655086,cost:17 ms
parse block 292655085,cost:44 ms
parse block 292655084,cost:19 ms
parse block 292655083,cost:50 ms
parse block 292655082,cost:22 ms
parse block 292655081,cost:40 ms
parse block 292655080,cost:31 ms
parse block 292655079,cost:76 ms
parse block 292655078,cost:59 ms
parse block 292655077,cost:24 ms
parse block 292655076,cost:60 ms
parse block 292655071,cost:45 ms
parse block 292655070,cost:32 ms
parse block 292655069,cost:46 ms
parse block 292655068,cost:44 ms
parse block 292655067,cost:40 ms
parse block 292655066,cost:28 ms
parse block 292655065,cost:15 ms
parse block 292655064,cost:41 ms
parse block 292655063,cost:70 ms
parse block 292655062,cost:39 ms
parse block 292655061,cost:38 ms
parse block 292655060,cost:32 ms
parse block 292655059,cost:32 ms
parse block 292655058,cost:35 ms
parse block 292655057,cost:11 ms
parse block 292655056,cost:55 ms
parse block 292655055,cost:22 ms
parse block 292655054,cost:37 ms
parse block 292655053,cost:37 ms
parse block 292655052,cost:25 ms
parse block 292655051,cost:54 ms
parse block 292655050,cost:38 ms
parse block 292655049,cost:56 ms
parse block 292655048,cost:46 ms
parse block 292655047,cost:28 ms
parse block 292655046,cost:21 ms
parse block 292655045,cost:17 ms
parse block 292655044,cost:25 ms
parse block 292655043,cost:43 ms
parse block 292655042,cost:40 ms
parse block 292655041,cost:51 ms
parse block 292655040,cost:43 ms
parse block 292655039,cost:66 ms
parse block 292655038,cost:48 ms
parse block 292655037,cost:36 ms
parse block 292655036,cost:38 ms
parse block 292655035,cost:40 ms
parse block 292655034,cost:25 ms
parse block 292655033,cost:34 ms
Invalid tokenAmount: 0, skipping transaction 5NRcLZDAuTAerq8Wsz8aVWhUP9EaFiWroqmpTp7aT7KrCpDesZ8hcpt6hrt9GUfM2qyRAjfMCLt4wwU46guN1EhN
quoteSymbol not support Corihj7frwwLpx2o4WaT2X3di7A2WuaEXajp8a9yQ5Zd, skipping transaction 5wNhZwJJ3BnuYc719L6WMnZirydrYtKRvcMU6Z5kM47YtkNtbS3Y7dVHjU4XEHsJeKLGj5YjwrvEVtwB3e9vxFXc
quoteSymbol not support HBpyr8bFb9Krzcu7UQKdrV6gv7ashLCw5uUbN2jXpump, skipping transaction 3n8FoSqvgJLyEzpsWm2zknEhPwY4BojQNwUuwypJCh6tpFMyZveQUvWeCZpRzXmEHF2E6rL658yp3wKRoeuqMvjq
quoteSymbol not support CGtaWrCyeWzSYQvsvWZ1q3gXYSYdhPh653m1B3Vwpump, skipping transaction 5KSBEAHTHUf8hiohnGvNi6DF3duoVmdFo2b7Vc3XxaEszx9ZSxKiPZ3eeuMd3UXLPdUQdvLctK2obaQdGgBuK7WH
quoteSymbol not support DKQpAd288VT4pLS4qiZvoqHqRgqm72PTfxBCwahjpump, skipping transaction 3fVinvUwC5Q2FJBKm2LUBqqtURXa2sYAXPPGXP1H4faC4xxAXaZ7dmTudZPXadMQAvYuFpvr7KPUirXUwqG8jmLj
quoteSymbol not support 4kp3tFvBD3X1QeG9PkcJmJL6QaoxTTMUvbSDJhJqpump, skipping transaction SZqFMJqk95rD3LyY3HX4N7ypCAkP4CGNpmi1he5rMFi2Ae62ksqjyFCufNmDjR6zRmmhSnWViVBnGm7ejFR6aiL
Invalid tokenAmount: 0, skipping transaction 4k4nXqd6XRabEgLsKFYknKHjHhBEvGv1zeyXzhUiSiXjM9WbfviEVdHGar4TXPFXMMViNNUx6DuiZvqtSGvapUeP
quoteSymbol not support BiQASes3tDqxP7XqrmVF9BveXLiKgCRQgto1yYGKnGB6, skipping transaction 2GeDVYi8q7zpSYVsQ21YCGLUARPykVbjmc9TPKfCurfgfcUnFpK99jv1hvgxR4wmuDoNULWatJRQev7183F9nSZ1
quoteSymbol not support H8LW3afnmHYhvhLydBPsFNfUF1JTPpNt6VoeYzutpump, skipping transaction 5oxwgK56ozoZxbNf4eku9JuVqGuiN6SP51yVvKfBQHCmSoApm6dJ8nd2v25aVTQaHYq71Y13xHhSssZK3WjRUcpz
quoteSymbol not support orcaEKTdK7LKz57vaAYr9QeNsVEPfiu6QeMU1kektZE, skipping transaction hsHJx623G7kw71ABugFkSobcPRreok58NEhVV4oF6kQvgctD4QDirP49PpBp6qbSb8NpEbR72ML34ZhKRWFziL7
quoteSymbol not support C8tEY82inN7mgCoBatacvVyeufBd1f1wEdPPtsL4pump, skipping transaction 673a4jCKqRX4fsYTKRsi63drwiN17qFTPKkERTqDJHWSM5nVoiFCLFwWgPqyCXzyW5F6ue43H6B2oEY5PyLbnT73
Invalid quoteAddress: undefined, skipping transaction 4S95vZzheXvmQ5JoP5Bau5bY3TcJKZX4DczYgZPbgZsjB8zbnVceStXk9Zhyin6Gr1TEUezDytmUVU9wugXHRMzH
✅ 插入 5758 条记录到 solana_history_data_new
HIGH PERFORMANCE: parse 96 blocks, cost: 3856 ms
[Port 8019] server total use, cost: 3857 ms
98
parse block 292653332,cost:11 ms
parse block 292653331,cost:28 ms
parse block 292653330,cost:36 ms
parse block 292653329,cost:29 ms
parse block 292653328,cost:70 ms
parse block 292653327,cost:32 ms
parse block 292653326,cost:11 ms
parse block 292653325,cost:34 ms
parse block 292653324,cost:33 ms
parse block 292653323,cost:34 ms
parse block 292653322,cost:29 ms
parse block 292653321,cost:40 ms
parse block 292653320,cost:34 ms
parse block 292653319,cost:45 ms
parse block 292653318,cost:37 ms
parse block 292653317,cost:26 ms
parse block 292653316,cost:24 ms
parse block 292653315,cost:66 ms
parse block 292653314,cost:48 ms
parse block 292653313,cost:35 ms
parse block 292653312,cost:10 ms
parse block 292653311,cost:60 ms
parse block 292653310,cost:29 ms
parse block 292653309,cost:66 ms
parse block 292653308,cost:35 ms
parse block 292653307,cost:20 ms
parse block 292653306,cost:29 ms
parse block 292653305,cost:6 ms
parse block 292653302,cost:28 ms
parse block 292653301,cost:20 ms
parse block 292653300,cost:32 ms
parse block 292653299,cost:27 ms
parse block 292653298,cost:19 ms
parse block 292653297,cost:34 ms
parse block 292653296,cost:27 ms
parse block 292653295,cost:23 ms
quoteSymbol not support cS4VyngtsHzGsWy3nUQVGEUKKNYedmLcwgzNQ8Gpump, skipping transaction 2X26peMsB3LwnK3PEiKBtDymFVoEaw26CEXfoRWE9sA5yoDkXHrKedWeeMh2oFjYyFDdzAwFVbuPDqVAgjKCsZfn
parse block 292653294,cost:23 ms
parse block 292653293,cost:33 ms
parse block 292653292,cost:33 ms
parse block 292653291,cost:22 ms
parse block 292653290,cost:25 ms
parse block 292653289,cost:37 ms
parse block 292653288,cost:37 ms
parse block 292653287,cost:11 ms
parse block 292653286,cost:22 ms
parse block 292653285,cost:30 ms
parse block 292653284,cost:34 ms
parse block 292653283,cost:27 ms
parse block 292653282,cost:34 ms
parse block 292653281,cost:24 ms
parse block 292653280,cost:43 ms
parse block 292653279,cost:15 ms
parse block 292653278,cost:78 ms
parse block 292653277,cost:52 ms
parse block 292653276,cost:48 ms
parse block 292653275,cost:24 ms
parse block 292653274,cost:29 ms
parse block 292653273,cost:11 ms
parse block 292653272,cost:31 ms
parse block 292653271,cost:43 ms
parse block 292653270,cost:41 ms
parse block 292653269,cost:33 ms
parse block 292653268,cost:87 ms
parse block 292653267,cost:8 ms
parse block 292653266,cost:2 ms
parse block 292653265,cost:5 ms
parse block 292653264,cost:30 ms
parse block 292653263,cost:22 ms
parse block 292653262,cost:34 ms
parse block 292653261,cost:38 ms
parse block 292653260,cost:34 ms
parse block 292653259,cost:47 ms
parse block 292653258,cost:16 ms
parse block 292653257,cost:11 ms
parse block 292653256,cost:32 ms
parse block 292653255,cost:58 ms
parse block 292653254,cost:32 ms
parse block 292653253,cost:35 ms
parse block 292653252,cost:31 ms
parse block 292653251,cost:31 ms
parse block 292653250,cost:20 ms
parse block 292653249,cost:25 ms
parse block 292653248,cost:30 ms
parse block 292653247,cost:18 ms
parse block 292653246,cost:27 ms
parse block 292653245,cost:9 ms
parse block 292653244,cost:17 ms
parse block 292653243,cost:32 ms
parse block 292653242,cost:76 ms
parse block 292653241,cost:24 ms
parse block 292653240,cost:27 ms
parse block 292653239,cost:4 ms
parse block 292653238,cost:13 ms
parse block 292653237,cost:6 ms
parse block 292653236,cost:5 ms
parse block 292653235,cost:26 ms
parse block 292653234,cost:13 ms
parse block 292653233,cost:15 ms
Invalid tokenAmount: 0, skipping transaction 5Jxupg716rY88VHgqbGF7VS8gAPy4hJJaxmnuaCqQTpANa7fh1ATKdLZKCQzeSh4Zp9LcTPXPQqLuoZ9pouPJJco
Invalid quoteAddress: undefined, skipping transaction 2gzyLM4Zrq5QJ2PfpKRKmxYTP1aZwJffR19NiE1ktdhUZP5JwkUCrcSU1jAvBKkHuFPuAaziSvWeJvxo3AVeMD1n
quoteSymbol not support 85VBFQZC9TZkfaptBWjvUw7YbZjy52A6mjtPGjstQAmQ, skipping transaction 2WczAHvJg7F2Pxq3BJCYAUMS686tf35qmr93MERuWG8RLvofvS5adF8n4G3iFERhCiddX7NubVhGZYBKgaHtPS68
Invalid quoteAmount: 0, skipping transaction 2azsXpRHSCrpMZq2G136tfzZjo7mQUDsUmGEod6PxykfhVBVRNLA7hjzkvBjYEtSGpPVqfhU4FFXshigTuv2ntWQ
Invalid tokenAmount: 0, skipping transaction 2E46oBN9awEMBEbNDUGwMHHMkAQo5wCWhKKakrsq4eymLe3jxEProdMiEGwNGx6zhthze2zoeDeaDEuqfXzX3m7f
quoteSymbol not support AZsHEMXd36Bj1EMNXhowJajpUXzrKcK57wW4ZGXVa7yR, skipping transaction wAm2D5jmFEdKrjWNCDhb9fErc8kUaKBZM2tTKimFufFB9gGxLrCfojib86Y2zKF8mSDXcMretADnypa8Lb6CDHh
quoteSymbol not support 85VBFQZC9TZkfaptBWjvUw7YbZjy52A6mjtPGjstQAmQ, skipping transaction 3h9A5ArkfKRu45ixq9YNXvxgCvBXvksm1Fu7Xowx6GBnPmd5jNtAwBeCkpGgjKxDLTVDT2vjfL2HEGLC4vyCJgwu
quoteSymbol not support 85VBFQZC9TZkfaptBWjvUw7YbZjy52A6mjtPGjstQAmQ, skipping transaction 4Lq8ggqshybfTu9Koz34Y5B6yMy6uq2vH4Me5ye9AMGUYP8iGMVcvLmWxhBnHQaCT3jLfjwzSCVTRUG4G1aBym2S
quoteSymbol not support 85VBFQZC9TZkfaptBWjvUw7YbZjy52A6mjtPGjstQAmQ, skipping transaction 3yGsKkwEovUorRPUWwHaEfcfXgqRsexFysH7enPWeCefxKgRvM7mPCKKh7nmHFyPkS8NVNiDNMFWrp2oDz7JnpZG
quoteSymbol not support 85VBFQZC9TZkfaptBWjvUw7YbZjy52A6mjtPGjstQAmQ, skipping transaction cCQPZpdYiivzZ3ahb98edTnJBjX2jmDgGcKQcyDvgfxcXN2coUr8yQ4N6gEvLVP4GWqJDzhnnB63wQ26cx3ah36
quoteSymbol not support BaDjVCpABEVCdt4LT7ivuzA4izBwJCqnDjrLa8XBtT38, skipping transaction 5LgE7XmhoE4ibtGqoawFUeF9AbobS5SFSjoVvodBcyAgZ1BkoTR1aFSSQJGztEARFvcoUtNXcAhosKywhcCwzekp
Invalid tokenAmount: 0, skipping transaction 2xCjR2EGkyg4Uew8QBFARGUMjvpGDEuRNydKnnpQ4q5f8jLH9Hv4G3GuKwv7CdCiJrJh41Vf6XhZrkUysv6aTM4B
✅ 插入 5619 条记录到 solana_history_data_new
HIGH PERFORMANCE: parse 98 blocks, cost: 3325 ms
[Port 8019] server total use, cost: 3338 ms
94
parse block 292649232,cost:48 ms
parse block 292649231,cost:32 ms
parse block 292649230,cost:20 ms
parse block 292649229,cost:33 ms
parse block 292649228,cost:57 ms
parse block 292649227,cost:21 ms
parse block 292649226,cost:39 ms
parse block 292649225,cost:53 ms
parse block 292649224,cost:40 ms
parse block 292649223,cost:26 ms
parse block 292649222,cost:44 ms
parse block 292649221,cost:26 ms
parse block 292649220,cost:20 ms
parse block 292649219,cost:35 ms
parse block 292649218,cost:36 ms
parse block 292649217,cost:29 ms
parse block 292649216,cost:38 ms
parse block 292649215,cost:35 ms
parse block 292649214,cost:36 ms
parse block 292649213,cost:29 ms
parse block 292649212,cost:33 ms
parse block 292649211,cost:29 ms
parse block 292649210,cost:35 ms
parse block 292649209,cost:27 ms
parse block 292649208,cost:23 ms
parse block 292649207,cost:32 ms
parse block 292649206,cost:62 ms
parse block 292649205,cost:49 ms
parse block 292649204,cost:29 ms
parse block 292649203,cost:42 ms
parse block 292649202,cost:42 ms
parse block 292649201,cost:25 ms
parse block 292649200,cost:28 ms
parse block 292649199,cost:55 ms
parse block 292649198,cost:60 ms
parse block 292649197,cost:36 ms
parse block 292649196,cost:54 ms
parse block 292649195,cost:31 ms
parse block 292649192,cost:39 ms
parse block 292649191,cost:35 ms
parse block 292649190,cost:28 ms
parse block 292649189,cost:28 ms
parse block 292649188,cost:54 ms
parse block 292649187,cost:55 ms
parse block 292649186,cost:2 ms
parse block 292649185,cost:12 ms
parse block 292649184,cost:15 ms
parse block 292649183,cost:27 ms
parse block 292649182,cost:67 ms
parse block 292649181,cost:42 ms
parse block 292649180,cost:29 ms
parse block 292649179,cost:39 ms
parse block 292649178,cost:42 ms
parse block 292649177,cost:34 ms
parse block 292649176,cost:32 ms
parse block 292649175,cost:33 ms
parse block 292649174,cost:43 ms
parse block 292649173,cost:27 ms
parse block 292649172,cost:23 ms
parse block 292649171,cost:41 ms
parse block 292649170,cost:89 ms
parse block 292649169,cost:32 ms
parse block 292649168,cost:26 ms
parse block 292649167,cost:15 ms
parse block 292649166,cost:25 ms
parse block 292649165,cost:2 ms
parse block 292649164,cost:22 ms
parse block 292649159,cost:24 ms
parse block 292649158,cost:61 ms
parse block 292649157,cost:23 ms
parse block 292649156,cost:30 ms
parse block 292649155,cost:36 ms
parse block 292649154,cost:31 ms
parse block 292649153,cost:39 ms
parse block 292649152,cost:37 ms
parse block 292649151,cost:17 ms
parse block 292649150,cost:22 ms
parse block 292649149,cost:32 ms
parse block 292649148,cost:44 ms
parse block 292649147,cost:37 ms
parse block 292649146,cost:32 ms
parse block 292649145,cost:49 ms
parse block 292649144,cost:48 ms
parse block 292649143,cost:38 ms
parse block 292649142,cost:51 ms
parse block 292649141,cost:39 ms
parse block 292649140,cost:47 ms
parse block 292649139,cost:23 ms
parse block 292649138,cost:15 ms
parse block 292649137,cost:16 ms
parse block 292649136,cost:15 ms
parse block 292649135,cost:29 ms
parse block 292649134,cost:20 ms
parse block 292649133,cost:28 ms
quoteSymbol not support F3vzuq4vZNGyzdaNeyKScUg7eN9Tf74gPkSjcsskpump, skipping transaction 2LNzJn3rnjyX8bUpC8RyLKqAkKU3TQ6v5GCsNeFW5yLPjKDqSTYqiAYhaPyME57DdMTFd7XUvkMvUeJQX4Q8XrNg
quoteSymbol not support 138RzLZngh2tS7YFbj1WKkMBqboECz8DqeVjAmtYpump, skipping transaction 5mPwPqsPkudFNmdfqCy66z6CEwdutzAaiESjyxKdbVjeQvt9B9bHEJrkwcRLNYPPLhunYXxM22g9Tqd5UzHWbULH
Invalid quoteAddress: undefined, skipping transaction 61zDTf1fuq88oyLsgxoMLac1hEdJEEYn1KmQUa2vza68WyPXEUcp2niMZsQ72VvPEFWyXSaByru9QVhbhq3T8QNC
Invalid quoteAddress: undefined, skipping transaction 3VxH4XpTkKdKPATKJh9LJmTh69q6zh259p4hiwokkU1SWuvQTpSrbLe3eJxmANz2zi4ifLov3iRKirFTU6WzmMz5
Invalid quoteAddress: undefined, skipping transaction 3HrM3TUtqNCRSDw2UZuYbMr3A9swghU3d6VY6ToaG5fD8SsFqrp2dRWHsmiUqEErCESNHKa8BG6K6hmsTFWyY1Jx
Invalid quoteAddress: undefined, skipping transaction 3D29JnhLxnqxWeRKCyfXvDWo12mTgmUHmEFkbHThuv1jaE8Lg8bFvvNzDcmB8ZUkFAQHjTECYZsMjy13F1awCZfy
Invalid quoteAddress: undefined, skipping transaction 42Z8XTiAgjLkzW9oxGGpQepK3DLrkNSDinxwkGvdNdb39P1uMfmPTeoA1ittz5VfnL6c3xN9D4QPb8kporP9Gvk2
Invalid tokenAmount: 0, skipping transaction 2oYQZAk8mZHhh8iTrFs6steFkUwuFiZah3cUFUjkcXr5HMA8ZVgWTxk1WNDDPKMZL16B1ometXG5tv4oUHraPfca
Invalid quoteAddress: undefined, skipping transaction 3hRLTXVNnutaqDZviWf4HCRTbVTXHncbHfFUAYEqAVu5Hq9rWh7os3X8PwudpLB9KghJie5ooD1xUmKt5HGpPxeb
Invalid quoteAddress: undefined, skipping transaction 4i3PHgSPk7QLBMuTfdErSQ1mXiGqgW6K9hjVHW88o93jkfQ5V4JJv8QjsmBDVYjSm68UkMiNz5MNKSBe3qaoQDw2
Invalid quoteAddress: undefined, skipping transaction 3Q2L4KXNHveA1NRmcY8egy9bowv7ZvwbhjTJgFNZ8NzgULZPLrJW4Q6jKv2KNcrhvpqrNU5r8fC6wudaBKpdjZg2
Invalid quoteAddress: undefined, skipping transaction 5NZcY7aUrTdBs3jSNwrph55pJRYeCwhgpitUmbXijaxUED79SCKbxLB6U22Q1Wnz2CseGXQSSzQrt2QdY9LkWaHr
Invalid quoteAddress: undefined, skipping transaction 4PBrRXJTVU488y85wmc8CtzsZm5QobN4JsAXe2CgAuHreW2noxpG2Unxzs2MCFLFRuCmzJhhTWHwZEUoFHVTd39u
Invalid quoteAddress: undefined, skipping transaction 5RkPkQFAW1MFvRdJ7vvnkWFzjiZRfWui9WC9hMCatnHaVy6pHHRLNQzjZF34vUXWREkia3MgmuaVQuPYdiFRHbnN
Invalid quoteAddress: undefined, skipping transaction 5dVyG7RzWt7MftcEHuKyZT1Fu42vbkc5CGFMmbEq3G417kRvUzci5mLDibSCKF5zgk4UuPCya1evA9bDfYNZqF8W
Invalid quoteAddress: undefined, skipping transaction 5gVZ6QS2PQdsh9uUP59Y3fzm61hUum6oD8TGVnCsKdUZsXxcGcFLUUu1okZWjdhRphtr1k1EUuZjymMshZo3spSN
Invalid quoteAddress: undefined, skipping transaction vcuL9ZPz8RVGvP3TEFTAhz847bWX9QvpnvRseWtoYFZpCC1HtUcBzYGXXqy6m1Ec8H7XVV6v1AuxibrMqCrCJm6
Invalid quoteAddress: undefined, skipping transaction 4KhZjcvwPRiygy5KN8VNe1zAqNp2YGPqASBa45h1w8Qg4UHit5E9gdoUAg3RiF9VvJA8gZEZhwCqjb1Jxb8jt8h6
Invalid quoteAddress: undefined, skipping transaction 469DZ3H1fYZ8g4J4p8YnnHYLi1o4oxsxLrAxcRrZDG4QB2qfmTjnYwEaJDkKk5ZrDee3gfkGtUQgG1HqaTryLzDv
quoteSymbol not support CS7LmjtuugEUWtFgfyto79nrksKigv7Fdcp9qPuigdLs, skipping transaction 5PWMYz3QKSmaSKG1Q84Bu1wDtwpirqcsB8BB8Bawmk3oGHvaMHrtG5iWQb75B7zKqB3ZouRmnaz5P9qoG1JYJdhj
Invalid quoteAddress: undefined, skipping transaction 5PXznjCAUVvefZPGuAwqTyoa8aiGU8LcPQZfS4Nat5qE9sFXsLFMuwHVRCsdv8C4f8zZDbDPUjNFc11tvjnBCXwc
Invalid quoteAddress: undefined, skipping transaction 5d9KYj1JguYpn4zuaiMMVLpC6e4gjWLSL3aqsCpvo8Abzja1oat16wMVbGA8v4YNSFe5j947V9xx4z5JEHAypCRL
Invalid tokenAmount: 0, skipping transaction 5Ujfj9XQtwok8dGryRapVr3uKdLuci5X4RukBG8E9zrGXAhXu9Df9awrbPoypm2cVCvobtMbtgJMnT623fvDYUEM
Invalid quoteAmount: 0, skipping transaction 4zji3zK5gdQwiPNJhbmCFahP4P2z7PQ8AJcwytfY2d4qd9hpiajt1MsdVvhU8wrRkRZs3B5PuPch9pWT8ND2Ras3
✅ 插入 4739 条记录到 solana_history_data_new
HIGH PERFORMANCE: parse 94 blocks, cost: 3569 ms
[Port 8019] server total use, cost: 3580 ms
100
parse block 292647032,cost:29 ms
parse block 292647031,cost:49 ms
parse block 292647030,cost:16 ms
parse block 292647029,cost:33 ms
parse block 292647028,cost:62 ms
parse block 292647027,cost:47 ms
parse block 292647026,cost:13 ms
parse block 292647025,cost:23 ms
parse block 292647024,cost:40 ms
parse block 292647023,cost:43 ms
parse block 292647022,cost:19 ms
parse block 292647021,cost:15 ms
parse block 292647020,cost:37 ms
parse block 292647019,cost:36 ms
parse block 292647018,cost:23 ms
parse block 292647017,cost:30 ms
parse block 292647016,cost:40 ms
parse block 292647015,cost:23 ms
parse block 292647014,cost:39 ms
parse block 292647013,cost:33 ms
parse block 292647012,cost:22 ms
parse block 292647011,cost:38 ms
parse block 292647010,cost:34 ms
parse block 292647009,cost:26 ms
parse block 292647008,cost:41 ms
parse block 292647007,cost:38 ms
parse block 292647006,cost:21 ms
parse block 292647005,cost:28 ms
parse block 292647004,cost:20 ms
parse block 292647003,cost:10 ms
parse block 292647002,cost:26 ms
parse block 292647001,cost:10 ms
parse block 292647000,cost:47 ms
parse block 292646999,cost:51 ms
parse block 292646998,cost:47 ms
parse block 292646997,cost:32 ms
parse block 292646996,cost:42 ms
parse block 292646995,cost:66 ms
parse block 292646994,cost:53 ms
parse block 292646993,cost:18 ms
parse block 292646992,cost:36 ms
parse block 292646991,cost:24 ms
parse block 292646990,cost:19 ms
parse block 292646989,cost:19 ms
parse block 292646988,cost:33 ms
parse block 292646987,cost:31 ms
parse block 292646986,cost:46 ms
parse block 292646985,cost:62 ms
parse block 292646984,cost:23 ms
parse block 292646983,cost:37 ms
parse block 292646982,cost:15 ms
parse block 292646981,cost:52 ms
parse block 292646980,cost:51 ms
parse block 292646979,cost:20 ms
parse block 292646978,cost:66 ms
parse block 292646977,cost:19 ms
parse block 292646976,cost:25 ms
parse block 292646975,cost:45 ms
parse block 292646974,cost:77 ms
parse block 292646973,cost:20 ms
parse block 292646972,cost:42 ms
parse block 292646971,cost:28 ms
parse block 292646970,cost:17 ms
parse block 292646969,cost:3 ms
parse block 292646968,cost:12 ms
parse block 292646967,cost:39 ms
parse block 292646966,cost:25 ms
parse block 292646965,cost:21 ms
parse block 292646964,cost:37 ms
parse block 292646963,cost:31 ms
parse block 292646962,cost:11 ms
parse block 292646961,cost:17 ms
parse block 292646960,cost:82 ms
parse block 292646959,cost:4 ms
parse block 292646958,cost:17 ms
parse block 292646957,cost:6 ms
parse block 292646956,cost:11 ms
quoteSymbol not support J1toso1uCk3RLmjorhTtrVwY9HJ7X8V9yYac6Y7kGCPn, skipping transaction 2ZTwUriv8cNcFsN9jiYZfqwj4bNtju5wCqxwTeC4fHnKDdfeNRUCfjcZ9AbpYyEi6xhU9C2nhVEMibRG3jjnMxCP
parse block 292646955,cost:18 ms
parse block 292646954,cost:42 ms
parse block 292646953,cost:27 ms
parse block 292646952,cost:49 ms
parse block 292646951,cost:1 ms
parse block 292646950,cost:16 ms
parse block 292646949,cost:7 ms
parse block 292646948,cost:42 ms
parse block 292646947,cost:39 ms
parse block 292646946,cost:15 ms
parse block 292646945,cost:22 ms
parse block 292646944,cost:53 ms
parse block 292646943,cost:29 ms
parse block 292646942,cost:49 ms
parse block 292646941,cost:23 ms
parse block 292646940,cost:22 ms
parse block 292646939,cost:45 ms
parse block 292646938,cost:26 ms
parse block 292646937,cost:35 ms
parse block 292646936,cost:19 ms
parse block 292646935,cost:45 ms
parse block 292646934,cost:66 ms
parse block 292646933,cost:48 ms
quoteSymbol not support J1toso1uCk3RLmjorhTtrVwY9HJ7X8V9yYac6Y7kGCPn, skipping transaction 2BtSUfvJ4dm6eSaEbRxEcXJe97vBT8FgEE5N1nA9tpsR4XKLLk7seoEUrcrzFvpfoQE4S6Ui5KfJT96nee4VpR9V
quoteSymbol not support J1toso1uCk3RLmjorhTtrVwY9HJ7X8V9yYac6Y7kGCPn, skipping transaction 3Z6MfQAaHuB3bBV75jiBKkE4egCfciKemWfUtg3t3ArvHQRDUM6R3s3bm2MKqLpr7wKPmHNPz64TKLDd6mxpMEUX
quoteSymbol not support J1toso1uCk3RLmjorhTtrVwY9HJ7X8V9yYac6Y7kGCPn, skipping transaction rbcuWGsBsNK8ipGndMQ7EjQ3qKgQZSBA8rhfNPXsWrVF6v72Yet7GGKKkNTdmxQnaUF1pZ5Q3D8gTDmiLDBV58V
quoteSymbol not support J1toso1uCk3RLmjorhTtrVwY9HJ7X8V9yYac6Y7kGCPn, skipping transaction 2EDDmYTjHD69rUsXVtPYCyHf5z5Ec17TadiBwFVgSM8njRmisWcbMnCDXb3x9E4E7HcjRDEboRGzoJakjRDb7jRT
quoteSymbol not support J1toso1uCk3RLmjorhTtrVwY9HJ7X8V9yYac6Y7kGCPn, skipping transaction 51SypTXqB5yE8ZgaVyBwmoEWqmjtLquDPs1L6BbXyFsNYPcUCRviWa1z7UbN5NiU7b6vEJ9VHN3MutFJrLMeGhqT
quoteSymbol not support J1toso1uCk3RLmjorhTtrVwY9HJ7X8V9yYac6Y7kGCPn, skipping transaction 4FWHyKT2hpFEmGSfoZCVLt9NWxriiCPaEcPpQZsfW9UDoCP9xLuJnfEnExTW98vXKrkGsQz6BVW7SZsWM82wmQ6F
quoteSymbol not support DezXAZ8z7PnrnRJjz3wXBoRgixCa6xjnB7YaB1pPB263, skipping transaction aNJraeZgCZnaZvpkk4HbzRmQBnMr5LXsBuJRCcArsxfEkBmPR6YJyvG83z1pUZMgXxtZAGoL2RwhKZHwiH7w9XL
quoteSymbol not support J1toso1uCk3RLmjorhTtrVwY9HJ7X8V9yYac6Y7kGCPn, skipping transaction 2ERo5cqRVMe5mv9qNdazQ4eAvEGS1X6B9PUfsSC2xqnySxTKGyudrm7thYyAHX79iojg4Fu1Ez8V9XYKuQqD9R9T
Invalid tokenAmount: 0, skipping transaction 4jWjrDyBYdwDX4JHjEaTD4CBZ6dH9Nr8VABGRvZu9nF2GXvK6diEdJmGy2qeun25iCg68SCmGptPqTLbMYZZQqub
quoteSymbol not support J1toso1uCk3RLmjorhTtrVwY9HJ7X8V9yYac6Y7kGCPn, skipping transaction 2gecmu3dxVKB71w1euwws4ghbdQq549trx9mPhgPgs3QoWRLRswmhPp9Z7zhqGqjDaE1uGiy85vENd33NXfFL9QK
quoteSymbol not support H8LW3afnmHYhvhLydBPsFNfUF1JTPpNt6VoeYzutpump, skipping transaction 4WHQk2c35WRxYWLDJyj4Py25TWMxHoMkG5xk6eSysYLmHwR1k8pMZQWFpmqTwaBmYmb6KSw5Zkw379EnVxo7x1xP
quoteSymbol not support J1toso1uCk3RLmjorhTtrVwY9HJ7X8V9yYac6Y7kGCPn, skipping transaction 8C4vd5GLqFDpJSbscWimT5tkgJofr3G7bxQBShktRDAHYneCF81uw83uZNDWQtFoVT5RX5ctc4EjNoS1mrQS7hg
quoteSymbol not support J1toso1uCk3RLmjorhTtrVwY9HJ7X8V9yYac6Y7kGCPn, skipping transaction 4tFhNU13mFAHjPfiGZQAB1ig8SrV5DvNkvnPZzvS3KWjurHHE2W6uq6z2XRXiiK1EwnUg7vRZBajFNjtxfwW6bNX
quoteSymbol not support J1toso1uCk3RLmjorhTtrVwY9HJ7X8V9yYac6Y7kGCPn, skipping transaction HPRjZyBDzZsdeKcTLV71XMvFUxgDmE9PFGUoTCsSPshV1FvRTGLjdUc3rL2exMAFQfAoBUaoPDbaaFnh7bfnhQB
quoteSymbol not support J1toso1uCk3RLmjorhTtrVwY9HJ7X8V9yYac6Y7kGCPn, skipping transaction 5BQMHvgBAj639gYiGq484uzfqJRoeDYFSfgMk7FhBXFw6dQsXGT2qrcWd3ibaQJxA4bfnrZVc9aJmgEeWDrgADBU
Invalid tokenAmount: 0, skipping transaction 5frRGT8mtV65Wj4eqNhL3AENP2hjUfxp1h7iAJHBH9utNY72furLANNsmr96ckpxsYpD5YotzQVkKaHXpEoMMyZ2
Invalid tokenAmount: 0, skipping transaction 3Jc9JLZVUpg7hzgM1YAf7jCRhNmeNbxcG4n8xWhKCikUTig8h5UtjcFADhq2Ck2DcA5Cr2fduKTQvf1ysZA3Pjc1
quoteSymbol not support J1toso1uCk3RLmjorhTtrVwY9HJ7X8V9yYac6Y7kGCPn, skipping transaction T8DtsHAtME1ZR7QToq4HyLcf8XdyCq4XnBkYFpRskBmXiVo19RnLpnf5BCaS8UajNC4LnTUi4FBeHhHzatBQFUU
Invalid tokenAmount: 0, skipping transaction 31Py4XpvrF8vFW4HqJT8pa2K9ePEm27eDK97QFsFfqXAT7DcaN6C6iGdpXrYZFonjKUQmMXageteR6JUv3zqpA4a
quoteSymbol not support J1toso1uCk3RLmjorhTtrVwY9HJ7X8V9yYac6Y7kGCPn, skipping transaction 5vxtJnmw6igbnBpKMqF2rN7sjBMFKqiZxRTcNyiAxk2ZYHqxSPKwKWFB7HosfefAxeoBWxf4ihvi1qd1AtGg4FVt
quoteSymbol not support 2ZhEWM4bFyGXwBVGMYm9b4zgfiGsY2uBY5b681p1pump, skipping transaction 2TBKtWspLCikr6p8BPeN2LVNt6pqv78t8WKxL7CVZJCriipBJzM2CxkiAQ2uHWEzSiuUi5XCjtsEbVsxjfG3VYUg
quoteSymbol not support H8LW3afnmHYhvhLydBPsFNfUF1JTPpNt6VoeYzutpump, skipping transaction 3nP5bggGzUSD6JqpE53z8JBuWxcXvvR9ipCSyv66JtCfGSNQLHBHZeP1NW91PADNNVgLvic2v6GHVW9LwAZxFm5E
✅ 插入 4976 条记录到 solana_history_data_new
HIGH PERFORMANCE: parse 100 blocks, cost: 3523 ms
[Port 8019] server total use, cost: 3523 ms
99
parse block 324449033,cost:24 ms
parse block 324449032,cost:24 ms
parse block 324449031,cost:25 ms
parse block 324449030,cost:33 ms
parse block 324449029,cost:28 ms
parse block 324449028,cost:34 ms
parse block 324449027,cost:20 ms
parse block 324449026,cost:33 ms
parse block 324449025,cost:54 ms
parse block 324449024,cost:25 ms
parse block 324449023,cost:22 ms
parse block 324449022,cost:17 ms
parse block 324449021,cost:24 ms
parse block 324449020,cost:22 ms
parse block 324449019,cost:34 ms
parse block 324449018,cost:40 ms
parse block 324449017,cost:32 ms
parse block 324449016,cost:16 ms
parse block 324449015,cost:23 ms
parse block 324449014,cost:17 ms
parse block 324449013,cost:35 ms
parse block 324449012,cost:18 ms
parse block 324449011,cost:40 ms
parse block 324449010,cost:42 ms
parse block 324449009,cost:29 ms
parse block 324449008,cost:12 ms
parse block 324449007,cost:24 ms
parse block 324449006,cost:20 ms
parse block 324449005,cost:11 ms
parse block 324449004,cost:27 ms
parse block 324449003,cost:18 ms
parse block 324449002,cost:49 ms
parse block 324449001,cost:54 ms
parse block 324449000,cost:25 ms
parse block 324448999,cost:8 ms
parse block 324448998,cost:15 ms
parse block 324448997,cost:26 ms
parse block 324448996,cost:42 ms
parse block 324448995,cost:31 ms
parse block 324448994,cost:45 ms
parse block 324448993,cost:26 ms
parse block 324448992,cost:25 ms
parse block 324448991,cost:23 ms
parse block 324448990,cost:31 ms
parse block 324448989,cost:34 ms
parse block 324448988,cost:31 ms
parse block 324448987,cost:36 ms
parse block 324448986,cost:107 ms
parse block 324448984,cost:67 ms
parse block 324448983,cost:0 ms
parse block 324448982,cost:1 ms
parse block 324448981,cost:38 ms
parse block 324448980,cost:17 ms
parse block 324448979,cost:31 ms
parse block 324448978,cost:17 ms
parse block 324448977,cost:5 ms
parse block 324448976,cost:14 ms
parse block 324448975,cost:31 ms
parse block 324448974,cost:26 ms
parse block 324448973,cost:14 ms
parse block 324448972,cost:17 ms
parse block 324448971,cost:28 ms
parse block 324448970,cost:23 ms
parse block 324448969,cost:14 ms
parse block 324448968,cost:61 ms
parse block 324448967,cost:37 ms
parse block 324448966,cost:17 ms
parse block 324448965,cost:27 ms
parse block 324448964,cost:19 ms
parse block 324448963,cost:25 ms
parse block 324448962,cost:28 ms
parse block 324448961,cost:38 ms
parse block 324448960,cost:34 ms
parse block 324448959,cost:37 ms
parse block 324448958,cost:60 ms
parse block 324448957,cost:51 ms
parse block 324448956,cost:37 ms
parse block 324448955,cost:31 ms
parse block 324448954,cost:22 ms
parse block 324448953,cost:10 ms
parse block 324448952,cost:10 ms
parse block 324448951,cost:26 ms
parse block 324448950,cost:27 ms
parse block 324448949,cost:26 ms
parse block 324448948,cost:12 ms
parse block 324448947,cost:31 ms
parse block 324448946,cost:16 ms
parse block 324448945,cost:10 ms
parse block 324448944,cost:48 ms
parse block 324448943,cost:20 ms
parse block 324448942,cost:17 ms
parse block 324448941,cost:22 ms
parse block 324448940,cost:30 ms
parse block 324448939,cost:13 ms
parse block 324448938,cost:23 ms
parse block 324448937,cost:32 ms
parse block 324448936,cost:25 ms
parse block 324448935,cost:39 ms
parse block 324448934,cost:29 ms
quoteSymbol not support 9CpSTpxMpMAaRTKbKPp2Z7LPN3bjX47GHQknRP6ypump, skipping transaction 2dMGAwPAQHFHmRThniQCM7oAa4rD3awbFREx97jeV7sKLXXzGtHNQNtcCMVpp6Fdb6moV8hvKwZf4qy4i6BnJGVR
quoteSymbol not support Da2PnDeVD1o7By8vLA4VZfEibtExUdHsFx8qeQUYpump, skipping transaction 4CeMjC1jn621QBZCck7G6gnHVz7Wr7iVAbovq274vUerCJafwtoXuNdKcqu5Qe2Nz9THaWAi6JJCvdxFf5phhaQH
quoteSymbol not support 9CpSTpxMpMAaRTKbKPp2Z7LPN3bjX47GHQknRP6ypump, skipping transaction 32mx9JZxvxzTuNw8SCAKQREJycnXrfGYeMCGvBV9yYTc8E9nCkAhTRdJnxLGcHTzGcvX4wpCr48M2B7k8C8BwzFf
Invalid tokenAmount: 0, skipping transaction 2rWX5W8emo7wDBkE6Dm77AgXWsK1tx52e5dvDUFeDT6YHDZWZKA8Fjsw1U2PBabYke4bCMm7E1ytWJvzDEjq9cQd
quoteSymbol not support 4eFxmq3o63Kv3rfubpbVzLAmmka8TNPv6rYxkuGgCBn7, skipping transaction t4vVmeCJUUBLZhfNiYx4PgkGN7UCHS3y9KbXBkB4xLFFoerLGByLrEs6TThtDr2GnocGoXzjCWk3JYqtBVNAV9D
quoteSymbol not support AsyfR3e5JcPqWot4H5MMhQUm7DZ4zwQrcp2zbB7vpump, skipping transaction 2gUDJXiNZapPSmFhWf8849LJWLvjv2chZogCd5m7qKWYPk5sFvaYL8bYiE23CUbD5AgxRqXwEmG8S2jv2NBdSJa8
quoteSymbol not support GUW492pCgvXzYwbkRo9Bv2MRDvdyVJ2R2aZ1Sd55XbEH, skipping transaction kLKdUbogNd6MpU5kLfqTiYa1hy56VDC1P1dhhkxcvMCUW4dQC2HhPDqQMUX38eNJ5xNGHZFMq4h9fmKpoEuQvez
quoteSymbol not support GUW492pCgvXzYwbkRo9Bv2MRDvdyVJ2R2aZ1Sd55XbEH, skipping transaction 2DJZwJzG3vxnvwjQcE5KuNwo8TP6uazgFitjHm9KxqP3qDjzEpDqZVKpazNPsyvrVSAZhJVsFBzBZw62mSq67XUk
quoteSymbol not support GUW492pCgvXzYwbkRo9Bv2MRDvdyVJ2R2aZ1Sd55XbEH, skipping transaction 47Cvx5AcKH3BwMzwd5B1xUf75difnFGUguvkNSvqrz9ig92YyAFp5MNUL9BtSJB5yDpiTiBvAy7cUZkdBkVkoS75
quoteSymbol not support GUW492pCgvXzYwbkRo9Bv2MRDvdyVJ2R2aZ1Sd55XbEH, skipping transaction 4gwvV25KskPVtPuoCe6wmpJG1qX1Xt3ijjrGHFt5t7j11CAnKJwL73YmzvJ54QyiTfMSmazX9FFFDNzNX7uYBQZ7
quoteSymbol not support GUW492pCgvXzYwbkRo9Bv2MRDvdyVJ2R2aZ1Sd55XbEH, skipping transaction 4UDPyvFBcGh49Lrf9jJpcYAQjiPj39311wdKeAPis8MACndSaN4BDHkaWNjG3nzBVWJf5zGRAVAE8XBrzYvbEXUq
[Port 8019] Error processing request: Decimal value is too big: 17 digits were read: '15854443986083334'e-6. Expected to read decimal with scale 8 and precision 18: (while reading the value of key quote_price): (at row 1370)
: While executing ParallelParsingBlockInputFormat. 
100
parse block 324446133,cost:19 ms
parse block 324446132,cost:36 ms
parse block 324446131,cost:15 ms
parse block 324446130,cost:11 ms
parse block 324446129,cost:28 ms
parse block 324446128,cost:25 ms
parse block 324446127,cost:22 ms
parse block 324446126,cost:23 ms
parse block 324446125,cost:29 ms
parse block 324446124,cost:23 ms
parse block 324446123,cost:42 ms
parse block 324446122,cost:42 ms
parse block 324446121,cost:44 ms
parse block 324446120,cost:34 ms
parse block 324446119,cost:10 ms
parse block 324446118,cost:17 ms
parse block 324446117,cost:8 ms
parse block 324446116,cost:47 ms
parse block 324446115,cost:28 ms
parse block 324446114,cost:21 ms
parse block 324446113,cost:27 ms
parse block 324446112,cost:19 ms
parse block 324446111,cost:15 ms
parse block 324446110,cost:23 ms
parse block 324446109,cost:36 ms
parse block 324446108,cost:10 ms
parse block 324446107,cost:33 ms
parse block 324446106,cost:17 ms
parse block 324446105,cost:50 ms
parse block 324446104,cost:20 ms
parse block 324446103,cost:20 ms
parse block 324446102,cost:32 ms
parse block 324446101,cost:23 ms
parse block 324446100,cost:17 ms
parse block 324446099,cost:18 ms
parse block 324446098,cost:31 ms
parse block 324446097,cost:49 ms
parse block 324446096,cost:20 ms
parse block 324446095,cost:16 ms
parse block 324446094,cost:29 ms
parse block 324446093,cost:30 ms
parse block 324446092,cost:26 ms
parse block 324446091,cost:17 ms
parse block 324446090,cost:23 ms
parse block 324446089,cost:99 ms
parse block 324446088,cost:27 ms
parse block 324446087,cost:7 ms
parse block 324446086,cost:15 ms
parse block 324446085,cost:17 ms
parse block 324446084,cost:20 ms
parse block 324446083,cost:16 ms
parse block 324446082,cost:17 ms
parse block 324446081,cost:32 ms
parse block 324446080,cost:72 ms
parse block 324446079,cost:24 ms
parse block 324446078,cost:12 ms
parse block 324446077,cost:9 ms
parse block 324446076,cost:25 ms
parse block 324446075,cost:18 ms
parse block 324446074,cost:19 ms
parse block 324446073,cost:9 ms
parse block 324446072,cost:21 ms
parse block 324446071,cost:20 ms
parse block 324446070,cost:20 ms
parse block 324446069,cost:63 ms
parse block 324446068,cost:25 ms
parse block 324446067,cost:27 ms
parse block 324446066,cost:21 ms
parse block 324446065,cost:41 ms
parse block 324446064,cost:36 ms
parse block 324446063,cost:5 ms
parse block 324446062,cost:19 ms
parse block 324446061,cost:31 ms
parse block 324446060,cost:27 ms
parse block 324446059,cost:27 ms
parse block 324446058,cost:31 ms
parse block 324446057,cost:24 ms
parse block 324446056,cost:19 ms
parse block 324446055,cost:24 ms
parse block 324446054,cost:16 ms
parse block 324446053,cost:17 ms
parse block 324446052,cost:29 ms
quoteSymbol not support 56X34Mz8pUvm3mwdcSPx3nkas7PawNPjgQm9UQL5SkpW, skipping transaction 52hgJktKfPHU5YtffTrK5VwNqgv5zmAVjxT2ELq7v9AzPBktSVMgCfr3QhpXMAzSSD52GFPghn6mBTDdHbT25fFN
parse block 324446051,cost:22 ms
parse block 324446050,cost:47 ms
parse block 324446049,cost:31 ms
parse block 324446048,cost:39 ms
parse block 324446047,cost:15 ms
parse block 324446046,cost:23 ms
parse block 324446045,cost:27 ms
parse block 324446044,cost:8 ms
parse block 324446043,cost:17 ms
parse block 324446042,cost:46 ms
parse block 324446041,cost:37 ms
parse block 324446040,cost:32 ms
parse block 324446039,cost:21 ms
parse block 324446038,cost:19 ms
parse block 324446037,cost:18 ms
parse block 324446036,cost:19 ms
parse block 324446035,cost:29 ms
parse block 324446034,cost:28 ms
quoteSymbol not support 56X34Mz8pUvm3mwdcSPx3nkas7PawNPjgQm9UQL5SkpW, skipping transaction 571cuBWfkkdhh9jpc4YbhYch291VQPZNZfaVs1CkHEgQz6zMQCL59cvHiS9nRjxVsCekoGbBMcmkGJUwWFaDNwbS
quoteSymbol not support 2zto592G38BUK7t7E9ULfHnUfidXFZtYxiiE69fEpump, skipping transaction 256Q1twH5ucq6RCrmjhKzWnSZiw3d54DDubEph5BQ3hHtWoKySmQ6TyPM7JW9AssE72MLQjmQe9VygucTeqMvfXQ
quoteSymbol not support 56X34Mz8pUvm3mwdcSPx3nkas7PawNPjgQm9UQL5SkpW, skipping transaction 4WxJg1LYHH6otkFWh1V7RQLBeYoPC2HQkfhK1dZXnjNRp7u5FhDQE7ytf8uVBUoXCtFbhnzbG5uy5nPSVd5ihTgx
quoteSymbol not support 56X34Mz8pUvm3mwdcSPx3nkas7PawNPjgQm9UQL5SkpW, skipping transaction 2F6b2qP4RehDwyFFGhFMLkFTjBeZnqR3jYKBiSk7ftLToXy3e9sWNkLuYmBS7vFKuLfqe22AJ2XWemXQevP1E1C9
quoteSymbol not support 56X34Mz8pUvm3mwdcSPx3nkas7PawNPjgQm9UQL5SkpW, skipping transaction 3jz9a8uQWDvy4bLHGTxbWDsrBGJa8g9Rq1GDAA8a375pYfPWLnZT2Pga6JpspfzkVG4vm9h3kbdFp3HWmHx1vE7r
quoteSymbol not support 56X34Mz8pUvm3mwdcSPx3nkas7PawNPjgQm9UQL5SkpW, skipping transaction 22oi54fg15zXYcdVZoHEygxqSaj7pK1pNGv36SLnuXBnrZCFLGWYYvrmjqxMX9r5LVRyR8Pr7vPytBKkW14dwXyM
quoteSymbol not support 56X34Mz8pUvm3mwdcSPx3nkas7PawNPjgQm9UQL5SkpW, skipping transaction 3NkuHHf8wEwHmxeY2UN4PHAN4WonLGpgPWztbU9omDcM2w26HAHmJ7q8CkNKAzZrpWsQCoRvbBLijmQpvEza1jHB
Invalid quoteAddress: undefined, skipping transaction MvcRyJiuPtGzibzPES3TxWyrmZDKfQVJBd4Y1BupUYfN65bPGgK14eUQzzjGQVYAWVVnDsFZNm2HDPjiWPrNdTy
quoteSymbol not support 56X34Mz8pUvm3mwdcSPx3nkas7PawNPjgQm9UQL5SkpW, skipping transaction 39ooWvHE4Jmw7r8Sx8wRKzFgk5SrfRQqNBUyU7T3UDcVmt9FEwzQcoD5x11r4vN9GnFqRso3oxRVNBRSb3ceW18x
quoteSymbol not support 56X34Mz8pUvm3mwdcSPx3nkas7PawNPjgQm9UQL5SkpW, skipping transaction 57pqgkE6GhYANtkfDQUoMsbzdB8hNqawSpp6GwpPoBfsGm3vyHPR2o2nNqP58aJGDQyDVg68Q4rs6wWAxezQRjoe
quoteSymbol not support 56X34Mz8pUvm3mwdcSPx3nkas7PawNPjgQm9UQL5SkpW, skipping transaction 5tHVSrHXBWByMnWRjxLzaYxT6UoCUBMLf6Gh5JPs6JXzf5kCUxmdpfw2QzL5q6L7mZqCPTuDQYEpCoZLpL2ABo3P
quoteSymbol not support 56X34Mz8pUvm3mwdcSPx3nkas7PawNPjgQm9UQL5SkpW, skipping transaction 2PmY7KhuXhQKH3MX8eYyra4vgNoevBePmfxQF7PLSyPYKKKKGRvqHnb4qJ1ZBf99u5T1AUgquuL7HsZ5wcBNW48k
Invalid tokenAmount: 0, skipping transaction Qb1tcteGLcMoA9p8JBDEieHj3d6RyopZndw7zdper213Zbx2tNdokmEWEA9D3FtVEzx3swK8uZeU1qXTu82fUq2
quoteSymbol not support 56X34Mz8pUvm3mwdcSPx3nkas7PawNPjgQm9UQL5SkpW, skipping transaction wz3BZPpnBm6p5vLmqzygmuXJi4Z2Kex7YZc2sGdKv5DVSpMBxsZHG5pixH3BLgVCCVv14BEu6fQHtJbrL9wZEMJ
quoteSymbol not support 56X34Mz8pUvm3mwdcSPx3nkas7PawNPjgQm9UQL5SkpW, skipping transaction 47NiUrYNrsFTqHVEAmKvb2r6UvejR2xP6mNjhSV3nvjGDbE2YoAxq3Wud3v9Ghb2EJFBXoV4M5wEu5tHqYmW1Vqk
quoteSymbol not support BABrNVTWCpsxR6L9bkwskefHrXo4Smu4Yv3qH6atpump, skipping transaction 5E9BfsNHz6um18A76nEJw7AC8vEoTf8EwcuW14rsMKnh8cPqxzy4vpQa8PbeMzFaC9ULwTrM798c6wxW9QnB9Lag
quoteSymbol not support DezXAZ8z7PnrnRJjz3wXBoRgixCa6xjnB7YaB1pPB263, skipping transaction 3jTy1Qy4RNW8qMKD1dfaSGA7n3wZSvjuYUVthE6nMjtr1BuYsUY25ab15HCbPXZ8uKHcMqtK7iFrHea5KaURZCpp
quoteSymbol not support HLnTNCG5RD7jYVduFc1pMCHiuApoWGn9LveqEFanQFZb, skipping transaction 8iWYQHJvDHWaVi9h3rK8uqQZUHTr5zpBZK1uMSVrUP6DigvMEWmcPyFmQhz3FjgteFAevAPxUQKMYJALqcnkMi7
quoteSymbol not support 56X34Mz8pUvm3mwdcSPx3nkas7PawNPjgQm9UQL5SkpW, skipping transaction 5mTRtCfRi49amL3hVeDgNMZbBKHqKjEhu7j7GfwaJtRdhq3yEJBQAFYPE1qh6EDb5cD6AMzyfdEGN8QaWA72nxxy
Invalid tokenAmount: 0, skipping transaction 2qFYXUrMyS5i7S5y22KBX1v65BDKUBFUEN8KUaZDCPS4sjVR6CfxjxhNArygmvFcZSp3ZJ5drZE6H4J6sZkwFAs6
quoteSymbol not support D8kgv5BRyfxUgTJGhkPJcw1Neo1eaneENC5XxC99pump, skipping transaction 37pW3StPyjv4exGrAZqeiMMF1CPE8gR3UkiHhUWQR2WaQ4Kpux6Gx54Bz7y4TBA3PvHKWGvMxWAAxBktzNdWaVyi
quoteSymbol not support DezXAZ8z7PnrnRJjz3wXBoRgixCa6xjnB7YaB1pPB263, skipping transaction hpDeRjdM6C29MrnWcPjdYq67Fn9E23mPxxvZyLb7agutEfrZhyCBkYBjWYffTnc865mXJDJPHZkvKXFGS9hW48w
quoteSymbol not support 56X34Mz8pUvm3mwdcSPx3nkas7PawNPjgQm9UQL5SkpW, skipping transaction 2M48FpgfULiCHB83eNCL4S7CiYL89WoSxbTJ9BY4ezFmesreEqpn2MiLpm7mFktjfsghE9jaPurcFi8ZcuJSrL5T
quoteSymbol not support ATc32obstKTZAoYbiwLdtm5oh4rn7QXtjjm8GSoCY22Q, skipping transaction 3QPCShw8twZ1kGsUQ41mvpGME1jqRcYYh9taEe4An7owhcqmrwNbaRo3an1Kkj2StouD4FNoADNVWYcKgBkLaGSB
quoteSymbol not support 56X34Mz8pUvm3mwdcSPx3nkas7PawNPjgQm9UQL5SkpW, skipping transaction cLwcvcZSC54BoLtgzUemnkvbj2Y6Mq24hFjo1gEYAhZvZohAvjPgVsf77S2eNXAg6GgbaV1mA4Deu2ZTnRYZXWF
✅ 插入 8596 条记录到 solana_history_data_new
HIGH PERFORMANCE: parse 100 blocks, cost: 3029 ms
[Port 8019] server total use, cost: 3043 ms
100
parse block 324443633,cost:17 ms
parse block 324443632,cost:23 ms
parse block 324443631,cost:14 ms
parse block 324443630,cost:30 ms
parse block 324443629,cost:12 ms
parse block 324443628,cost:29 ms
parse block 324443627,cost:27 ms
parse block 324443626,cost:42 ms
parse block 324443625,cost:20 ms
parse block 324443624,cost:31 ms
parse block 324443623,cost:14 ms
parse block 324443622,cost:18 ms
parse block 324443621,cost:27 ms
parse block 324443620,cost:22 ms
parse block 324443619,cost:15 ms
parse block 324443618,cost:54 ms
parse block 324443617,cost:20 ms
parse block 324443616,cost:33 ms
parse block 324443615,cost:17 ms
parse block 324443614,cost:26 ms
parse block 324443613,cost:25 ms
parse block 324443612,cost:31 ms
parse block 324443611,cost:31 ms
parse block 324443610,cost:64 ms
parse block 324443609,cost:46 ms
parse block 324443608,cost:20 ms
parse block 324443607,cost:22 ms
parse block 324443606,cost:28 ms
parse block 324443605,cost:26 ms
parse block 324443604,cost:24 ms
parse block 324443603,cost:39 ms
parse block 324443602,cost:65 ms
parse block 324443601,cost:65 ms
parse block 324443600,cost:30 ms
parse block 324443599,cost:26 ms
parse block 324443598,cost:15 ms
parse block 324443597,cost:19 ms
parse block 324443596,cost:15 ms
parse block 324443595,cost:43 ms
parse block 324443594,cost:14 ms
parse block 324443593,cost:6 ms
parse block 324443592,cost:22 ms
parse block 324443591,cost:32 ms
parse block 324443590,cost:23 ms
parse block 324443589,cost:33 ms
parse block 324443588,cost:23 ms
parse block 324443587,cost:33 ms
parse block 324443586,cost:35 ms
parse block 324443585,cost:40 ms
parse block 324443584,cost:51 ms
parse block 324443583,cost:25 ms
parse block 324443582,cost:31 ms
parse block 324443581,cost:31 ms
parse block 324443580,cost:28 ms
parse block 324443579,cost:17 ms
parse block 324443578,cost:20 ms
parse block 324443577,cost:19 ms
parse block 324443576,cost:55 ms
parse block 324443575,cost:35 ms
parse block 324443574,cost:15 ms
parse block 324443573,cost:31 ms
parse block 324443572,cost:24 ms
parse block 324443571,cost:22 ms
parse block 324443570,cost:20 ms
parse block 324443569,cost:37 ms
parse block 324443568,cost:33 ms
parse block 324443567,cost:41 ms
parse block 324443566,cost:42 ms
parse block 324443565,cost:8 ms
parse block 324443564,cost:24 ms
parse block 324443563,cost:23 ms
parse block 324443562,cost:38 ms
parse block 324443561,cost:73 ms
parse block 324443560,cost:41 ms
parse block 324443559,cost:24 ms
parse block 324443558,cost:19 ms
parse block 324443557,cost:23 ms
parse block 324443556,cost:20 ms
parse block 324443555,cost:45 ms
parse block 324443554,cost:10 ms
parse block 324443553,cost:17 ms
parse block 324443552,cost:56 ms
parse block 324443551,cost:15 ms
parse block 324443550,cost:25 ms
parse block 324443549,cost:37 ms
parse block 324443548,cost:29 ms
parse block 324443547,cost:15 ms
parse block 324443546,cost:20 ms
parse block 324443545,cost:23 ms
parse block 324443544,cost:51 ms
parse block 324443543,cost:38 ms
parse block 324443542,cost:17 ms
parse block 324443541,cost:24 ms
parse block 324443540,cost:25 ms
parse block 324443539,cost:16 ms
parse block 324443538,cost:28 ms
parse block 324443537,cost:36 ms
parse block 324443536,cost:11 ms
parse block 324443535,cost:52 ms
parse block 324443534,cost:32 ms
quoteSymbol not support 6fsi9iyP7AoQfvxQCh1x4BkghjRZc7PsXesu6mvmoon, skipping transaction 4EdLG7XQtLyv7j6hAuhhKtpEV2wFEzKpM7QCPCvBQsx3PS3jKYrgwbfkuB4zgcZVQ586R8cVDeifLarzxSZBxnWg
quoteSymbol not support ATc32obstKTZAoYbiwLdtm5oh4rn7QXtjjm8GSoCY22Q, skipping transaction 4KumkS4N7fxXHespkpRgdNUUeQLRPD81RsT4x5tRuYxAMuQ6NgZbhPgmS2q4iPnDLoGApMXJRgV5UMk5xEP8Ak3s
Invalid quoteAddress: undefined, skipping transaction 2aAkAeUjFHdcVLqucqTpC2gjHkjjEmdBgy3xGEGu2p9qk6Wu3982TXsFLqRWkhY64DMQUS1f7VQrgTYTdkDFfsXX
Invalid tokenAmount: 0, skipping transaction 3W1zK3EhKSSLKauHTo4vrrVBnFcPxP7HLmt6ugsNzDEJY6P58wf7m4VRNDg5Vbjb5Cz5PEqP2ARDFapCnruE5Xva
quoteSymbol not support Ddm4DTxNZxABUYm2A87TFLY6GDG2ktM2eJhGZS3EbzHM, skipping transaction udHoS8tQ9PU7zuTgt9Wc2amCYccKQKRPwBFcfEkrL4GcbvFJuYJ9JdGMK5YN14HQNVkn9SZKXtsr4exJEpfxycV
quoteSymbol not support 4k3Dyjzvzp8eMZWUXbBCjEvwSkkk59S5iCNLY3QrkX6R, skipping transaction 4FVrnbq8sLhYQUsjwRjgqa9C2fZbY4YKYoZweP5SdM5jHtkZ1jyLvoXsLAXkoBotSjuUgarYiWfnEuyZwJaFtuP5
Invalid tokenAmount: 0, skipping transaction 3G6TQ6hWt3HLJs5VnDmHE43ZbzLbKZMCVD1b81zAwNYBekJHwLpJWYRT3w48XPpiamFfi9dR3hqjztUys73gwZDq
quoteSymbol not support 61V8vBaqAGMpgDQi4JcAwo1dmBGHsyhzodcPqnEVpump, skipping transaction 5sAXeMnZ8J1QiEvZL152LTJix5YW97X9CFW25XXPLvhSHWkBMCFT6A65VcSeDopp1LZgCT9yLrY9usAHUrbdmHCe
quoteSymbol not support 4LLbsb5ReP3yEtYzmXewyGjcir5uXtKFURtaEUVC2AHs, skipping transaction 5gWp9NZA3nrJ5K9LVgrh7DwUUpV4d3HaTRvDSa2cfkr1T7WeAjv9ui7cegtv3pSeoXVrSfciAwa2ob3jJbf17jsM
quoteSymbol not support 7i5KKsX2weiTkry7jA4ZwSuXGhs5eJBEjY8vVxR4pfRx, skipping transaction 42ficT4n8eQJ8JVo3GHuUeMUuZj2tvAqkyAZHRsQosGVgoZWTDoqJYVzwhHAJkV6rcwKMmCrH1MPVg2FA6Fs8qxY
quoteSymbol not support 61V8vBaqAGMpgDQi4JcAwo1dmBGHsyhzodcPqnEVpump, skipping transaction 3mMKjgFvKpdsc31MPSnacZ74wzke7tCcmSkHYSPu7mryBUSR13KgP1cLWHap1kfF6y4nyo5AttAqFoyubqkxP4bo
Invalid tokenAmount: 0, skipping transaction mDsrCYsYsDbABApn9RpQpJhAL5rJRAwgXJq39pydjTbEYbkBbh8s5Nd33wueBK74fSY84667RXXyGWSQgDwMk8f
quoteSymbol not support 61V8vBaqAGMpgDQi4JcAwo1dmBGHsyhzodcPqnEVpump, skipping transaction 4QsTi785upSCtpDad1DAYX1jw6jDTxbVqyYUhTdyheTxUrSv1QcMqREgqBgzz26oNFETUhL78WqagsiDZn6uS4AD
quoteSymbol not support E1jCTXdkMRoawoWoqfbhiNkkLbxcSHPssMo36U84pump, skipping transaction 5dVRE5vnSXUaD7NLo2mMxrtrtxXmuqzpdk9eeXj1SLB6TYmCSWiZ4Zh5FCnKwZKYZqTVTibxEAU64tSQ33uMUozi
Invalid tokenAmount: 0, skipping transaction QHNxSRbZu9HCJ5LmCYZ35ZDvamuDWDiEe8yALTnq5TMA72Af7mTx1PQnaJJ86xcKUo9vy7deVTM2YbPUw4B9aar
quoteSymbol not support DubwWZNWiNGMMeeQHPnMATNj77YZPZSAz2WVR5WjLJqz, skipping transaction QS97oLgHzSEqBrtcSzzrhoZ9Aifr82UppSZkdtdxHRAHfacfKtYGRWyF7wjp5PgXBuLcGRMbjBhdTuptrAYNkZf
Invalid tokenAmount: 0, skipping transaction ZM5C1BkCcRiv5oVE3e3TpxT5vSU2mjWM1LsSYnhwqc6wVpW6DrLMziQMBNrMjhVc5LWun13Fp6GMftcZiT674Ss
quoteSymbol not support 61V8vBaqAGMpgDQi4JcAwo1dmBGHsyhzodcPqnEVpump, skipping transaction 3NnXa4n1kgysnP2VFaSvW465Y1FfkH7GwusZNSmtNLCYat2qsNDHxMN2ZeSdhCW6axpCscatYfcSpzb9gtDvNXsc
quoteSymbol not support 6yjNqPzTSanBWSa6dxVEgTjePXBrZ2FoHLDQwYwEsyM6, skipping transaction 3DZhT6JDCsAsnmpmJyrPhDSfm6cHpcUMaGGKpuJSUWXA6PPeYEnB227QfsTKyJ5XSkWDR7vaJaDtkaTuqbzbs4sw
Invalid tokenAmount: 0, skipping transaction sxw9en9NDd7RGLCGEk6aChioSvp5Y6BWjMBQy2oRPYaz8ddkqjTYX13wr6j978itraP5bJSpYMaLbc8p4gdEWvE
Invalid quoteAddress: undefined, skipping transaction hbC7fotNEWnG3hfh4vqgyB8Q8Vsg2frt5kCpHjqaVJj45CU2j62762TuKtgfX1VjhEvSs4iZfbPpof4d75YgkXg
quoteSymbol not support yzRagkRLnzG3ksiCRpknHNVc1nep6MMS7rKJv8YHGFM, skipping transaction 9dgWnaJJoCxwqshtzYAinfQzAv45pbcuBEzpV8JK7YUtzQCDKLMGVLj8f3o5pWf5z5hg5aXjzrUVZ5F5JfHdJEP
quoteSymbol not support BABrNVTWCpsxR6L9bkwskefHrXo4Smu4Yv3qH6atpump, skipping transaction 2K3nKGcTKEoUsdLc1sryGYMSyipBr7nZW8BfxK34Bpm7pputBycCqJDY5HYJuGsxz1DaTogKp2YX3ybCNdi2V7WL
Invalid tokenAmount: 0, skipping transaction 51PPajYJTDLa5AxAtMMeuSfH1JtfzywFUF7ZSsiZM7wu1goT1BReH5mEjfj3e5sng83YzE3aEKNiRZsMLZESPvc4
Invalid tokenAmount: 0, skipping transaction 2Yh189rUmvMy6hF8HuKPru3zmWM7ZDzJH555y5LyLGW8fUFRyhE13yiqvsj1PNqApizsiCcDo2JoNALWPRtbgQD4
✅ 插入 9674 条记录到 solana_history_data_new
HIGH PERFORMANCE: parse 100 blocks, cost: 3550 ms
[Port 8019] server total use, cost: 3550 ms
