[0;35m🔍 启动进程监控守护程序[0m
[1;33m   监控端口范围: 8000-8030[0m
[1;33m   健康检查间隔: 10秒[0m
[1;33m   最大重试次数: 10[0m

[0;31m[2025-08-04 07:44:07][0m Port 8000: process_dead - 
[0;31m[2025-08-04 07:44:07][0m Port 8000: health_check_failed - consecutive_failures=1
[0;31m[2025-08-04 07:44:07][0m Port 8001: process_dead - 
[0;31m[2025-08-04 07:44:07][0m Port 8001: health_check_failed - consecutive_failures=1
[0;31m[2025-08-04 07:44:07][0m Port 8002: process_dead - 
[0;31m[2025-08-04 07:44:07][0m Port 8002: health_check_failed - consecutive_failures=1
[0;31m[2025-08-04 07:44:07][0m Port 8003: process_dead - 
[0;31m[2025-08-04 07:44:07][0m Port 8003: health_check_failed - consecutive_failures=1
[0;31m[2025-08-04 07:44:07][0m Port 8004: process_dead - 
[0;31m[2025-08-04 07:44:07][0m Port 8004: health_check_failed - consecutive_failures=1
[0;31m[2025-08-04 07:44:07][0m Port 8005: process_dead - 
[0;31m[2025-08-04 07:44:07][0m Port 8005: health_check_failed - consecutive_failures=1
[0;31m[2025-08-04 07:44:07][0m Port 8006: process_dead - 
[0;31m[2025-08-04 07:44:07][0m Port 8006: health_check_failed - consecutive_failures=1
[0;31m[2025-08-04 07:44:07][0m Port 8007: process_dead - 
[0;31m[2025-08-04 07:44:07][0m Port 8007: health_check_failed - consecutive_failures=1
[0;31m[2025-08-04 07:44:07][0m Port 8008: process_dead - 
[0;31m[2025-08-04 07:44:07][0m Port 8008: health_check_failed - consecutive_failures=1
[0;31m[2025-08-04 07:44:07][0m Port 8009: process_dead - 
[0;31m[2025-08-04 07:44:07][0m Port 8009: health_check_failed - consecutive_failures=1
[0;31m[2025-08-04 07:44:07][0m Port 8010: process_dead - 
[0;31m[2025-08-04 07:44:07][0m Port 8010: health_check_failed - consecutive_failures=1
[0;31m[2025-08-04 07:44:07][0m Port 8011: process_dead - 
[0;31m[2025-08-04 07:44:07][0m Port 8011: health_check_failed - consecutive_failures=1
[0;31m[2025-08-04 07:44:07][0m Port 8012: process_dead - 
[0;31m[2025-08-04 07:44:07][0m Port 8012: health_check_failed - consecutive_failures=1
[0;31m[2025-08-04 07:44:07][0m Port 8013: process_dead - 
[0;31m[2025-08-04 07:44:07][0m Port 8013: health_check_failed - consecutive_failures=1
[0;31m[2025-08-04 07:44:07][0m Port 8014: process_dead - 
[0;31m[2025-08-04 07:44:07][0m Port 8014: health_check_failed - consecutive_failures=1
[0;31m[2025-08-04 07:44:07][0m Port 8015: process_dead - 
[0;31m[2025-08-04 07:44:07][0m Port 8015: health_check_failed - consecutive_failures=1
[0;31m[2025-08-04 07:44:07][0m Port 8016: process_dead - 
[0;31m[2025-08-04 07:44:07][0m Port 8016: health_check_failed - consecutive_failures=1
[0;31m[2025-08-04 07:44:07][0m Port 8017: process_dead - 
[0;31m[2025-08-04 07:44:07][0m Port 8017: health_check_failed - consecutive_failures=1
[0;31m[2025-08-04 07:44:07][0m Port 8018: process_dead - 
[0;31m[2025-08-04 07:44:07][0m Port 8018: health_check_failed - consecutive_failures=1
[0;31m[2025-08-04 07:44:07][0m Port 8019: process_dead - 
[0;31m[2025-08-04 07:44:07][0m Port 8019: health_check_failed - consecutive_failures=1
[0;31m[2025-08-04 07:44:07][0m Port 8020: process_dead - 
[0;31m[2025-08-04 07:44:07][0m Port 8020: health_check_failed - consecutive_failures=1
[0;31m[2025-08-04 07:44:07][0m Port 8021: process_dead - 
[0;31m[2025-08-04 07:44:07][0m Port 8021: health_check_failed - consecutive_failures=1
[0;31m[2025-08-04 07:44:07][0m Port 8022: process_dead - 
[0;31m[2025-08-04 07:44:07][0m Port 8022: health_check_failed - consecutive_failures=1
[0;31m[2025-08-04 07:44:07][0m Port 8023: process_dead - 
[0;31m[2025-08-04 07:44:07][0m Port 8023: health_check_failed - consecutive_failures=1
[0;31m[2025-08-04 07:44:07][0m Port 8024: process_dead - 
[0;31m[2025-08-04 07:44:07][0m Port 8024: health_check_failed - consecutive_failures=1
[0;31m[2025-08-04 07:44:07][0m Port 8025: process_dead - 
[0;31m[2025-08-04 07:44:07][0m Port 8025: health_check_failed - consecutive_failures=1
[0;31m[2025-08-04 07:44:07][0m Port 8026: process_dead - 
[0;31m[2025-08-04 07:44:07][0m Port 8026: health_check_failed - consecutive_failures=1
[0;31m[2025-08-04 07:44:07][0m Port 8027: process_dead - 
[0;31m[2025-08-04 07:44:07][0m Port 8027: health_check_failed - consecutive_failures=1
[0;31m[2025-08-04 07:44:07][0m Port 8028: process_dead - 
[0;31m[2025-08-04 07:44:07][0m Port 8028: health_check_failed - consecutive_failures=1
[0;31m[2025-08-04 07:44:07][0m Port 8029: process_dead - 
[0;31m[2025-08-04 07:44:07][0m Port 8029: health_check_failed - consecutive_failures=1
[0;31m[2025-08-04 07:44:07][0m Port 8030: process_dead - 
[0;31m[2025-08-04 07:44:07][0m Port 8030: health_check_failed - consecutive_failures=1
[0;31m[2025-08-04 07:44:17][0m Port 8000: process_dead - 
[0;31m[2025-08-04 07:44:17][0m Port 8000: health_check_failed - consecutive_failures=2
[0;31m[2025-08-04 07:44:17][0m Port 8001: process_dead - 
[0;31m[2025-08-04 07:44:17][0m Port 8001: health_check_failed - consecutive_failures=2
[0;31m[2025-08-04 07:44:17][0m Port 8002: process_dead - 
[0;31m[2025-08-04 07:44:17][0m Port 8002: health_check_failed - consecutive_failures=2
[0;31m[2025-08-04 07:44:17][0m Port 8003: process_dead - 
[0;31m[2025-08-04 07:44:17][0m Port 8003: health_check_failed - consecutive_failures=2
[0;31m[2025-08-04 07:44:17][0m Port 8004: process_dead - 
[0;31m[2025-08-04 07:44:17][0m Port 8004: health_check_failed - consecutive_failures=2
[0;31m[2025-08-04 07:44:17][0m Port 8005: process_dead - 
[0;31m[2025-08-04 07:44:17][0m Port 8005: health_check_failed - consecutive_failures=2
[0;31m[2025-08-04 07:44:17][0m Port 8006: process_dead - 
[0;31m[2025-08-04 07:44:17][0m Port 8006: health_check_failed - consecutive_failures=2
[0;31m[2025-08-04 07:44:17][0m Port 8007: process_dead - 
[0;31m[2025-08-04 07:44:17][0m Port 8007: health_check_failed - consecutive_failures=2
[0;31m[2025-08-04 07:44:17][0m Port 8008: process_dead - 
[0;31m[2025-08-04 07:44:17][0m Port 8008: health_check_failed - consecutive_failures=2
[0;31m[2025-08-04 07:44:17][0m Port 8009: process_dead - 
[0;31m[2025-08-04 07:44:17][0m Port 8009: health_check_failed - consecutive_failures=2
[0;31m[2025-08-04 07:44:17][0m Port 8010: process_dead - 
[0;31m[2025-08-04 07:44:17][0m Port 8010: health_check_failed - consecutive_failures=2
[0;31m[2025-08-04 07:44:17][0m Port 8011: process_dead - 
[0;31m[2025-08-04 07:44:17][0m Port 8011: health_check_failed - consecutive_failures=2
[0;31m[2025-08-04 07:44:17][0m Port 8012: process_dead - 
[0;31m[2025-08-04 07:44:17][0m Port 8012: health_check_failed - consecutive_failures=2
[0;31m[2025-08-04 07:44:17][0m Port 8013: process_dead - 
[0;31m[2025-08-04 07:44:17][0m Port 8013: health_check_failed - consecutive_failures=2
[0;31m[2025-08-04 07:44:17][0m Port 8014: process_dead - 
[0;31m[2025-08-04 07:44:17][0m Port 8014: health_check_failed - consecutive_failures=2
[0;31m[2025-08-04 07:44:17][0m Port 8015: process_dead - 
[0;31m[2025-08-04 07:44:17][0m Port 8015: health_check_failed - consecutive_failures=2
[0;31m[2025-08-04 07:44:17][0m Port 8016: process_dead - 
[0;31m[2025-08-04 07:44:17][0m Port 8016: health_check_failed - consecutive_failures=2
[0;31m[2025-08-04 07:44:17][0m Port 8017: process_dead - 
[0;31m[2025-08-04 07:44:17][0m Port 8017: health_check_failed - consecutive_failures=2
[0;31m[2025-08-04 07:44:17][0m Port 8018: process_dead - 
[0;31m[2025-08-04 07:44:17][0m Port 8018: health_check_failed - consecutive_failures=2
[0;31m[2025-08-04 07:44:17][0m Port 8019: process_dead - 
[0;31m[2025-08-04 07:44:17][0m Port 8019: health_check_failed - consecutive_failures=2
[0;31m[2025-08-04 07:44:17][0m Port 8020: process_dead - 
[0;31m[2025-08-04 07:44:17][0m Port 8020: health_check_failed - consecutive_failures=2
[0;31m[2025-08-04 07:44:17][0m Port 8021: process_dead - 
[0;31m[2025-08-04 07:44:17][0m Port 8021: health_check_failed - consecutive_failures=2
[0;31m[2025-08-04 07:44:17][0m Port 8022: process_dead - 
[0;31m[2025-08-04 07:44:17][0m Port 8022: health_check_failed - consecutive_failures=2
[0;31m[2025-08-04 07:44:17][0m Port 8023: process_dead - 
[0;31m[2025-08-04 07:44:17][0m Port 8023: health_check_failed - consecutive_failures=2
[0;31m[2025-08-04 07:44:17][0m Port 8024: process_dead - 
[0;31m[2025-08-04 07:44:17][0m Port 8024: health_check_failed - consecutive_failures=2
[0;31m[2025-08-04 07:44:17][0m Port 8025: process_dead - 
[0;31m[2025-08-04 07:44:17][0m Port 8025: health_check_failed - consecutive_failures=2
[0;31m[2025-08-04 07:44:17][0m Port 8026: process_dead - 
[0;31m[2025-08-04 07:44:17][0m Port 8026: health_check_failed - consecutive_failures=2
[0;31m[2025-08-04 07:44:17][0m Port 8027: process_dead - 
[0;31m[2025-08-04 07:44:17][0m Port 8027: health_check_failed - consecutive_failures=2
[0;31m[2025-08-04 07:44:17][0m Port 8028: process_dead - 
[0;31m[2025-08-04 07:44:17][0m Port 8028: health_check_failed - consecutive_failures=2
[0;31m[2025-08-04 07:44:17][0m Port 8029: process_dead - 
[0;31m[2025-08-04 07:44:17][0m Port 8029: health_check_failed - consecutive_failures=2
[0;31m[2025-08-04 07:44:17][0m Port 8030: process_dead - 
[0;31m[2025-08-04 07:44:17][0m Port 8030: health_check_failed - consecutive_failures=2
[0;31m[2025-08-04 07:44:27][0m Port 8000: process_dead - 
[0;32m[2025-08-04 07:44:27][0m Port 8000: triggering_restart
[0;31m[2025-08-04 07:44:27][0m Port 8001: process_dead - 
[0;34m开始重启端口 8000 的服务...[0m
原因: consecutive_health_failures
[0;32m[2025-08-04 07:44:27][0m Port 8001: triggering_restart
当前重启次数: 0
[0;32m[2025-08-04 07:44:27] [INFO] Port 8000: progressive_restart_started - reason=consecutive_health_failures, attempt=1[0m
[0;32m[2025-08-04 07:44:27] [INFO] Port 8000: restart_strategy - phase=quick, interval=5s[0m
[0;34m开始重启端口 8001 的服务...[0m
原因: consecutive_health_failures
[0;31m[2025-08-04 07:44:27][0m Port 8002: process_dead - 
当前重启次数: 0
lth_check_failed","details":"consecutive_failures=2"}
{"timestamp":"2025-08-04 07:44:17","level":"ERROR","port":8013,"event":"process_dead","details":""}
{"timestamp":"2025-08-04 07:44:17","level":"WARN","port":8013,"event":"health_check_failed","details":"consecutive_failures=2"}
{"timestamp":"2025-08-04 07:44:17","level":"ERROR","port":8014,"event":"process_dead","details":""}
{"timestamp":"2025-08-04 07:44:17","level":"WARN","port":8014,"event":"health_check_failed","details":"consecutive_failures=2"}
{"timestamp":"2025-08-04 07:44:17","level":"ERROR","port":8015,"event":"process_dead","details":""}
{"timestamp":"2025-08-04 07:44:17","level":"WARN","port":8015,"event":"health_check_failed","details":"consecutive_failures=2"}
{"timestamp":"2025-08-04 07:44:17","level":"ERROR","port":8016,"event":"process_dead","details":""}
{"timestamp":"2025-08-04 07:44:17","level":"WARN","port":8016,"event":"health_check_failed","details":"consecutive_failures=2"}
{"timestamp":"2025-08-04 07:44:17","level":"ERROR","port":8017,"event":"process_dead","details":""}
{"timestamp":"2025-08-04 07:44:17","level":"WARN","port":8017,"event":"health_check_failed","details":"consecutive_failures=2"}
{"timestamp":"2025-08-04 07:44:17","level":"ERROR","port":8018,"event":"process_dead","details":""}
{"timestamp":"2025-08-04 07:44:17","level":"WARN","port":8018,"event":"health_check_failed","details":"consecutive_failures=2"}
{"timestamp":"2025-08-04 07:44:17","level":"ERROR","port":8019,"event":"process_dead","details":""}
{"timestamp":"2025-08-04 07:44:17","level":"WARN","port":8019,"event":"health_check_failed","details":"consecutive_failures=2"}
{"timestamp":"2025-08-04 07:44:17","level":"ERROR","port":8020,"event":"process_dead","details":""}
{"timestamp":"2025-08-04 07:44:17","level":"WARN","port":8020,"event":"health_check_failed","details":"consecutive_failures=2"}
{"timestamp":"2025-08-04 07:44:17","level":"ERROR","port":8021,"event":"process_dead","details":""}
{"timestamp":"2025-08-04 07:44:17","level":"WARN","port":8021,"event":"health_check_failed","details":"consecutive_failures=2"}
{"timestamp":"2025-08-04 07:44:17","level":"ERROR","port":8022,"event":"process_dead","details":""}
{"timestamp":"2025-08-04 07:44:17","level":"WARN","port":8022,"event":"health_check_failed","details":"consecutive_failures=2"}
{"timestamp":"2025-08-04 07:44:17","level":"ERROR","port":8023,"event":"process_dead","details":""}
{"timestamp":"2025-08-04 07:44:17","level":"WARN","port":8023,"event":"health_check_failed","details":"consecutive_failures=2"}
{"timestamp":"2025-08-04 07:44:17","level":"ERROR","port":8024,"event":"process_dead","details":""}
{"timestamp":"2025-08-04 07:44:17","level":"WARN","port":8024,"event":"health_check_failed","details":"consecutive_failures=2"}
{"timestamp":"2025-08-04 07:44:17","level":"ERROR","port":8025,"event":"process_dead","details":""}
{"timestamp":"2025-08-04 07:44:17","level":"WARN","port":8025,"event":"health_check_failed","details":"consecutive_failures=2"}
{"timestamp":"2025-08-04 07:44:17","level":"ERROR","port":8026,"event":"process_dead","details":""}
{"timestamp":"2025-08-04 07:44:17","level":"WARN","port":8026,"event":"health_check_failed","details":"consecutive_failures=2"}
{"timestamp":"2025-08-04 07:44:17","level":"ERROR","port":8027,"event":"process_dead","details":""}
{"timestamp":"2025-08-04 07:44:17","level":"WARN","port":8027,"event":"health_check_failed","details":"consecutive_failures=2"}
{"timestamp":"2025-08-04 07:44:17","level":"ERROR","port":8028,"event":"process_dead","details":""}
{"timestamp":"2025-08-04 07:44:17","level":"WARN","port":8028,"event":"health_check_failed","details":"consecutive_failures=2"}
{"timestamp":"2025-08-04 07:44:17","level":"ERROR","port":8029,"event":"process_dead","details":""}
{"timestamp":"2025-08-04 07:44:17","level":"WARN","port":8029,"event":"health_check_failed","details":"consecutive_failures=2"}
{"timestamp":"2025-08-04 07:44:17","level":"ERROR","port":8030,"event":"process_dead","details":""}
{"timestamp":"2025-08-04 07:44:17","level":"WARN","port":8030,"event":"health_check_failed","details":"consecutive_failures=2"}
{"timestamp":"2025-08-04 07:44:27","level":"ERROR","port":8000,"event":"process_dead","details":""}
{"timestamp":"2025-08-04 07:44:27","level":"INFO","port":8000,"event":"triggering_restart","details":"reason=consecutive_health_failures, attempt=1"}
{"timestamp":"2025-08-04 07:44:27","level":"ERROR","port":8001,"event":"process_dead","details":""}
{"timestamp":"2025-08-04 07:44:27","level":"INFO","port":8001,"event":"triggering_restart","details":"reason=consecutive_health_failures, attempt=1"}
{"timestamp":"2025-08-04 07:44:27","level":"ERROR","port":8002,"event":"process_dead","details":""}
{"timestamp":"2025-08-04 07:44:27","level":"INFO","port":8002,"event":"triggering_restart","details":"reason=consecutive_health_failures, attempt=1"}
[0;32m[2025-08-04 07:44:27][0m Port 8002: triggering_restart
[0;32m[2025-08-04 07:44:27] [INFO] Port 8001: progressive_restart_started - reason=consecutive_health_failures, attempt=1[0m
[0;32m[2025-08-04 07:44:27] [INFO] Port 8001: restart_strategy - phase=quick, interval=5s[0m
[0;32m[2025-08-04 07:44:27] [INFO] Port 8000: cooling_down - waiting=5s[0m
[0;34m开始重启端口 8002 的服务...[0m
原因: consecutive_health_failures
{"timestamp":"2025-08-04 07:44:27","level":"ERROR","port":8003,"event":"process_dead","details":""}
[0;31m[2025-08-04 07:44:27][0m Port 8003: process_dead - 
当前重启次数: 0
{"timestamp":"2025-08-04 07:44:27","level":"INFO","port":8003,"event":"triggering_restart","details":"reason=consecutive_health_failures, attempt=1"}
[0;32m[2025-08-04 07:44:27][0m Port 8003: triggering_restart
[0;32m[2025-08-04 07:44:27] [INFO] Port 8002: progressive_restart_started - reason=consecutive_health_failures, attempt=1[0m
[0;32m[2025-08-04 07:44:27] [INFO] Port 8001: cooling_down - waiting=5s[0m
[0;32m[2025-08-04 07:44:27] [INFO] Port 8002: restart_strategy - phase=quick, interval=5s[0m
[0;34m开始重启端口 8003 的服务...[0m
原因: consecutive_health_failures
{"timestamp":"2025-08-04 07:44:27","level":"ERROR","port":8004,"event":"process_dead","details":""}
[0;31m[2025-08-04 07:44:27][0m Port 8004: process_dead - 
当前重启次数: 0
{"timestamp":"2025-08-04 07:44:27","level":"INFO","port":8004,"event":"triggering_restart","details":"reason=consecutive_health_failures, attempt=1"}
[0;32m[2025-08-04 07:44:27][0m Port 8004: triggering_restart
[0;32m[2025-08-04 07:44:27] [INFO] Port 8003: progressive_restart_started - reason=consecutive_health_failures, attempt=1[0m
[0;32m[2025-08-04 07:44:27] [INFO] Port 8002: cooling_down - waiting=5s[0m
[0;32m[2025-08-04 07:44:27] [INFO] Port 8003: restart_strategy - phase=quick, interval=5s[0m
{"timestamp":"2025-08-04 07:44:27","level":"ERROR","port":8005,"event":"process_dead","details":""}
[0;31m[2025-08-04 07:44:27][0m Port 8005: process_dead - 
[0;34m开始重启端口 8004 的服务...[0m
原因: consecutive_health_failures
当前重启次数: 0
{"timestamp":"2025-08-04 07:44:27","level":"INFO","port":8005,"event":"triggering_restart","details":"reason=consecutive_health_failures, attempt=1"}
[0;32m[2025-08-04 07:44:27][0m Port 8005: triggering_restart
[0;32m[2025-08-04 07:44:27] [INFO] Port 8004: progressive_restart_started - reason=consecutive_health_failures, attempt=1[0m
[0;32m[2025-08-04 07:44:27] [INFO] Port 8003: cooling_down - waiting=5s[0m
[0;32m[2025-08-04 07:44:27] [INFO] Port 8004: restart_strategy - phase=quick, interval=5s[0m
[0;34m开始重启端口 8005 的服务...[0m
原因: consecutive_health_failures
{"timestamp":"2025-08-04 07:44:27","level":"ERROR","port":8006,"event":"process_dead","details":""}
[0;31m[2025-08-04 07:44:27][0m Port 8006: process_dead - 
当前重启次数: 0
{"timestamp":"2025-08-04 07:44:27","level":"INFO","port":8006,"event":"triggering_restart","details":"reason=consecutive_health_failures, attempt=1"}
[0;32m[2025-08-04 07:44:27][0m Port 8006: triggering_restart
[0;32m[2025-08-04 07:44:27] [INFO] Port 8005: progressive_restart_started - reason=consecutive_health_failures, attempt=1[0m
[0;32m[2025-08-04 07:44:27] [INFO] Port 8004: cooling_down - waiting=5s[0m
[0;32m[2025-08-04 07:44:27] [INFO] Port 8005: restart_strategy - phase=quick, interval=5s[0m
{"timestamp":"2025-08-04 07:44:27","level":"ERROR","port":8007,"event":"process_dead","details":""}
[0;31m[2025-08-04 07:44:27][0m Port 8007: process_dead - 
[0;34m开始重启端口 8006 的服务...[0m
原因: consecutive_health_failures
当前重启次数: 0
{"timestamp":"2025-08-04 07:44:27","level":"INFO","port":8007,"event":"triggering_restart","details":"reason=consecutive_health_failures, attempt=1"}
[0;32m[2025-08-04 07:44:27][0m Port 8007: triggering_restart
[0;32m[2025-08-04 07:44:27] [INFO] Port 8006: progressive_restart_started - reason=consecutive_health_failures, attempt=1[0m
[0;32m[2025-08-04 07:44:27] [INFO] Port 8005: cooling_down - waiting=5s[0m
[0;32m[2025-08-04 07:44:27] [INFO] Port 8006: restart_strategy - phase=quick, interval=5s[0m
[0;34m开始重启端口 8007 的服务...[0m
原因: consecutive_health_failures
{"timestamp":"2025-08-04 07:44:27","level":"ERROR","port":8008,"event":"process_dead","details":""}
[0;31m[2025-08-04 07:44:27][0m Port 8008: process_dead - 
当前重启次数: 0
{"timestamp":"2025-08-04 07:44:27","level":"INFO","port":8008,"event":"triggering_restart","details":"reason=consecutive_health_failures, attempt=1"}
[0;32m[2025-08-04 07:44:27][0m Port 8008: triggering_restart
[0;32m[2025-08-04 07:44:27] [INFO] Port 8007: progressive_restart_started - reason=consecutive_health_failures, attempt=1[0m
[0;32m[2025-08-04 07:44:27] [INFO] Port 8007: restart_strategy - phase=quick, interval=5s[0m
[0;32m[2025-08-04 07:44:27] [INFO] Port 8006: cooling_down - waiting=5s[0m
{"timestamp":"2025-08-04 07:44:27","level":"ERROR","port":8009,"event":"process_dead","details":""}
[0;31m[2025-08-04 07:44:27][0m Port 8009: process_dead - 
[0;34m开始重启端口 8008 的服务...[0m
原因: consecutive_health_failures
当前重启次数: 0
{"timestamp":"2025-08-04 07:44:27","level":"INFO","port":8009,"event":"triggering_restart","details":"reason=consecutive_health_failures, attempt=1"}
[0;32m[2025-08-04 07:44:27][0m Port 8009: triggering_restart
[0;32m[2025-08-04 07:44:27] [INFO] Port 8008: progressive_restart_started - reason=consecutive_health_failures, attempt=1[0m
[0;32m[2025-08-04 07:44:27] [INFO] Port 8007: cooling_down - waiting=5s[0m
[0;32m[2025-08-04 07:44:27] [INFO] Port 8008: restart_strategy - phase=quick, interval=5s[0m
[0;34m开始重启端口 8009 的服务...[0m
原因: consecutive_health_failures
{"timestamp":"2025-08-04 07:44:27","level":"ERROR","port":8010,"event":"process_dead","details":""}
[0;31m[2025-08-04 07:44:27][0m Port 8010: process_dead - 
当前重启次数: 0
{"timestamp":"2025-08-04 07:44:27","level":"INFO","port":8010,"event":"triggering_restart","details":"reason=consecutive_health_failures, attempt=1"}
[0;32m[2025-08-04 07:44:27][0m Port 8010: triggering_restart
[0;32m[2025-08-04 07:44:27] [INFO] Port 8009: progressive_restart_started - reason=consecutive_health_failures, attempt=1[0m
[0;32m[2025-08-04 07:44:27] [INFO] Port 8009: restart_strategy - phase=quick, interval=5s[0m
[0;32m[2025-08-04 07:44:27] [INFO] Port 8008: cooling_down - waiting=5s[0m
{"timestamp":"2025-08-04 07:44:27","level":"ERROR","port":8011,"event":"process_dead","details":""}
[0;31m[2025-08-04 07:44:27][0m Port 8011: process_dead - 
[0;34m开始重启端口 8010 的服务...[0m
原因: consecutive_health_failures
当前重启次数: 0
{"timestamp":"2025-08-04 07:44:27","level":"INFO","port":8011,"event":"triggering_restart","details":"reason=consecutive_health_failures, attempt=1"}
[0;32m[2025-08-04 07:44:27][0m Port 8011: triggering_restart
[0;32m[2025-08-04 07:44:27] [INFO] Port 8010: progressive_restart_started - reason=consecutive_health_failures, attempt=1[0m
[0;32m[2025-08-04 07:44:27] [INFO] Port 8009: cooling_down - waiting=5s[0m
[0;32m[2025-08-04 07:44:27] [INFO] Port 8010: restart_strategy - phase=quick, interval=5s[0m
[0;34m开始重启端口 8011 的服务...[0m
原因: consecutive_health_failures
{"timestamp":"2025-08-04 07:44:27","level":"ERROR","port":8012,"event":"process_dead","details":""}
[0;31m[2025-08-04 07:44:27][0m Port 8012: process_dead - 
当前重启次数: 0
{"timestamp":"2025-08-04 07:44:27","level":"INFO","port":8012,"event":"triggering_restart","details":"reason=consecutive_health_failures, attempt=1"}
[0;32m[2025-08-04 07:44:27][0m Port 8012: triggering_restart
[0;32m[2025-08-04 07:44:27] [INFO] Port 8011: progressive_restart_started - reason=consecutive_health_failures, attempt=1[0m
[0;32m[2025-08-04 07:44:27] [INFO] Port 8011: restart_strategy - phase=quick, interval=5s[0m
[0;32m[2025-08-04 07:44:27] [INFO] Port 8010: cooling_down - waiting=5s[0m
{"timestamp":"2025-08-04 07:44:27","level":"ERROR","port":8013,"event":"process_dead","details":""}
[0;31m[2025-08-04 07:44:27][0m Port 8013: process_dead - 
[0;34m开始重启端口 8012 的服务...[0m
原因: consecutive_health_failures
当前重启次数: 0
{"timestamp":"2025-08-04 07:44:27","level":"INFO","port":8013,"event":"triggering_restart","details":"reason=consecutive_health_failures, attempt=1"}
[0;32m[2025-08-04 07:44:27][0m Port 8013: triggering_restart
[0;32m[2025-08-04 07:44:27] [INFO] Port 8011: cooling_down - waiting=5s[0m
[0;32m[2025-08-04 07:44:27] [INFO] Port 8012: progressive_restart_started - reason=consecutive_health_failures, attempt=1[0m
[0;32m[2025-08-04 07:44:27] [INFO] Port 8012: restart_strategy - phase=quick, interval=5s[0m
[0;34m开始重启端口 8013 的服务...[0m
原因: consecutive_health_failures
{"timestamp":"2025-08-04 07:44:27","level":"ERROR","port":8014,"event":"process_dead","details":""}
[0;31m[2025-08-04 07:44:27][0m Port 8014: process_dead - 
当前重启次数: 0
{"timestamp":"2025-08-04 07:44:27","level":"INFO","port":8014,"event":"triggering_restart","details":"reason=consecutive_health_failures, attempt=1"}
[0;32m[2025-08-04 07:44:27][0m Port 8014: triggering_restart
[0;32m[2025-08-04 07:44:27] [INFO] Port 8013: progressive_restart_started - reason=consecutive_health_failures, attempt=1[0m
[0;32m[2025-08-04 07:44:27] [INFO] Port 8013: restart_strategy - phase=quick, interval=5s[0m
[0;32m[2025-08-04 07:44:27] [INFO] Port 8012: cooling_down - waiting=5s[0m
{"timestamp":"2025-08-04 07:44:27","level":"ERROR","port":8015,"event":"process_dead","details":""}
[0;31m[2025-08-04 07:44:27][0m Port 8015: process_dead - 
[0;34m开始重启端口 8014 的服务...[0m
原因: consecutive_health_failures
{"timestamp":"2025-08-04 07:44:27","level":"INFO","port":8015,"event":"triggering_restart","details":"reason=consecutive_health_failures, attempt=1"}
[0;32m[2025-08-04 07:44:27][0m Port 8015: triggering_restart
当前重启次数: 0
[0;32m[2025-08-04 07:44:27] [INFO] Port 8013: cooling_down - waiting=5s[0m
[0;32m[2025-08-04 07:44:27] [INFO] Port 8014: progressive_restart_started - reason=consecutive_health_failures, attempt=1[0m
[0;32m[2025-08-04 07:44:27] [INFO] Port 8014: restart_strategy - phase=quick, interval=5s[0m
[0;34m开始重启端口 8015 的服务...[0m
原因: consecutive_health_failures
{"timestamp":"2025-08-04 07:44:27","level":"ERROR","port":8016,"event":"process_dead","details":""}
[0;31m[2025-08-04 07:44:27][0m Port 8016: process_dead - 
当前重启次数: 0
{"timestamp":"2025-08-04 07:44:27","level":"INFO","port":8016,"event":"triggering_restart","details":"reason=consecutive_health_failures, attempt=1"}
[0;32m[2025-08-04 07:44:27][0m Port 8016: triggering_restart
[0;32m[2025-08-04 07:44:27] [INFO] Port 8015: progressive_restart_started - reason=consecutive_health_failures, attempt=1[0m
[0;32m[2025-08-04 07:44:27] [INFO] Port 8014: cooling_down - waiting=5s[0m
{"timestamp":"2025-08-04 07:44:27","level":"ERROR","port":8017,"event":"process_dead","details":""}
[0;31m[2025-08-04 07:44:27][0m Port 8017: process_dead - 
[0;32m[2025-08-04 07:44:27] [INFO] Port 8015: restart_strategy - phase=quick, interval=5s[0m
[0;34m开始重启端口 8016 的服务...[0m
原因: consecutive_health_failures
当前重启次数: 0
{"timestamp":"2025-08-04 07:44:27","level":"INFO","port":8017,"event":"triggering_restart","details":"reason=consecutive_health_failures, attempt=1"}
[0;32m[2025-08-04 07:44:27][0m Port 8017: triggering_restart
[0;32m[2025-08-04 07:44:27] [INFO] Port 8016: progressive_restart_started - reason=consecutive_health_failures, attempt=1[0m
[0;32m[2025-08-04 07:44:27] [INFO] Port 8016: restart_strategy - phase=quick, interval=5s[0m
{"timestamp":"2025-08-04 07:44:27","level":"ERROR","port":8018,"event":"process_dead","details":""}
[0;31m[2025-08-04 07:44:27][0m Port 8018: process_dead - 
[0;34m开始重启端口 8017 的服务...[0m
原因: consecutive_health_failures
当前重启次数: 0
[0;32m[2025-08-04 07:44:27] [INFO] Port 8015: cooling_down - waiting=5s[0m
{"timestamp":"2025-08-04 07:44:27","level":"INFO","port":8018,"event":"triggering_restart","details":"reason=consecutive_health_failures, attempt=1"}
[0;32m[2025-08-04 07:44:27][0m Port 8018: triggering_restart
[0;32m[2025-08-04 07:44:27] [INFO] Port 8017: progressive_restart_started - reason=consecutive_health_failures, attempt=1[0m
[0;32m[2025-08-04 07:44:27] [INFO] Port 8016: cooling_down - waiting=5s[0m
[0;32m[2025-08-04 07:44:27] [INFO] Port 8017: restart_strategy - phase=quick, interval=5s[0m
[0;34m开始重启端口 8018 的服务...[0m
原因: consecutive_health_failures
{"timestamp":"2025-08-04 07:44:27","level":"ERROR","port":8019,"event":"process_dead","details":""}
[0;31m[2025-08-04 07:44:27][0m Port 8019: process_dead - 
当前重启次数: 0
{"timestamp":"2025-08-04 07:44:27","level":"INFO","port":8019,"event":"triggering_restart","details":"reason=consecutive_health_failures, attempt=1"}
[0;32m[2025-08-04 07:44:27][0m Port 8019: triggering_restart
[0;32m[2025-08-04 07:44:27] [INFO] Port 8018: progressive_restart_started - reason=consecutive_health_failures, attempt=1[0m
[0;32m[2025-08-04 07:44:27] [INFO] Port 8018: restart_strategy - phase=quick, interval=5s[0m
[0;32m[2025-08-04 07:44:27] [INFO] Port 8017: cooling_down - waiting=5s[0m
[0;34m开始重启端口 8019 的服务...[0m
原因: consecutive_health_failures
{"timestamp":"2025-08-04 07:44:27","level":"ERROR","port":8020,"event":"process_dead","details":""}
[0;31m[2025-08-04 07:44:27][0m Port 8020: process_dead - 
当前重启次数: 0
{"timestamp":"2025-08-04 07:44:27","level":"INFO","port":8020,"event":"triggering_restart","details":"reason=consecutive_health_failures, attempt=1"}
[0;32m[2025-08-04 07:44:27][0m Port 8020: triggering_restart
[0;32m[2025-08-04 07:44:27] [INFO] Port 8019: progressive_restart_started - reason=consecutive_health_failures, attempt=1[0m
[0;32m[2025-08-04 07:44:27] [INFO] Port 8018: cooling_down - waiting=5s[0m
[0;32m[2025-08-04 07:44:27] [INFO] Port 8019: restart_strategy - phase=quick, interval=5s[0m
{"timestamp":"2025-08-04 07:44:27","level":"ERROR","port":8021,"event":"process_dead","details":""}
[0;31m[2025-08-04 07:44:27][0m Port 8021: process_dead - 
[0;34m开始重启端口 8020 的服务...[0m
原因: consecutive_health_failures
当前重启次数: 0
{"timestamp":"2025-08-04 07:44:27","level":"INFO","port":8021,"event":"triggering_restart","details":"reason=consecutive_health_failures, attempt=1"}
[0;32m[2025-08-04 07:44:27][0m Port 8021: triggering_restart
[0;32m[2025-08-04 07:44:27] [INFO] Port 8020: progressive_restart_started - reason=consecutive_health_failures, attempt=1[0m
[0;32m[2025-08-04 07:44:27] [INFO] Port 8019: cooling_down - waiting=5s[0m
[0;32m[2025-08-04 07:44:27] [INFO] Port 8020: restart_strategy - phase=quick, interval=5s[0m
{"timestamp":"2025-08-04 07:44:27","level":"ERROR","port":8022,"event":"process_dead","details":""}
[0;31m[2025-08-04 07:44:27][0m Port 8022: process_dead - 
[0;34m开始重启端口 8021 的服务...[0m
原因: consecutive_health_failures
当前重启次数: 0
{"timestamp":"2025-08-04 07:44:27","level":"INFO","port":8022,"event":"triggering_restart","details":"reason=consecutive_health_failures, attempt=1"}
[0;32m[2025-08-04 07:44:27][0m Port 8022: triggering_restart
[0;32m[2025-08-04 07:44:27] [INFO] Port 8021: progressive_restart_started - reason=consecutive_health_failures, attempt=1[0m
[0;32m[2025-08-04 07:44:27] [INFO] Port 8021: restart_strategy - phase=quick, interval=5s[0m
[0;32m[2025-08-04 07:44:27] [INFO] Port 8020: cooling_down - waiting=5s[0m
[0;34m开始重启端口 8022 的服务...[0m
原因: consecutive_health_failures
当前重启次数: 0
{"timestamp":"2025-08-04 07:44:27","level":"ERROR","port":8023,"event":"process_dead","details":""}
[0;31m[2025-08-04 07:44:27][0m Port 8023: process_dead - 
{"timestamp":"2025-08-04 07:44:27","level":"INFO","port":8023,"event":"triggering_restart","details":"reason=consecutive_health_failures, attempt=1"}
[0;32m[2025-08-04 07:44:27][0m Port 8023: triggering_restart
[0;32m[2025-08-04 07:44:27] [INFO] Port 8022: progressive_restart_started - reason=consecutive_health_failures, attempt=1[0m
[0;32m[2025-08-04 07:44:27] [INFO] Port 8022: restart_strategy - phase=quick, interval=5s[0m
[0;32m[2025-08-04 07:44:27] [INFO] Port 8021: cooling_down - waiting=5s[0m
[0;34m开始重启端口 8023 的服务...[0m
原因: consecutive_health_failures
{"timestamp":"2025-08-04 07:44:27","level":"ERROR","port":8024,"event":"process_dead","details":""}
[0;31m[2025-08-04 07:44:27][0m Port 8024: process_dead - 
当前重启次数: 0
{"timestamp":"2025-08-04 07:44:27","level":"INFO","port":8024,"event":"triggering_restart","details":"reason=consecutive_health_failures, attempt=1"}
[0;32m[2025-08-04 07:44:27][0m Port 8024: triggering_restart
[0;32m[2025-08-04 07:44:27] [INFO] Port 8023: progressive_restart_started - reason=consecutive_health_failures, attempt=1[0m
[0;32m[2025-08-04 07:44:27] [INFO] Port 8022: cooling_down - waiting=5s[0m
[0;32m[2025-08-04 07:44:27] [INFO] Port 8023: restart_strategy - phase=quick, interval=5s[0m
[0;34m开始重启端口 8024 的服务...[0m
原因: consecutive_health_failures
当前重启次数: 0
{"timestamp":"2025-08-04 07:44:27","level":"ERROR","port":8025,"event":"process_dead","details":""}
[0;31m[2025-08-04 07:44:27][0m Port 8025: process_dead - 
{"timestamp":"2025-08-04 07:44:27","level":"INFO","port":8025,"event":"triggering_restart","details":"reason=consecutive_health_failures, attempt=1"}
[0;32m[2025-08-04 07:44:27][0m Port 8025: triggering_restart
[0;32m[2025-08-04 07:44:27] [INFO] Port 8024: progressive_restart_started - reason=consecutive_health_failures, attempt=1[0m
[0;32m[2025-08-04 07:44:27] [INFO] Port 8024: restart_strategy - phase=quick, interval=5s[0m
[0;32m[2025-08-04 07:44:27] [INFO] Port 8023: cooling_down - waiting=5s[0m
{"timestamp":"2025-08-04 07:44:27","level":"ERROR","port":8026,"event":"process_dead","details":""}
[0;31m[2025-08-04 07:44:27][0m Port 8026: process_dead - 
[0;34m开始重启端口 8025 的服务...[0m
原因: consecutive_health_failures
当前重启次数: 0
{"timestamp":"2025-08-04 07:44:27","level":"INFO","port":8026,"event":"triggering_restart","details":"reason=consecutive_health_failures, attempt=1"}
[0;32m[2025-08-04 07:44:27][0m Port 8026: triggering_restart
[0;32m[2025-08-04 07:44:27] [INFO] Port 8025: progressive_restart_started - reason=consecutive_health_failures, attempt=1[0m
[0;32m[2025-08-04 07:44:27] [INFO] Port 8024: cooling_down - waiting=5s[0m
[0;32m[2025-08-04 07:44:27] [INFO] Port 8025: restart_strategy - phase=quick, interval=5s[0m
[0;34m开始重启端口 8026 的服务...[0m
原因: consecutive_health_failures
{"timestamp":"2025-08-04 07:44:27","level":"ERROR","port":8027,"event":"process_dead","details":""}
[0;31m[2025-08-04 07:44:27][0m Port 8027: process_dead - 
当前重启次数: 0
{"timestamp":"2025-08-04 07:44:27","level":"INFO","port":8027,"event":"triggering_restart","details":"reason=consecutive_health_failures, attempt=1"}
[0;32m[2025-08-04 07:44:27][0m Port 8027: triggering_restart
[0;32m[2025-08-04 07:44:27] [INFO] Port 8026: progressive_restart_started - reason=consecutive_health_failures, attempt=1[0m
[0;32m[2025-08-04 07:44:27] [INFO] Port 8026: restart_strategy - phase=quick, interval=5s[0m
{"timestamp":"2025-08-04 07:44:27","level":"ERROR","port":8028,"event":"process_dead","details":""}
[0;31m[2025-08-04 07:44:27][0m Port 8028: process_dead - 
[0;32m[2025-08-04 07:44:27] [INFO] Port 8025: cooling_down - waiting=5s[0m
{"timestamp":"2025-08-04 07:44:27","level":"INFO","port":8028,"event":"triggering_restart","details":"reason=consecutive_health_failures, attempt=1"}
[0;32m[2025-08-04 07:44:27][0m Port 8028: triggering_restart
[0;34m开始重启端口 8027 的服务...[0m
原因: consecutive_health_failures
当前重启次数: 0
[0;32m[2025-08-04 07:44:27] [INFO] Port 8026: cooling_down - waiting=5s[0m
[0;32m[2025-08-04 07:44:27] [INFO] Port 8027: progressive_restart_started - reason=consecutive_health_failures, attempt=1[0m
{"timestamp":"2025-08-04 07:44:27","level":"ERROR","port":8029,"event":"process_dead","details":""}
[0;31m[2025-08-04 07:44:27][0m Port 8029: process_dead - 
[0;32m[2025-08-04 07:44:27] [INFO] Port 8027: restart_strategy - phase=quick, interval=5s[0m
[0;34m开始重启端口 8028 的服务...[0m
原因: consecutive_health_failures
当前重启次数: 0
{"timestamp":"2025-08-04 07:44:27","level":"INFO","port":8029,"event":"triggering_restart","details":"reason=consecutive_health_failures, attempt=1"}
[0;32m[2025-08-04 07:44:27][0m Port 8029: triggering_restart
[0;32m[2025-08-04 07:44:27] [INFO] Port 8028: progressive_restart_started - reason=consecutive_health_failures, attempt=1[0m
[0;32m[2025-08-04 07:44:27] [INFO] Port 8028: restart_strategy - phase=quick, interval=5s[0m
[0;32m[2025-08-04 07:44:27] [INFO] Port 8027: cooling_down - waiting=5s[0m
[0;34m开始重启端口 8029 的服务...[0m
原因: consecutive_health_failures
{"timestamp":"2025-08-04 07:44:27","level":"ERROR","port":8030,"event":"process_dead","details":""}
[0;31m[2025-08-04 07:44:27][0m Port 8030: process_dead - 
当前重启次数: 0
{"timestamp":"2025-08-04 07:44:27","level":"INFO","port":8030,"event":"triggering_restart","details":"reason=consecutive_health_failures, attempt=1"}
[0;32m[2025-08-04 07:44:27][0m Port 8030: triggering_restart
[0;32m[2025-08-04 07:44:27] [INFO] Port 8029: progressive_restart_started - reason=consecutive_health_failures, attempt=1[0m
[0;32m[2025-08-04 07:44:27] [INFO] Port 8029: restart_strategy - phase=quick, interval=5s[0m
[0;32m[2025-08-04 07:44:27] [INFO] Port 8028: cooling_down - waiting=5s[0m
[0;34m开始重启端口 8030 的服务...[0m
原因: consecutive_health_failures
当前重启次数: 0
[0;32m[2025-08-04 07:44:27] [INFO] Port 8030: progressive_restart_started - reason=consecutive_health_failures, attempt=1[0m
[0;32m[2025-08-04 07:44:27] [INFO] Port 8029: cooling_down - waiting=5s[0m
[0;32m[2025-08-04 07:44:27] [INFO] Port 8030: restart_strategy - phase=quick, interval=5s[0m
[0;32m[2025-08-04 07:44:27] [INFO] Port 8030: cooling_down - waiting=5s[0m
[0;32m[2025-08-04 07:44:32] [INFO] Port 8000: cleaning_resources - force=false[0m
[0;32m[2025-08-04 07:44:32] [INFO] Port 8001: cleaning_resources - force=false[0m
[0;32m[2025-08-04 07:44:32] [INFO] Port 8002: cleaning_resources - force=false[0m
[0;32m[2025-08-04 07:44:32] [INFO] Port 8003: cleaning_resources - force=false[0m
[0;32m[2025-08-04 07:44:32] [INFO] Port 8004: cleaning_resources - force=false[0m
[0;32m[2025-08-04 07:44:32] [INFO] Port 8005: cleaning_resources - force=false[0m
[0;32m[2025-08-04 07:44:32] [INFO] Port 8006: cleaning_resources - force=false[0m
[0;32m[2025-08-04 07:44:32] [INFO] Port 8007: cleaning_resources - force=false[0m
[0;32m[2025-08-04 07:44:32] [INFO] Port 8008: cleaning_resources - force=false[0m
[0;32m[2025-08-04 07:44:32] [INFO] Port 8009: cleaning_resources - force=false[0m
[0;32m[2025-08-04 07:44:32] [INFO] Port 8010: cleaning_resources - force=false[0m
[0;32m[2025-08-04 07:44:32] [INFO] Port 8011: cleaning_resources - force=false[0m
[0;32m[2025-08-04 07:44:32] [INFO] Port 8012: cleaning_resources - force=false[0m
[0;32m[2025-08-04 07:44:32] [INFO] Port 8013: cleaning_resources - force=false[0m
[0;32m[2025-08-04 07:44:32] [INFO] Port 8014: cleaning_resources - force=false[0m
[0;32m[2025-08-04 07:44:32] [INFO] Port 8015: cleaning_resources - force=false[0m
[0;32m[2025-08-04 07:44:32] [INFO] Port 8016: cleaning_resources - force=false[0m
[0;32m[2025-08-04 07:44:32] [INFO] Port 8001: killing_port_process - pid=204095[0m
[0;32m[2025-08-04 07:44:32] [INFO] Port 8000: killing_port_process - pid=204058[0m
[0;32m[2025-08-04 07:44:32] [INFO] Port 8003: killing_port_process - pid=204171[0m
[0;32m[2025-08-04 07:44:32] [INFO] Port 8002: killing_port_process - pid=204132[0m
[0;32m[2025-08-04 07:44:32] [INFO] Port 8004: killing_port_process - pid=204209[0m
[0;32m[2025-08-04 07:44:32] [INFO] Port 8017: cleaning_resources - force=false[0m
[0;32m[2025-08-04 07:44:32] [INFO] Port 8005: killing_port_process - pid=204247[0m
[0;32m[2025-08-04 07:44:32] [INFO] Port 8018: cleaning_resources - force=false[0m
[0;32m[2025-08-04 07:44:32] [INFO] Port 8006: killing_port_process - pid=204284[0m
[0;32m[2025-08-04 07:44:32] [INFO] Port 8019: cleaning_resources - force=false[0m
[0;32m[2025-08-04 07:44:32] [INFO] Port 8007: killing_port_process - pid=204322[0m
[0;32m[2025-08-04 07:44:32] [INFO] Port 8020: cleaning_resources - force=false[0m
[0;32m[2025-08-04 07:44:32] [INFO] Port 8008: killing_port_process - pid=204360[0m
[0;32m[2025-08-04 07:44:32] [INFO] Port 8021: cleaning_resources - force=false[0m
[0;32m[2025-08-04 07:44:32] [INFO] Port 8009: killing_port_process - pid=204394[0m
[0;32m[2025-08-04 07:44:32] [INFO] Port 8022: cleaning_resources - force=false[0m
[0;32m[2025-08-04 07:44:32] [INFO] Port 8010: killing_port_process - pid=204435[0m
[0;32m[2025-08-04 07:44:32] [INFO] Port 8023: cleaning_resources - force=false[0m
[0;32m[2025-08-04 07:44:32] [INFO] Port 8011: killing_port_process - pid=204473[0m
[0;32m[2025-08-04 07:44:32] [INFO] Port 8024: cleaning_resources - force=false[0m
[0;32m[2025-08-04 07:44:32] [INFO] Port 8012: killing_port_process - pid=204510[0m
[0;32m[2025-08-04 07:44:32] [INFO] Port 8013: killing_port_process - pid=204547[0m
[0;32m[2025-08-04 07:44:32] [INFO] Port 8025: cleaning_resources - force=false[0m
[0;32m[2025-08-04 07:44:32] [INFO] Port 8026: cleaning_resources - force=false[0m
[0;32m[2025-08-04 07:44:32] [INFO] Port 8014: killing_port_process - pid=204585[0m
[0;32m[2025-08-04 07:44:32] [INFO] Port 8027: cleaning_resources - force=false[0m
[0;32m[2025-08-04 07:44:32] [INFO] Port 8015: killing_port_process - pid=204622[0m
[0;32m[2025-08-04 07:44:32] [INFO] Port 8028: cleaning_resources - force=false[0m
[0;32m[2025-08-04 07:44:32] [INFO] Port 8016: killing_port_process - pid=204662[0m
[0;32m[2025-08-04 07:44:32] [INFO] Port 8029: cleaning_resources - force=false[0m
[0;32m[2025-08-04 07:44:32] [INFO] Port 8017: killing_port_process - pid=204700[0m
[0;32m[2025-08-04 07:44:32] [INFO] Port 8030: cleaning_resources - force=false[0m
[0;32m[2025-08-04 07:44:32] [INFO] Port 8018: killing_port_process - pid=204737[0m
[0;32m[2025-08-04 07:44:32] [INFO] Port 8019: killing_port_process - pid=204783[0m
[0;32m[2025-08-04 07:44:32] [INFO] Port 8020: killing_port_process - pid=204855[0m
[0;32m[2025-08-04 07:44:32] [INFO] Port 8021: killing_port_process - pid=204905[0m
[0;32m[2025-08-04 07:44:32] [INFO] Port 8022: killing_port_process - pid=204943[0m
[0;32m[2025-08-04 07:44:32] [INFO] Port 8023: killing_port_process - pid=204981[0m
[0;32m[2025-08-04 07:44:32] [INFO] Port 8024: killing_port_process - pid=205019[0m
[0;32m[2025-08-04 07:44:32] [INFO] Port 8025: killing_port_process - pid=205057[0m
[0;32m[2025-08-04 07:44:32] [INFO] Port 8030: killing_port_process - pid=205243[0m
[0;32m[2025-08-04 07:44:32] [INFO] Port 8026: killing_port_process - pid=205090[0m
[0;32m[2025-08-04 07:44:32] [INFO] Port 8027: killing_port_process - pid=205126[0m
[0;32m[2025-08-04 07:44:32] [INFO] Port 8028: killing_port_process - pid=205167[0m
[0;32m[2025-08-04 07:44:32] [INFO] Port 8029: killing_port_process - pid=205205[0m
[0;32m[2025-08-04 07:44:34] [INFO] Port 8001: starting_new_process - attempt=1[0m
[0;32m[2025-08-04 07:44:34] [INFO] Port 8000: starting_new_process - attempt=1[0m
[0;32m[2025-08-04 07:44:34] [INFO] Port 8002: starting_new_process - attempt=1[0m
[0;32m[2025-08-04 07:44:34] [INFO] Port 8001: process_started - pid=209874[0m
[0;32m[2025-08-04 07:44:34] [INFO] Port 8003: starting_new_process - attempt=1[0m
[0;32m[2025-08-04 07:44:34] [INFO] Port 8004: starting_new_process - attempt=1[0m
[0;32m[2025-08-04 07:44:34] [INFO] Port 8000: process_started - pid=209878[0m
[0;32m[2025-08-04 07:44:34] [INFO] Port 8002: process_started - pid=209881[0m
[0;32m[2025-08-04 07:44:34] [INFO] Port 8001: verifying_restart - timeout=30s[0m
[0;32m[2025-08-04 07:44:34] [INFO] Port 8003: process_started - pid=209884[0m
[0;32m[2025-08-04 07:44:34] [INFO] Port 8000: verifying_restart - timeout=30s[0m
[0;32m[2025-08-04 07:44:34] [INFO] Port 8004: process_started - pid=209886[0m
[0;32m[2025-08-04 07:44:34] [INFO] Port 8003: verifying_restart - timeout=30s[0m
[0;32m[2025-08-04 07:44:34] [INFO] Port 8002: verifying_restart - timeout=30s[0m
[0;32m[2025-08-04 07:44:34] [INFO] Port 8004: verifying_restart - timeout=30s[0m
[0;32m[2025-08-04 07:44:34] [INFO] Port 8005: starting_new_process - attempt=1[0m
[0;32m[2025-08-04 07:44:34] [INFO] Port 8005: process_started - pid=209949[0m
[0;32m[2025-08-04 07:44:34] [INFO] Port 8005: verifying_restart - timeout=30s[0m
[0;32m[2025-08-04 07:44:34] [INFO] Port 8006: starting_new_process - attempt=1[0m
[0;32m[2025-08-04 07:44:34] [INFO] Port 8006: process_started - pid=209962[0m
[0;32m[2025-08-04 07:44:34] [INFO] Port 8006: verifying_restart - timeout=30s[0m
[0;32m[2025-08-04 07:44:34] [INFO] Port 8007: starting_new_process - attempt=1[0m
[0;32m[2025-08-04 07:44:34] [INFO] Port 8007: process_started - pid=209992[0m
[0;32m[2025-08-04 07:44:34] [INFO] Port 8007: verifying_restart - timeout=30s[0m
[0;32m[2025-08-04 07:44:34] [INFO] Port 8008: starting_new_process - attempt=1[0m
[0;32m[2025-08-04 07:44:34] [INFO] Port 8008: process_started - pid=210014[0m
[0;32m[2025-08-04 07:44:34] [INFO] Port 8009: starting_new_process - attempt=1[0m
[0;32m[2025-08-04 07:44:34] [INFO] Port 8008: verifying_restart - timeout=30s[0m
[0;32m[2025-08-04 07:44:34] [INFO] Port 8009: process_started - pid=210026[0m
[0;32m[2025-08-04 07:44:34] [INFO] Port 8009: verifying_restart - timeout=30s[0m
[0;32m[2025-08-04 07:44:34] [INFO] Port 8010: starting_new_process - attempt=1[0m
[0;32m[2025-08-04 07:44:34] [INFO] Port 8010: process_started - pid=210153[0m
[0;32m[2025-08-04 07:44:34] [INFO] Port 8011: starting_new_process - attempt=1[0m
[0;32m[2025-08-04 07:44:34] [INFO] Port 8010: verifying_restart - timeout=30s[0m
[0;32m[2025-08-04 07:44:34] [INFO] Port 8011: process_started - pid=210165[0m
[0;32m[2025-08-04 07:44:34] [INFO] Port 8011: verifying_restart - timeout=30s[0m
[0;32m[2025-08-04 07:44:34] [INFO] Port 8012: starting_new_process - attempt=1[0m
[0;32m[2025-08-04 07:44:34] [INFO] Port 8013: starting_new_process - attempt=1[0m
[0;32m[2025-08-04 07:44:34] [INFO] Port 8012: process_started - pid=210239[0m
[0;32m[2025-08-04 07:44:34] [INFO] Port 8012: verifying_restart - timeout=30s[0m
[0;32m[2025-08-04 07:44:34] [INFO] Port 8013: process_started - pid=210242[0m
[0;32m[2025-08-04 07:44:34] [INFO] Port 8013: verifying_restart - timeout=30s[0m
[0;32m[2025-08-04 07:44:34] [INFO] Port 8014: starting_new_process - attempt=1[0m
[0;32m[2025-08-04 07:44:34] [INFO] Port 8014: process_started - pid=210280[0m
[0;32m[2025-08-04 07:44:34] [INFO] Port 8014: verifying_restart - timeout=30s[0m
[0;32m[2025-08-04 07:44:34] [INFO] Port 8015: starting_new_process - attempt=1[0m
[0;32m[2025-08-04 07:44:34] [INFO] Port 8015: process_started - pid=210337[0m
[0;32m[2025-08-04 07:44:34] [INFO] Port 8016: starting_new_process - attempt=1[0m
[0;32m[2025-08-04 07:44:34] [INFO] Port 8015: verifying_restart - timeout=30s[0m
[0;32m[2025-08-04 07:44:34] [INFO] Port 8016: process_started - pid=210380[0m
[0;32m[2025-08-04 07:44:34] [INFO] Port 8017: starting_new_process - attempt=1[0m
[0;32m[2025-08-04 07:44:34] [INFO] Port 8017: process_started - pid=210408[0m
[0;32m[2025-08-04 07:44:34] [INFO] Port 8016: verifying_restart - timeout=30s[0m
[0;32m[2025-08-04 07:44:34] [INFO] Port 8017: verifying_restart - timeout=30s[0m
[0;32m[2025-08-04 07:44:34] [INFO] Port 8018: starting_new_process - attempt=1[0m
[0;32m[2025-08-04 07:44:34] [INFO] Port 8018: process_started - pid=210465[0m
[0;32m[2025-08-04 07:44:34] [INFO] Port 8019: starting_new_process - attempt=1[0m
[0;32m[2025-08-04 07:44:34] [INFO] Port 8018: verifying_restart - timeout=30s[0m
[0;32m[2025-08-04 07:44:34] [INFO] Port 8019: process_started - pid=210487[0m
[0;32m[2025-08-04 07:44:34] [INFO] Port 8019: verifying_restart - timeout=30s[0m
[0;32m[2025-08-04 07:44:34] [INFO] Port 8020: starting_new_process - attempt=1[0m
[0;32m[2025-08-04 07:44:34] [INFO] Port 8020: process_started - pid=210553[0m
[0;32m[2025-08-04 07:44:34] [INFO] Port 8021: starting_new_process - attempt=1[0m
[0;32m[2025-08-04 07:44:34] [INFO] Port 8020: verifying_restart - timeout=30s[0m
[0;32m[2025-08-04 07:44:34] [INFO] Port 8021: process_started - pid=210605[0m
[0;32m[2025-08-04 07:44:34] [INFO] Port 8021: verifying_restart - timeout=30s[0m
[0;32m[2025-08-04 07:44:34] [INFO] Port 8022: starting_new_process - attempt=1[0m
[0;32m[2025-08-04 07:44:34] [INFO] Port 8022: process_started - pid=210628[0m
[0;32m[2025-08-04 07:44:34] [INFO] Port 8022: verifying_restart - timeout=30s[0m
[0;32m[2025-08-04 07:44:34] [INFO] Port 8023: starting_new_process - attempt=1[0m
[0;32m[2025-08-04 07:44:34] [INFO] Port 8023: process_started - pid=210685[0m
[0;32m[2025-08-04 07:44:34] [INFO] Port 8024: starting_new_process - attempt=1[0m
[0;32m[2025-08-04 07:44:34] [INFO] Port 8023: verifying_restart - timeout=30s[0m
[0;32m[2025-08-04 07:44:34] [INFO] Port 8024: process_started - pid=210716[0m
[0;32m[2025-08-04 07:44:34] [INFO] Port 8025: starting_new_process - attempt=1[0m
[0;32m[2025-08-04 07:44:34] [INFO] Port 8024: verifying_restart - timeout=30s[0m
[0;32m[2025-08-04 07:44:34] [INFO] Port 8025: process_started - pid=210748[0m
[0;32m[2025-08-04 07:44:34] [INFO] Port 8030: starting_new_process - attempt=1[0m
[0;32m[2025-08-04 07:44:34] [INFO] Port 8025: verifying_restart - timeout=30s[0m
[0;32m[2025-08-04 07:44:34] [INFO] Port 8030: process_started - pid=210769[0m
[0;32m[2025-08-04 07:44:34] [INFO] Port 8026: starting_new_process - attempt=1[0m
[0;32m[2025-08-04 07:44:34] [INFO] Port 8030: verifying_restart - timeout=30s[0m
[0;32m[2025-08-04 07:44:34] [INFO] Port 8027: starting_new_process - attempt=1[0m
[0;32m[2025-08-04 07:44:34] [INFO] Port 8026: process_started - pid=210826[0m
[0;32m[2025-08-04 07:44:34] [INFO] Port 8026: verifying_restart - timeout=30s[0m
[0;32m[2025-08-04 07:44:34] [INFO] Port 8027: process_started - pid=210858[0m
[0;32m[2025-08-04 07:44:34] [INFO] Port 8028: starting_new_process - attempt=1[0m
[0;32m[2025-08-04 07:44:34] [INFO] Port 8029: starting_new_process - attempt=1[0m
[0;32m[2025-08-04 07:44:34] [INFO] Port 8027: verifying_restart - timeout=30s[0m
[0;32m[2025-08-04 07:44:35] [INFO] Port 8029: process_started - pid=210879[0m
[0;32m[2025-08-04 07:44:35] [INFO] Port 8028: process_started - pid=210874[0m
[0;32m[2025-08-04 07:44:35] [INFO] Port 8029: verifying_restart - timeout=30s[0m
[0;32m[2025-08-04 07:44:35] [INFO] Port 8028: verifying_restart - timeout=30s[0m
[0;32m[2025-08-04 07:44:37] [INFO] Port 8001: restart_verified - success=true[0m
[0;32m[2025-08-04 07:44:37] [INFO] Port 8001: restart_successful - attempt=1[0m
[0;32m✅ 重启成功[0m
[0;32m[2025-08-04 07:44:37] [INFO] Port 8030: restart_verified - success=true[0m
[0;32m[2025-08-04 07:44:37] [INFO] Port 8030: restart_successful - attempt=1[0m
[0;32m✅ 重启成功[0m
[0;32m[2025-08-04 07:44:37] [INFO] Port 8004: restart_verified - success=true[0m
[0;32m[2025-08-04 07:44:37] [INFO] Port 8004: restart_successful - attempt=1[0m
[0;32m✅ 重启成功[0m
[0;32m[2025-08-04 07:44:37] [INFO] Port 8014: restart_verified - success=true[0m
[0;32m[2025-08-04 07:44:37] [INFO] Port 8014: restart_successful - attempt=1[0m
[0;32m✅ 重启成功[0m
{"timestamp":"2025-08-04 07:44:37","level":"ERROR","port":8000,"event":"process_dead","details":""}
[0;31m[2025-08-04 07:44:37][0m Port 8000: process_dead - 
{"timestamp":"2025-08-04 07:44:37","level":"WARN","port":8000,"event":"health_check_failed","details":"consecutive_failures=1"}
[0;31m[2025-08-04 07:44:37][0m Port 8000: health_check_failed - consecutive_failures=1
{"timestamp":"2025-08-04 07:44:37","level":"ERROR","port":8001,"event":"process_dead","details":""}
[0;31m[2025-08-04 07:44:37][0m Port 8001: process_dead - 
{"timestamp":"2025-08-04 07:44:37","level":"WARN","port":8001,"event":"health_check_failed","details":"consecutive_failures=1"}
[0;31m[2025-08-04 07:44:37][0m Port 8001: health_check_failed - consecutive_failures=1
{"timestamp":"2025-08-04 07:44:37","level":"ERROR","port":8002,"event":"process_dead","details":""}
[0;31m[2025-08-04 07:44:37][0m Port 8002: process_dead - 
{"timestamp":"2025-08-04 07:44:37","level":"WARN","port":8002,"event":"health_check_failed","details":"consecutive_failures=1"}
[0;31m[2025-08-04 07:44:37][0m Port 8002: health_check_failed - consecutive_failures=1
{"timestamp":"2025-08-04 07:44:37","level":"ERROR","port":8003,"event":"process_dead","details":""}
[0;31m[2025-08-04 07:44:37][0m Port 8003: process_dead - 
{"timestamp":"2025-08-04 07:44:37","level":"WARN","port":8003,"event":"health_check_failed","details":"consecutive_failures=1"}
[0;31m[2025-08-04 07:44:37][0m Port 8003: health_check_failed - consecutive_failures=1
{"timestamp":"2025-08-04 07:44:37","level":"ERROR","port":8004,"event":"process_dead","details":""}
[0;31m[2025-08-04 07:44:37][0m Port 8004: process_dead - 
{"timestamp":"2025-08-04 07:44:37","level":"WARN","port":8004,"event":"health_check_failed","details":"consecutive_failures=1"}
[0;31m[2025-08-04 07:44:37][0m Port 8004: health_check_failed - consecutive_failures=1
{"timestamp":"2025-08-04 07:44:37","level":"ERROR","port":8005,"event":"process_dead","details":""}
[0;31m[2025-08-04 07:44:37][0m Port 8005: process_dead - 
{"timestamp":"2025-08-04 07:44:37","level":"WARN","port":8005,"event":"health_check_failed","details":"consecutive_failures=1"}
[0;31m[2025-08-04 07:44:37][0m Port 8005: health_check_failed - consecutive_failures=1
{"timestamp":"2025-08-04 07:44:37","level":"ERROR","port":8006,"event":"process_dead","details":""}
[0;31m[2025-08-04 07:44:37][0m Port 8006: process_dead - 
{"timestamp":"2025-08-04 07:44:37","level":"WARN","port":8006,"event":"health_check_failed","details":"consecutive_failures=1"}
[0;31m[2025-08-04 07:44:37][0m Port 8006: health_check_failed - consecutive_failures=1
{"timestamp":"2025-08-04 07:44:37","level":"ERROR","port":8007,"event":"process_dead","details":""}
[0;31m[2025-08-04 07:44:37][0m Port 8007: process_dead - 
{"timestamp":"2025-08-04 07:44:37","level":"WARN","port":8007,"event":"health_check_failed","details":"consecutive_failures=1"}
[0;31m[2025-08-04 07:44:37][0m Port 8007: health_check_failed - consecutive_failures=1
{"timestamp":"2025-08-04 07:44:38","level":"ERROR","port":8008,"event":"process_dead","details":""}
[0;31m[2025-08-04 07:44:38][0m Port 8008: process_dead - 
{"timestamp":"2025-08-04 07:44:38","level":"WARN","port":8008,"event":"health_check_failed","details":"consecutive_failures=1"}
[0;31m[2025-08-04 07:44:38][0m Port 8008: health_check_failed - consecutive_failures=1
{"timestamp":"2025-08-04 07:44:38","level":"ERROR","port":8009,"event":"process_dead","details":""}
[0;31m[2025-08-04 07:44:38][0m Port 8009: process_dead - 
{"timestamp":"2025-08-04 07:44:38","level":"WARN","port":8009,"event":"health_check_failed","details":"consecutive_failures=1"}
[0;31m[2025-08-04 07:44:38][0m Port 8009: health_check_failed - consecutive_failures=1
{"timestamp":"2025-08-04 07:44:38","level":"ERROR","port":8010,"event":"process_dead","details":""}
[0;31m[2025-08-04 07:44:38][0m Port 8010: process_dead - 
{"timestamp":"2025-08-04 07:44:38","level":"WARN","port":8010,"event":"health_check_failed","details":"consecutive_failures=1"}
[0;31m[2025-08-04 07:44:38][0m Port 8010: health_check_failed - consecutive_failures=1
{"timestamp":"2025-08-04 07:44:38","level":"ERROR","port":8011,"event":"process_dead","details":""}
[0;31m[2025-08-04 07:44:38][0m Port 8011: process_dead - 
{"timestamp":"2025-08-04 07:44:38","level":"WARN","port":8011,"event":"health_check_failed","details":"consecutive_failures=1"}
[0;31m[2025-08-04 07:44:38][0m Port 8011: health_check_failed - consecutive_failures=1
{"timestamp":"2025-08-04 07:44:38","level":"ERROR","port":8012,"event":"process_dead","details":""}
[0;31m[2025-08-04 07:44:38][0m Port 8012: process_dead - 
{"timestamp":"2025-08-04 07:44:38","level":"WARN","port":8012,"event":"health_check_failed","details":"consecutive_failures=1"}
[0;31m[2025-08-04 07:44:38][0m Port 8012: health_check_failed - consecutive_failures=1
{"timestamp":"2025-08-04 07:44:38","level":"ERROR","port":8013,"event":"process_dead","details":""}
[0;31m[2025-08-04 07:44:38][0m Port 8013: process_dead - 
{"timestamp":"2025-08-04 07:44:38","level":"WARN","port":8013,"event":"health_check_failed","details":"consecutive_failures=1"}
[0;31m[2025-08-04 07:44:38][0m Port 8013: health_check_failed - consecutive_failures=1
{"timestamp":"2025-08-04 07:44:38","level":"ERROR","port":8014,"event":"process_dead","details":""}
[0;31m[2025-08-04 07:44:38][0m Port 8014: process_dead - 
{"timestamp":"2025-08-04 07:44:38","level":"WARN","port":8014,"event":"health_check_failed","details":"consecutive_failures=1"}
[0;31m[2025-08-04 07:44:38][0m Port 8014: health_check_failed - consecutive_failures=1
{"timestamp":"2025-08-04 07:44:38","level":"ERROR","port":8015,"event":"process_dead","details":""}
[0;31m[2025-08-04 07:44:38][0m Port 8015: process_dead - 
{"timestamp":"2025-08-04 07:44:38","level":"WARN","port":8015,"event":"health_check_failed","details":"consecutive_failures=1"}
[0;31m[2025-08-04 07:44:38][0m Port 8015: health_check_failed - consecutive_failures=1
{"timestamp":"2025-08-04 07:44:38","level":"ERROR","port":8016,"event":"process_dead","details":""}
[0;31m[2025-08-04 07:44:38][0m Port 8016: process_dead - 
{"timestamp":"2025-08-04 07:44:38","level":"WARN","port":8016,"event":"health_check_failed","details":"consecutive_failures=1"}
[0;31m[2025-08-04 07:44:38][0m Port 8016: health_check_failed - consecutive_failures=1
{"timestamp":"2025-08-04 07:44:38","level":"ERROR","port":8017,"event":"process_dead","details":""}
[0;31m[2025-08-04 07:44:38][0m Port 8017: process_dead - 
{"timestamp":"2025-08-04 07:44:38","level":"WARN","port":8017,"event":"health_check_failed","details":"consecutive_failures=1"}
[0;31m[2025-08-04 07:44:38][0m Port 8017: health_check_failed - consecutive_failures=1
{"timestamp":"2025-08-04 07:44:38","level":"ERROR","port":8018,"event":"process_dead","details":""}
[0;31m[2025-08-04 07:44:38][0m Port 8018: process_dead - 
{"timestamp":"2025-08-04 07:44:38","level":"WARN","port":8018,"event":"health_check_failed","details":"consecutive_failures=1"}
[0;31m[2025-08-04 07:44:38][0m Port 8018: health_check_failed - consecutive_failures=1
{"timestamp":"2025-08-04 07:44:38","level":"ERROR","port":8019,"event":"process_dead","details":""}
[0;31m[2025-08-04 07:44:38][0m Port 8019: process_dead - 
{"timestamp":"2025-08-04 07:44:38","level":"WARN","port":8019,"event":"health_check_failed","details":"consecutive_failures=1"}
[0;31m[2025-08-04 07:44:38][0m Port 8019: health_check_failed - consecutive_failures=1
{"timestamp":"2025-08-04 07:44:38","level":"ERROR","port":8020,"event":"process_dead","details":""}
[0;31m[2025-08-04 07:44:38][0m Port 8020: process_dead - 
{"timestamp":"2025-08-04 07:44:38","level":"WARN","port":8020,"event":"health_check_failed","details":"consecutive_failures=1"}
[0;31m[2025-08-04 07:44:38][0m Port 8020: health_check_failed - consecutive_failures=1
{"timestamp":"2025-08-04 07:44:38","level":"ERROR","port":8021,"event":"process_dead","details":""}
[0;31m[2025-08-04 07:44:38][0m Port 8021: process_dead - 
{"timestamp":"2025-08-04 07:44:38","level":"WARN","port":8021,"event":"health_check_failed","details":"consecutive_failures=1"}
[0;31m[2025-08-04 07:44:38][0m Port 8021: health_check_failed - consecutive_failures=1
{"timestamp":"2025-08-04 07:44:38","level":"ERROR","port":8022,"event":"process_dead","details":""}
[0;31m[2025-08-04 07:44:38][0m Port 8022: process_dead - 
{"timestamp":"2025-08-04 07:44:38","level":"WARN","port":8022,"event":"health_check_failed","details":"consecutive_failures=1"}
[0;31m[2025-08-04 07:44:38][0m Port 8022: health_check_failed - consecutive_failures=1
{"timestamp":"2025-08-04 07:44:38","level":"ERROR","port":8023,"event":"process_dead","details":""}
[0;31m[2025-08-04 07:44:38][0m Port 8023: process_dead - 
{"timestamp":"2025-08-04 07:44:38","level":"WARN","port":8023,"event":"health_check_failed","details":"consecutive_failures=1"}
[0;31m[2025-08-04 07:44:38][0m Port 8023: health_check_failed - consecutive_failures=1
{"timestamp":"2025-08-04 07:44:38","level":"ERROR","port":8024,"event":"process_dead","details":""}
[0;31m[2025-08-04 07:44:38][0m Port 8024: process_dead - 
{"timestamp":"2025-08-04 07:44:38","level":"WARN","port":8024,"event":"health_check_failed","details":"consecutive_failures=1"}
[0;31m[2025-08-04 07:44:38][0m Port 8024: health_check_failed - consecutive_failures=1
{"timestamp":"2025-08-04 07:44:38","level":"ERROR","port":8025,"event":"process_dead","details":""}
[0;31m[2025-08-04 07:44:38][0m Port 8025: process_dead - 
{"timestamp":"2025-08-04 07:44:38","level":"WARN","port":8025,"event":"health_check_failed","details":"consecutive_failures=1"}
[0;31m[2025-08-04 07:44:38][0m Port 8025: health_check_failed - consecutive_failures=1
{"timestamp":"2025-08-04 07:44:38","level":"ERROR","port":8026,"event":"process_dead","details":""}
[0;31m[2025-08-04 07:44:38][0m Port 8026: process_dead - 
{"timestamp":"2025-08-04 07:44:38","level":"WARN","port":8026,"event":"health_check_failed","details":"consecutive_failures=1"}
[0;31m[2025-08-04 07:44:38][0m Port 8026: health_check_failed - consecutive_failures=1
{"timestamp":"2025-08-04 07:44:38","level":"ERROR","port":8027,"event":"process_dead","details":""}
[0;31m[2025-08-04 07:44:38][0m Port 8027: process_dead - 
{"timestamp":"2025-08-04 07:44:38","level":"WARN","port":8027,"event":"health_check_failed","details":"consecutive_failures=1"}
[0;31m[2025-08-04 07:44:38][0m Port 8027: health_check_failed - consecutive_failures=1
{"timestamp":"2025-08-04 07:44:38","level":"ERROR","port":8028,"event":"process_dead","details":""}
[0;31m[2025-08-04 07:44:38][0m Port 8028: process_dead - 
{"timestamp":"2025-08-04 07:44:38","level":"WARN","port":8028,"event":"health_check_failed","details":"consecutive_failures=1"}
[0;31m[2025-08-04 07:44:38][0m Port 8028: health_check_failed - consecutive_failures=1
{"timestamp":"2025-08-04 07:44:38","level":"ERROR","port":8029,"event":"process_dead","details":""}
[0;31m[2025-08-04 07:44:38][0m Port 8029: process_dead - 
{"timestamp":"2025-08-04 07:44:38","level":"WARN","port":8029,"event":"health_check_failed","details":"consecutive_failures=1"}
[0;31m[2025-08-04 07:44:38][0m Port 8029: health_check_failed - consecutive_failures=1
{"timestamp":"2025-08-04 07:44:38","level":"ERROR","port":8030,"event":"process_dead","details":""}
[0;31m[2025-08-04 07:44:38][0m Port 8030: process_dead - 
{"timestamp":"2025-08-04 07:44:38","level":"WARN","port":8030,"event":"health_check_failed","details":"consecutive_failures=1"}
[0;31m[2025-08-04 07:44:38][0m Port 8030: health_check_failed - consecutive_failures=1
{"timestamp":"2025-08-04 07:44:48","level":"ERROR","port":8000,"event":"process_dead","details":""}
[0;31m[2025-08-04 07:44:48][0m Port 8000: process_dead - 
{"timestamp":"2025-08-04 07:44:48","level":"WARN","port":8000,"event":"health_check_failed","details":"consecutive_failures=2"}
[0;31m[2025-08-04 07:44:48][0m Port 8000: health_check_failed - consecutive_failures=2
{"timestamp":"2025-08-04 07:44:48","level":"ERROR","port":8001,"event":"process_dead","details":""}
[0;31m[2025-08-04 07:44:48][0m Port 8001: process_dead - 
{"timestamp":"2025-08-04 07:44:48","level":"WARN","port":8001,"event":"health_check_failed","details":"consecutive_failures=2"}
[0;31m[2025-08-04 07:44:48][0m Port 8001: health_check_failed - consecutive_failures=2
{"timestamp":"2025-08-04 07:44:48","level":"ERROR","port":8002,"event":"process_dead","details":""}
[0;31m[2025-08-04 07:44:48][0m Port 8002: process_dead - 
{"timestamp":"2025-08-04 07:44:48","level":"WARN","port":8002,"event":"health_check_failed","details":"consecutive_failures=2"}
[0;31m[2025-08-04 07:44:48][0m Port 8002: health_check_failed - consecutive_failures=2
{"timestamp":"2025-08-04 07:44:48","level":"ERROR","port":8003,"event":"process_dead","details":""}
[0;31m[2025-08-04 07:44:48][0m Port 8003: process_dead - 
{"timestamp":"2025-08-04 07:44:48","level":"WARN","port":8003,"event":"health_check_failed","details":"consecutive_failures=2"}
[0;31m[2025-08-04 07:44:48][0m Port 8003: health_check_failed - consecutive_failures=2
{"timestamp":"2025-08-04 07:44:48","level":"ERROR","port":8004,"event":"process_dead","details":""}
[0;31m[2025-08-04 07:44:48][0m Port 8004: process_dead - 
{"timestamp":"2025-08-04 07:44:48","level":"WARN","port":8004,"event":"health_check_failed","details":"consecutive_failures=2"}
[0;31m[2025-08-04 07:44:48][0m Port 8004: health_check_failed - consecutive_failures=2
{"timestamp":"2025-08-04 07:44:48","level":"ERROR","port":8005,"event":"process_dead","details":""}
[0;31m[2025-08-04 07:44:48][0m Port 8005: process_dead - 
{"timestamp":"2025-08-04 07:44:48","level":"WARN","port":8005,"event":"health_check_failed","details":"consecutive_failures=2"}
[0;31m[2025-08-04 07:44:48][0m Port 8005: health_check_failed - consecutive_failures=2
{"timestamp":"2025-08-04 07:44:48","level":"ERROR","port":8006,"event":"process_dead","details":""}
[0;31m[2025-08-04 07:44:48][0m Port 8006: process_dead - 
{"timestamp":"2025-08-04 07:44:48","level":"WARN","port":8006,"event":"health_check_failed","details":"consecutive_failures=2"}
[0;31m[2025-08-04 07:44:48][0m Port 8006: health_check_failed - consecutive_failures=2
{"timestamp":"2025-08-04 07:44:48","level":"ERROR","port":8007,"event":"process_dead","details":""}
[0;31m[2025-08-04 07:44:48][0m Port 8007: process_dead - 
{"timestamp":"2025-08-04 07:44:48","level":"WARN","port":8007,"event":"health_check_failed","details":"consecutive_failures=2"}
[0;31m[2025-08-04 07:44:48][0m Port 8007: health_check_failed - consecutive_failures=2
{"timestamp":"2025-08-04 07:44:48","level":"ERROR","port":8008,"event":"process_dead","details":""}
[0;31m[2025-08-04 07:44:48][0m Port 8008: process_dead - 
{"timestamp":"2025-08-04 07:44:48","level":"WARN","port":8008,"event":"health_check_failed","details":"consecutive_failures=2"}
[0;31m[2025-08-04 07:44:48][0m Port 8008: health_check_failed - consecutive_failures=2
{"timestamp":"2025-08-04 07:44:48","level":"ERROR","port":8009,"event":"process_dead","details":""}
[0;31m[2025-08-04 07:44:48][0m Port 8009: process_dead - 
{"timestamp":"2025-08-04 07:44:48","level":"WARN","port":8009,"event":"health_check_failed","details":"consecutive_failures=2"}
[0;31m[2025-08-04 07:44:48][0m Port 8009: health_check_failed - consecutive_failures=2
{"timestamp":"2025-08-04 07:44:48","level":"ERROR","port":8010,"event":"process_dead","details":""}
[0;31m[2025-08-04 07:44:48][0m Port 8010: process_dead - 
{"timestamp":"2025-08-04 07:44:48","level":"WARN","port":8010,"event":"health_check_failed","details":"consecutive_failures=2"}
[0;31m[2025-08-04 07:44:48][0m Port 8010: health_check_failed - consecutive_failures=2
{"timestamp":"2025-08-04 07:44:48","level":"ERROR","port":8011,"event":"process_dead","details":""}
[0;31m[2025-08-04 07:44:48][0m Port 8011: process_dead - 
{"timestamp":"2025-08-04 07:44:48","level":"WARN","port":8011,"event":"health_check_failed","details":"consecutive_failures=2"}
[0;31m[2025-08-04 07:44:48][0m Port 8011: health_check_failed - consecutive_failures=2
{"timestamp":"2025-08-04 07:44:48","level":"ERROR","port":8012,"event":"process_dead","details":""}
[0;31m[2025-08-04 07:44:48][0m Port 8012: process_dead - 
{"timestamp":"2025-08-04 07:44:48","level":"WARN","port":8012,"event":"health_check_failed","details":"consecutive_failures=2"}
[0;31m[2025-08-04 07:44:48][0m Port 8012: health_check_failed - consecutive_failures=2
{"timestamp":"2025-08-04 07:44:48","level":"ERROR","port":8013,"event":"process_dead","details":""}
[0;31m[2025-08-04 07:44:48][0m Port 8013: process_dead - 
{"timestamp":"2025-08-04 07:44:48","level":"WARN","port":8013,"event":"health_check_failed","details":"consecutive_failures=2"}
[0;31m[2025-08-04 07:44:48][0m Port 8013: health_check_failed - consecutive_failures=2
{"timestamp":"2025-08-04 07:44:48","level":"ERROR","port":8014,"event":"process_dead","details":""}
[0;31m[2025-08-04 07:44:48][0m Port 8014: process_dead - 
{"timestamp":"2025-08-04 07:44:48","level":"WARN","port":8014,"event":"health_check_failed","details":"consecutive_failures=2"}
[0;31m[2025-08-04 07:44:48][0m Port 8014: health_check_failed - consecutive_failures=2
{"timestamp":"2025-08-04 07:44:48","level":"ERROR","port":8015,"event":"process_dead","details":""}
[0;31m[2025-08-04 07:44:48][0m Port 8015: process_dead - 
{"timestamp":"2025-08-04 07:44:48","level":"WARN","port":8015,"event":"health_check_failed","details":"consecutive_failures=2"}
[0;31m[2025-08-04 07:44:48][0m Port 8015: health_check_failed - consecutive_failures=2
{"timestamp":"2025-08-04 07:44:48","level":"ERROR","port":8016,"event":"process_dead","details":""}
[0;31m[2025-08-04 07:44:48][0m Port 8016: process_dead - 
{"timestamp":"2025-08-04 07:44:48","level":"WARN","port":8016,"event":"health_check_failed","details":"consecutive_failures=2"}
[0;31m[2025-08-04 07:44:48][0m Port 8016: health_check_failed - consecutive_failures=2
{"timestamp":"2025-08-04 07:44:48","level":"ERROR","port":8017,"event":"process_dead","details":""}
[0;31m[2025-08-04 07:44:48][0m Port 8017: process_dead - 
{"timestamp":"2025-08-04 07:44:48","level":"WARN","port":8017,"event":"health_check_failed","details":"consecutive_failures=2"}
[0;31m[2025-08-04 07:44:48][0m Port 8017: health_check_failed - consecutive_failures=2
{"timestamp":"2025-08-04 07:44:48","level":"ERROR","port":8018,"event":"process_dead","details":""}
[0;31m[2025-08-04 07:44:48][0m Port 8018: process_dead - 
{"timestamp":"2025-08-04 07:44:48","level":"WARN","port":8018,"event":"health_check_failed","details":"consecutive_failures=2"}
[0;31m[2025-08-04 07:44:48][0m Port 8018: health_check_failed - consecutive_failures=2
{"timestamp":"2025-08-04 07:44:48","level":"ERROR","port":8019,"event":"process_dead","details":""}
[0;31m[2025-08-04 07:44:48][0m Port 8019: process_dead - 
{"timestamp":"2025-08-04 07:44:48","level":"WARN","port":8019,"event":"health_check_failed","details":"consecutive_failures=2"}
[0;31m[2025-08-04 07:44:48][0m Port 8019: health_check_failed - consecutive_failures=2
{"timestamp":"2025-08-04 07:44:48","level":"ERROR","port":8020,"event":"process_dead","details":""}
[0;31m[2025-08-04 07:44:48][0m Port 8020: process_dead - 
{"timestamp":"2025-08-04 07:44:48","level":"WARN","port":8020,"event":"health_check_failed","details":"consecutive_failures=2"}
[0;31m[2025-08-04 07:44:48][0m Port 8020: health_check_failed - consecutive_failures=2
{"timestamp":"2025-08-04 07:44:48","level":"ERROR","port":8021,"event":"process_dead","details":""}
[0;31m[2025-08-04 07:44:48][0m Port 8021: process_dead - 
{"timestamp":"2025-08-04 07:44:48","level":"WARN","port":8021,"event":"health_check_failed","details":"consecutive_failures=2"}
[0;31m[2025-08-04 07:44:48][0m Port 8021: health_check_failed - consecutive_failures=2
{"timestamp":"2025-08-04 07:44:48","level":"ERROR","port":8022,"event":"process_dead","details":""}
[0;31m[2025-08-04 07:44:48][0m Port 8022: process_dead - 
{"timestamp":"2025-08-04 07:44:48","level":"WARN","port":8022,"event":"health_check_failed","details":"consecutive_failures=2"}
[0;31m[2025-08-04 07:44:48][0m Port 8022: health_check_failed - consecutive_failures=2
{"timestamp":"2025-08-04 07:44:48","level":"ERROR","port":8023,"event":"process_dead","details":""}
[0;31m[2025-08-04 07:44:48][0m Port 8023: process_dead - 
{"timestamp":"2025-08-04 07:44:48","level":"WARN","port":8023,"event":"health_check_failed","details":"consecutive_failures=2"}
[0;31m[2025-08-04 07:44:48][0m Port 8023: health_check_failed - consecutive_failures=2
{"timestamp":"2025-08-04 07:44:48","level":"ERROR","port":8024,"event":"process_dead","details":""}
[0;31m[2025-08-04 07:44:48][0m Port 8024: process_dead - 
{"timestamp":"2025-08-04 07:44:48","level":"WARN","port":8024,"event":"health_check_failed","details":"consecutive_failures=2"}
[0;31m[2025-08-04 07:44:48][0m Port 8024: health_check_failed - consecutive_failures=2
{"timestamp":"2025-08-04 07:44:48","level":"ERROR","port":8025,"event":"process_dead","details":""}
[0;31m[2025-08-04 07:44:48][0m Port 8025: process_dead - 
{"timestamp":"2025-08-04 07:44:48","level":"WARN","port":8025,"event":"health_check_failed","details":"consecutive_failures=2"}
[0;31m[2025-08-04 07:44:48][0m Port 8025: health_check_failed - consecutive_failures=2
{"timestamp":"2025-08-04 07:44:48","level":"ERROR","port":8026,"event":"process_dead","details":""}
[0;31m[2025-08-04 07:44:48][0m Port 8026: process_dead - 
{"timestamp":"2025-08-04 07:44:48","level":"WARN","port":8026,"event":"health_check_failed","details":"consecutive_failures=2"}
[0;31m[2025-08-04 07:44:48][0m Port 8026: health_check_failed - consecutive_failures=2
{"timestamp":"2025-08-04 07:44:48","level":"ERROR","port":8027,"event":"process_dead","details":""}
[0;31m[2025-08-04 07:44:48][0m Port 8027: process_dead - 
{"timestamp":"2025-08-04 07:44:48","level":"WARN","port":8027,"event":"health_check_failed","details":"consecutive_failures=2"}
[0;31m[2025-08-04 07:44:48][0m Port 8027: health_check_failed - consecutive_failures=2
{"timestamp":"2025-08-04 07:44:48","level":"ERROR","port":8028,"event":"process_dead","details":""}
[0;31m[2025-08-04 07:44:48][0m Port 8028: process_dead - 
{"timestamp":"2025-08-04 07:44:48","level":"WARN","port":8028,"event":"health_check_failed","details":"consecutive_failures=2"}
[0;31m[2025-08-04 07:44:48][0m Port 8028: health_check_failed - consecutive_failures=2
{"timestamp":"2025-08-04 07:44:48","level":"ERROR","port":8029,"event":"process_dead","details":""}
[0;31m[2025-08-04 07:44:48][0m Port 8029: process_dead - 
{"timestamp":"2025-08-04 07:44:48","level":"WARN","port":8029,"event":"health_check_failed","details":"consecutive_failures=2"}
[0;31m[2025-08-04 07:44:48][0m Port 8029: health_check_failed - consecutive_failures=2
{"timestamp":"2025-08-04 07:44:48","level":"ERROR","port":8030,"event":"process_dead","details":""}
[0;31m[2025-08-04 07:44:48][0m Port 8030: process_dead - 
{"timestamp":"2025-08-04 07:44:48","level":"WARN","port":8030,"event":"health_check_failed","details":"consecutive_failures=2"}
[0;31m[2025-08-04 07:44:48][0m Port 8030: health_check_failed - consecutive_failures=2

[0;34m📊 监控状态摘要 - 07:44:58[0m
   [0;32m健康: 0[0m | [1;33m异常: 31[0m | [0;34m重启中: 0[0m | [0;31m失败: 0[0m
   [1;33m问题端口:[0m [1;33m8000(unhealthy)[0m [1;33m8001(unhealthy)[0m [1;33m8002(unhealthy)[0m [1;33m8003(unhealthy)[0m [1;33m8004(unhealthy)[0m [1;33m8005(unhealthy)[0m [1;33m8006(unhealthy)[0m [1;33m8007(unhealthy)[0m [1;33m8008(unhealthy)[0m [1;33m8009(unhealthy)[0m [1;33m8010(unhealthy)[0m [1;33m8011(unhealthy)[0m [1;33m8012(unhealthy)[0m [1;33m8013(unhealthy)[0m [1;33m8014(unhealthy)[0m [1;33m8015(unhealthy)[0m [1;33m8016(unhealthy)[0m [1;33m8017(unhealthy)[0m [1;33m8018(unhealthy)[0m [1;33m8019(unhealthy)[0m [1;33m8020(unhealthy)[0m [1;33m8021(unhealthy)[0m [1;33m8022(unhealthy)[0m [1;33m8023(unhealthy)[0m [1;33m8024(unhealthy)[0m [1;33m8025(unhealthy)[0m [1;33m8026(unhealthy)[0m [1;33m8027(unhealthy)[0m [1;33m8028(unhealthy)[0m [1;33m8029(unhealthy)[0m [1;33m8030(unhealthy)[0m
{"timestamp":"2025-08-04 07:44:58","level":"ERROR","port":8000,"event":"process_dead","details":""}
[0;31m[2025-08-04 07:44:58][0m Port 8000: process_dead - 
{"timestamp":"2025-08-04 07:44:58","level":"INFO","port":8000,"event":"triggering_restart","details":"reason=consecutive_health_failures, attempt=2"}
[0;32m[2025-08-04 07:44:58][0m Port 8000: triggering_restart
[0;34m开始重启端口 8000 的服务...[0m
原因: consecutive_health_failures
当前重启次数: 0
[0;32m[2025-08-04 07:44:58] [INFO] Port 8000: progressive_restart_started - reason=consecutive_health_failures, attempt=1[0m
[0;32m[2025-08-04 07:44:58] [INFO] Port 8000: restart_strategy - phase=quick, interval=5s[0m
[0;32m[2025-08-04 07:44:58] [INFO] Port 8000: cooling_down - waiting=5s[0m
{"timestamp":"2025-08-04 07:44:58","level":"ERROR","port":8001,"event":"process_dead","details":""}
[0;31m[2025-08-04 07:44:58][0m Port 8001: process_dead - 
{"timestamp":"2025-08-04 07:44:58","level":"INFO","port":8001,"event":"triggering_restart","details":"reason=consecutive_health_failures, attempt=2"}
[0;32m[2025-08-04 07:44:58][0m Port 8001: triggering_restart
[0;34m开始重启端口 8001 的服务...[0m
原因: consecutive_health_failures
{"timestamp":"2025-08-04 07:44:58","level":"ERROR","port":8002,"event":"process_dead","details":""}
[0;31m[2025-08-04 07:44:58][0m Port 8002: process_dead - 
当前重启次数: 0
{"timestamp":"2025-08-04 07:44:58","level":"INFO","port":8002,"event":"triggering_restart","details":"reason=consecutive_health_failures, attempt=2"}
[0;32m[2025-08-04 07:44:58][0m Port 8002: triggering_restart
[0;32m[2025-08-04 07:44:58] [INFO] Port 8001: progressive_restart_started - reason=consecutive_health_failures, attempt=1[0m
[0;32m[2025-08-04 07:44:58] [INFO] Port 8001: restart_strategy - phase=quick, interval=5s[0m
[0;34m开始重启端口 8002 的服务...[0m
原因: consecutive_health_failures
当前重启次数: 0
{"timestamp":"2025-08-04 07:44:58","level":"ERROR","port":8003,"event":"process_dead","details":""}
[0;31m[2025-08-04 07:44:58][0m Port 8003: process_dead - 
{"timestamp":"2025-08-04 07:44:58","level":"INFO","port":8003,"event":"triggering_restart","details":"reason=consecutive_health_failures, attempt=2"}
[0;32m[2025-08-04 07:44:58][0m Port 8003: triggering_restart
[0;32m[2025-08-04 07:44:58] [INFO] Port 8002: progressive_restart_started - reason=consecutive_health_failures, attempt=1[0m
[0;32m[2025-08-04 07:44:58] [INFO] Port 8002: restart_strategy - phase=quick, interval=5s[0m
[0;32m[2025-08-04 07:44:58] [INFO] Port 8001: cooling_down - waiting=5s[0m
[0;34m开始重启端口 8003 的服务...[0m
原因: consecutive_health_failures
当前重启次数: 0
[0;32m[2025-08-04 07:44:58] [INFO] Port 8003: progressive_restart_started - reason=consecutive_health_failures, attempt=1[0m
[0;32m[2025-08-04 07:44:58] [INFO] Port 8002: cooling_down - waiting=5s[0m
[0;32m[2025-08-04 07:44:58] [INFO] Port 8003: restart_strategy - phase=quick, interval=5s[0m
[0;32m[2025-08-04 07:44:58] [INFO] Port 8003: cooling_down - waiting=5s[0m
{"timestamp":"2025-08-04 07:44:58","level":"ERROR","port":8004,"event":"process_dead","details":""}
[0;31m[2025-08-04 07:44:58][0m Port 8004: process_dead - 
{"timestamp":"2025-08-04 07:44:58","level":"INFO","port":8004,"event":"triggering_restart","details":"reason=consecutive_health_failures, attempt=2"}
[0;32m[2025-08-04 07:44:58][0m Port 8004: triggering_restart
[0;34m开始重启端口 8004 的服务...[0m
原因: consecutive_health_failures
{"timestamp":"2025-08-04 07:44:58","level":"ERROR","port":8005,"event":"process_dead","details":""}
[0;31m[2025-08-04 07:44:58][0m Port 8005: process_dead - 
当前重启次数: 0
{"timestamp":"2025-08-04 07:44:58","level":"INFO","port":8005,"event":"triggering_restart","details":"reason=consecutive_health_failures, attempt=2"}
[0;32m[2025-08-04 07:44:58][0m Port 8005: triggering_restart
[0;32m[2025-08-04 07:44:58] [INFO] Port 8004: progressive_restart_started - reason=consecutive_health_failures, attempt=1[0m
[0;32m[2025-08-04 07:44:58] [INFO] Port 8004: restart_strategy - phase=quick, interval=5s[0m
[0;34m开始重启端口 8005 的服务...[0m
原因: consecutive_health_failures
{"timestamp":"2025-08-04 07:44:58","level":"ERROR","port":8006,"event":"process_dead","details":""}
[0;31m[2025-08-04 07:44:58][0m Port 8006: process_dead - 
当前重启次数: 0
{"timestamp":"2025-08-04 07:44:58","level":"INFO","port":8006,"event":"triggering_restart","details":"reason=consecutive_health_failures, attempt=2"}
[0;32m[2025-08-04 07:44:58][0m Port 8006: triggering_restart
[0;32m[2025-08-04 07:44:58] [INFO] Port 8005: progressive_restart_started - reason=consecutive_health_failures, attempt=1[0m
[0;32m[2025-08-04 07:44:58] [INFO] Port 8005: restart_strategy - phase=quick, interval=5s[0m
[0;32m[2025-08-04 07:44:58] [INFO] Port 8004: cooling_down - waiting=5s[0m
[0;34m开始重启端口 8006 的服务...[0m
原因: consecutive_health_failures
{"timestamp":"2025-08-04 07:44:58","level":"ERROR","port":8007,"event":"process_dead","details":""}
[0;31m[2025-08-04 07:44:58][0m Port 8007: process_dead - 
当前重启次数: 0
[0;32m[2025-08-04 07:44:58] [INFO] Port 8005: cooling_down - waiting=5s[0m
{"timestamp":"2025-08-04 07:44:58","level":"INFO","port":8007,"event":"triggering_restart","details":"reason=consecutive_health_failures, attempt=2"}
[0;32m[2025-08-04 07:44:58][0m Port 8007: triggering_restart
[0;32m[2025-08-04 07:44:58] [INFO] Port 8006: progressive_restart_started - reason=consecutive_health_failures, attempt=1[0m
[0;32m[2025-08-04 07:44:58] [INFO] Port 8006: restart_strategy - phase=quick, interval=5s[0m
[0;34m开始重启端口 8007 的服务...[0m
原因: consecutive_health_failures
当前重启次数: 0
{"timestamp":"2025-08-04 07:44:58","level":"ERROR","port":8008,"event":"process_dead","details":""}
[0;31m[2025-08-04 07:44:58][0m Port 8008: process_dead - 
[0;32m[2025-08-04 07:44:58] [INFO] Port 8007: progressive_restart_started - reason=consecutive_health_failures, attempt=1[0m
{"timestamp":"2025-08-04 07:44:58","level":"INFO","port":8008,"event":"triggering_restart","details":"reason=consecutive_health_failures, attempt=2"}
[0;32m[2025-08-04 07:44:58][0m Port 8008: triggering_restart
[0;32m[2025-08-04 07:44:58] [INFO] Port 8006: cooling_down - waiting=5s[0m
[0;32m[2025-08-04 07:44:58] [INFO] Port 8007: restart_strategy - phase=quick, interval=5s[0m
[0;34m开始重启端口 8008 的服务...[0m
原因: consecutive_health_failures
{"timestamp":"2025-08-04 07:44:58","level":"ERROR","port":8009,"event":"process_dead","details":""}
[0;31m[2025-08-04 07:44:58][0m Port 8009: process_dead - 
当前重启次数: 0
[0;32m[2025-08-04 07:44:58] [INFO] Port 8007: cooling_down - waiting=5s[0m
{"timestamp":"2025-08-04 07:44:58","level":"INFO","port":8009,"event":"triggering_restart","details":"reason=consecutive_health_failures, attempt=2"}
[0;32m[2025-08-04 07:44:58][0m Port 8009: triggering_restart
[0;32m[2025-08-04 07:44:58] [INFO] Port 8008: progressive_restart_started - reason=consecutive_health_failures, attempt=1[0m
[0;32m[2025-08-04 07:44:58] [INFO] Port 8008: restart_strategy - phase=quick, interval=5s[0m
[0;34m开始重启端口 8009 的服务...[0m
原因: consecutive_health_failures
{"timestamp":"2025-08-04 07:44:58","level":"ERROR","port":8010,"event":"process_dead","details":""}
[0;31m[2025-08-04 07:44:58][0m Port 8010: process_dead - 
当前重启次数: 0
{"timestamp":"2025-08-04 07:44:58","level":"INFO","port":8010,"event":"triggering_restart","details":"reason=consecutive_health_failures, attempt=2"}
[0;32m[2025-08-04 07:44:58][0m Port 8010: triggering_restart
[0;32m[2025-08-04 07:44:58] [INFO] Port 8009: progressive_restart_started - reason=consecutive_health_failures, attempt=1[0m
[0;32m[2025-08-04 07:44:58] [INFO] Port 8008: cooling_down - waiting=5s[0m
[0;32m[2025-08-04 07:44:58] [INFO] Port 8009: restart_strategy - phase=quick, interval=5s[0m
[0;34m开始重启端口 8010 的服务...[0m
原因: consecutive_health_failures
{"timestamp":"2025-08-04 07:44:58","level":"ERROR","port":8011,"event":"process_dead","details":""}
[0;31m[2025-08-04 07:44:58][0m Port 8011: process_dead - 
当前重启次数: 0
{"timestamp":"2025-08-04 07:44:58","level":"INFO","port":8011,"event":"triggering_restart","details":"reason=consecutive_health_failures, attempt=2"}
[0;32m[2025-08-04 07:44:58][0m Port 8011: triggering_restart
[0;32m[2025-08-04 07:44:58] [INFO] Port 8010: progressive_restart_started - reason=consecutive_health_failures, attempt=1[0m
[0;32m[2025-08-04 07:44:58] [INFO] Port 8009: cooling_down - waiting=5s[0m
[0;32m[2025-08-04 07:44:58] [INFO] Port 8010: restart_strategy - phase=quick, interval=5s[0m
[0;34m开始重启端口 8011 的服务...[0m
原因: consecutive_health_failures
当前重启次数: 0
{"timestamp":"2025-08-04 07:44:58","level":"ERROR","port":8012,"event":"process_dead","details":""}
[0;31m[2025-08-04 07:44:58][0m Port 8012: process_dead - 
{"timestamp":"2025-08-04 07:44:58","level":"INFO","port":8012,"event":"triggering_restart","details":"reason=consecutive_health_failures, attempt=2"}
[0;32m[2025-08-04 07:44:58][0m Port 8012: triggering_restart
[0;32m[2025-08-04 07:44:58] [INFO] Port 8010: cooling_down - waiting=5s[0m
[0;32m[2025-08-04 07:44:58] [INFO] Port 8011: progressive_restart_started - reason=consecutive_health_failures, attempt=1[0m
[0;32m[2025-08-04 07:44:58] [INFO] Port 8011: restart_strategy - phase=quick, interval=5s[0m
[0;34m开始重启端口 8012 的服务...[0m
原因: consecutive_health_failures
当前重启次数: 0
{"timestamp":"2025-08-04 07:44:58","level":"ERROR","port":8013,"event":"process_dead","details":""}
[0;31m[2025-08-04 07:44:58][0m Port 8013: process_dead - 
{"timestamp":"2025-08-04 07:44:58","level":"INFO","port":8013,"event":"triggering_restart","details":"reason=consecutive_health_failures, attempt=2"}
[0;32m[2025-08-04 07:44:58][0m Port 8013: triggering_restart
[0;32m[2025-08-04 07:44:58] [INFO] Port 8012: progressive_restart_started - reason=consecutive_health_failures, attempt=1[0m
[0;32m[2025-08-04 07:44:58] [INFO] Port 8011: cooling_down - waiting=5s[0m
[0;32m[2025-08-04 07:44:58] [INFO] Port 8012: restart_strategy - phase=quick, interval=5s[0m
[0;34m开始重启端口 8013 的服务...[0m
原因: consecutive_health_failures
当前重启次数: 0
[0;32m[2025-08-04 07:44:58] [INFO] Port 8012: cooling_down - waiting=5s[0m
[0;32m[2025-08-04 07:44:58] [INFO] Port 8013: progressive_restart_started - reason=consecutive_health_failures, attempt=1[0m
[0;32m[2025-08-04 07:44:58] [INFO] Port 8013: restart_strategy - phase=quick, interval=5s[0m
[0;32m[2025-08-04 07:44:58] [INFO] Port 8013: cooling_down - waiting=5s[0m
{"timestamp":"2025-08-04 07:44:58","level":"ERROR","port":8014,"event":"process_dead","details":""}
[0;31m[2025-08-04 07:44:58][0m Port 8014: process_dead - 
{"timestamp":"2025-08-04 07:44:58","level":"INFO","port":8014,"event":"triggering_restart","details":"reason=consecutive_health_failures, attempt=2"}
[0;32m[2025-08-04 07:44:58][0m Port 8014: triggering_restart
[0;34m开始重启端口 8014 的服务...[0m
原因: consecutive_health_failures
{"timestamp":"2025-08-04 07:44:58","level":"ERROR","port":8015,"event":"process_dead","details":""}
[0;31m[2025-08-04 07:44:58][0m Port 8015: process_dead - 
当前重启次数: 0
{"timestamp":"2025-08-04 07:44:58","level":"INFO","port":8015,"event":"triggering_restart","details":"reason=consecutive_health_failures, attempt=2"}
[0;32m[2025-08-04 07:44:58][0m Port 8015: triggering_restart
[0;32m[2025-08-04 07:44:58] [INFO] Port 8014: progressive_restart_started - reason=consecutive_health_failures, attempt=1[0m
[0;32m[2025-08-04 07:44:58] [INFO] Port 8014: restart_strategy - phase=quick, interval=5s[0m
[0;34m开始重启端口 8015 的服务...[0m
原因: consecutive_health_failures
{"timestamp":"2025-08-04 07:44:58","level":"ERROR","port":8016,"event":"process_dead","details":""}
[0;31m[2025-08-04 07:44:58][0m Port 8016: process_dead - 
当前重启次数: 0
{"timestamp":"2025-08-04 07:44:58","level":"INFO","port":8016,"event":"triggering_restart","details":"reason=consecutive_health_failures, attempt=2"}
[0;32m[2025-08-04 07:44:58][0m Port 8016: triggering_restart
[0;32m[2025-08-04 07:44:58] [INFO] Port 8014: cooling_down - waiting=5s[0m
[0;32m[2025-08-04 07:44:58] [INFO] Port 8015: progressive_restart_started - reason=consecutive_health_failures, attempt=1[0m
[0;32m[2025-08-04 07:44:58] [INFO] Port 8015: restart_strategy - phase=quick, interval=5s[0m
[0;34m开始重启端口 8016 的服务...[0m
原因: consecutive_health_failures
当前重启次数: 0
{"timestamp":"2025-08-04 07:44:58","level":"ERROR","port":8017,"event":"process_dead","details":""}
[0;31m[2025-08-04 07:44:58][0m Port 8017: process_dead - 
[0;32m[2025-08-04 07:44:58] [INFO] Port 8016: progressive_restart_started - reason=consecutive_health_failures, attempt=1[0m
{"timestamp":"2025-08-04 07:44:58","level":"INFO","port":8017,"event":"triggering_restart","details":"reason=consecutive_health_failures, attempt=2"}
[0;32m[2025-08-04 07:44:58][0m Port 8017: triggering_restart
[0;32m[2025-08-04 07:44:58] [INFO] Port 8016: restart_strategy - phase=quick, interval=5s[0m
[0;32m[2025-08-04 07:44:58] [INFO] Port 8015: cooling_down - waiting=5s[0m
[0;34m开始重启端口 8017 的服务...[0m
原因: consecutive_health_failures
当前重启次数: 0
{"timestamp":"2025-08-04 07:44:58","level":"ERROR","port":8018,"event":"process_dead","details":""}
[0;31m[2025-08-04 07:44:58][0m Port 8018: process_dead - 
[0;32m[2025-08-04 07:44:58] [INFO] Port 8016: cooling_down - waiting=5s[0m
[0;32m[2025-08-04 07:44:58] [INFO] Port 8017: progressive_restart_started - reason=consecutive_health_failures, attempt=1[0m
{"timestamp":"2025-08-04 07:44:58","level":"INFO","port":8018,"event":"triggering_restart","details":"reason=consecutive_health_failures, attempt=2"}
[0;32m[2025-08-04 07:44:58][0m Port 8018: triggering_restart
[0;32m[2025-08-04 07:44:58] [INFO] Port 8017: restart_strategy - phase=quick, interval=5s[0m
[0;34m开始重启端口 8018 的服务...[0m
原因: consecutive_health_failures
当前重启次数: 0
{"timestamp":"2025-08-04 07:44:58","level":"ERROR","port":8019,"event":"process_dead","details":""}
[0;31m[2025-08-04 07:44:58][0m Port 8019: process_dead - 
[0;32m[2025-08-04 07:44:58] [INFO] Port 8017: cooling_down - waiting=5s[0m
[0;32m[2025-08-04 07:44:58] [INFO] Port 8018: progressive_restart_started - reason=consecutive_health_failures, attempt=1[0m
{"timestamp":"2025-08-04 07:44:58","level":"INFO","port":8019,"event":"triggering_restart","details":"reason=consecutive_health_failures, attempt=2"}
[0;32m[2025-08-04 07:44:58][0m Port 8019: triggering_restart
[0;32m[2025-08-04 07:44:58] [INFO] Port 8018: restart_strategy - phase=quick, interval=5s[0m
{"timestamp":"2025-08-04 07:44:58","level":"ERROR","port":8020,"event":"process_dead","details":""}
[0;31m[2025-08-04 07:44:58][0m Port 8020: process_dead - 
[0;34m开始重启端口 8019 的服务...[0m
原因: consecutive_health_failures
当前重启次数: 0
[0;32m[2025-08-04 07:44:58] [INFO] Port 8018: cooling_down - waiting=5s[0m
{"timestamp":"2025-08-04 07:44:58","level":"INFO","port":8020,"event":"triggering_restart","details":"reason=consecutive_health_failures, attempt=2"}
[0;32m[2025-08-04 07:44:58][0m Port 8020: triggering_restart
[0;32m[2025-08-04 07:44:58] [INFO] Port 8019: progressive_restart_started - reason=consecutive_health_failures, attempt=1[0m
[0;32m[2025-08-04 07:44:58] [INFO] Port 8019: restart_strategy - phase=quick, interval=5s[0m
[0;34m开始重启端口 8020 的服务...[0m
原因: consecutive_health_failures
当前重启次数: 0
{"timestamp":"2025-08-04 07:44:58","level":"ERROR","port":8021,"event":"process_dead","details":""}
[0;31m[2025-08-04 07:44:58][0m Port 8021: process_dead - 
{"timestamp":"2025-08-04 07:44:58","level":"INFO","port":8021,"event":"triggering_restart","details":"reason=consecutive_health_failures, attempt=2"}
[0;32m[2025-08-04 07:44:58][0m Port 8021: triggering_restart
[0;32m[2025-08-04 07:44:58] [INFO] Port 8020: progressive_restart_started - reason=consecutive_health_failures, attempt=1[0m
[0;32m[2025-08-04 07:44:58] [INFO] Port 8019: cooling_down - waiting=5s[0m
[0;32m[2025-08-04 07:44:58] [INFO] Port 8020: restart_strategy - phase=quick, interval=5s[0m
[0;34m开始重启端口 8021 的服务...[0m
原因: consecutive_health_failures
{"timestamp":"2025-08-04 07:44:58","level":"ERROR","port":8022,"event":"process_dead","details":""}
[0;31m[2025-08-04 07:44:58][0m Port 8022: process_dead - 
当前重启次数: 0
{"timestamp":"2025-08-04 07:44:58","level":"INFO","port":8022,"event":"triggering_restart","details":"reason=consecutive_health_failures, attempt=2"}
[0;32m[2025-08-04 07:44:58][0m Port 8022: triggering_restart
[0;32m[2025-08-04 07:44:58] [INFO] Port 8020: cooling_down - waiting=5s[0m
[0;32m[2025-08-04 07:44:58] [INFO] Port 8021: progressive_restart_started - reason=consecutive_health_failures, attempt=1[0m
[0;32m[2025-08-04 07:44:58] [INFO] Port 8021: restart_strategy - phase=quick, interval=5s[0m
{"timestamp":"2025-08-04 07:44:58","level":"ERROR","port":8023,"event":"process_dead","details":""}
[0;34m开始重启端口 8022 的服务...[0m
[0;31m[2025-08-04 07:44:58][0m Port 8023: process_dead - 
原因: consecutive_health_failures
当前重启次数: 0
{"timestamp":"2025-08-04 07:44:58","level":"INFO","port":8023,"event":"triggering_restart","details":"reason=consecutive_health_failures, attempt=2"}
[0;32m[2025-08-04 07:44:58][0m Port 8023: triggering_restart
[0;32m[2025-08-04 07:44:58] [INFO] Port 8021: cooling_down - waiting=5s[0m
[0;32m[2025-08-04 07:44:58] [INFO] Port 8022: progressive_restart_started - reason=consecutive_health_failures, attempt=1[0m
[0;32m[2025-08-04 07:44:58] [INFO] Port 8022: restart_strategy - phase=quick, interval=5s[0m
[0;34m开始重启端口 8023 的服务...[0m
原因: consecutive_health_failures
当前重启次数: 0
{"timestamp":"2025-08-04 07:44:58","level":"ERROR","port":8024,"event":"process_dead","details":""}
[0;31m[2025-08-04 07:44:58][0m Port 8024: process_dead - 
[0;32m[2025-08-04 07:44:58] [INFO] Port 8023: progressive_restart_started - reason=consecutive_health_failures, attempt=1[0m
{"timestamp":"2025-08-04 07:44:58","level":"INFO","port":8024,"event":"triggering_restart","details":"reason=consecutive_health_failures, attempt=2"}
[0;32m[2025-08-04 07:44:58][0m Port 8024: triggering_restart
[0;32m[2025-08-04 07:44:58] [INFO] Port 8023: restart_strategy - phase=quick, interval=5s[0m
[0;32m[2025-08-04 07:44:58] [INFO] Port 8022: cooling_down - waiting=5s[0m
[0;34m开始重启端口 8024 的服务...[0m
原因: consecutive_health_failures
{"timestamp":"2025-08-04 07:44:58","level":"ERROR","port":8025,"event":"process_dead","details":""}
[0;31m[2025-08-04 07:44:58][0m Port 8025: process_dead - 
当前重启次数: 0
[0;32m[2025-08-04 07:44:58] [INFO] Port 8023: cooling_down - waiting=5s[0m
{"timestamp":"2025-08-04 07:44:58","level":"INFO","port":8025,"event":"triggering_restart","details":"reason=consecutive_health_failures, attempt=2"}
[0;32m[2025-08-04 07:44:58][0m Port 8025: triggering_restart
[0;32m[2025-08-04 07:44:58] [INFO] Port 8024: progressive_restart_started - reason=consecutive_health_failures, attempt=1[0m
[0;32m[2025-08-04 07:44:58] [INFO] Port 8024: restart_strategy - phase=quick, interval=5s[0m
[0;34m开始重启端口 8025 的服务...[0m
原因: consecutive_health_failures
当前重启次数: 0
{"timestamp":"2025-08-04 07:44:58","level":"ERROR","port":8026,"event":"process_dead","details":""}
[0;31m[2025-08-04 07:44:58][0m Port 8026: process_dead - 
{"timestamp":"2025-08-04 07:44:58","level":"INFO","port":8026,"event":"triggering_restart","details":"reason=consecutive_health_failures, attempt=2"}
[0;32m[2025-08-04 07:44:58][0m Port 8026: triggering_restart
[0;32m[2025-08-04 07:44:58] [INFO] Port 8024: cooling_down - waiting=5s[0m
[0;32m[2025-08-04 07:44:58] [INFO] Port 8025: progressive_restart_started - reason=consecutive_health_failures, attempt=1[0m
[0;32m[2025-08-04 07:44:58] [INFO] Port 8025: restart_strategy - phase=quick, interval=5s[0m
[0;34m开始重启端口 8026 的服务...[0m
原因: consecutive_health_failures
{"timestamp":"2025-08-04 07:44:58","level":"ERROR","port":8027,"event":"process_dead","details":""}
[0;31m[2025-08-04 07:44:58][0m Port 8027: process_dead - 
当前重启次数: 0
{"timestamp":"2025-08-04 07:44:58","level":"INFO","port":8027,"event":"triggering_restart","details":"reason=consecutive_health_failures, attempt=2"}
[0;32m[2025-08-04 07:44:58][0m Port 8027: triggering_restart
[0;32m[2025-08-04 07:44:58] [INFO] Port 8026: progressive_restart_started - reason=consecutive_health_failures, attempt=1[0m
[0;32m[2025-08-04 07:44:58] [INFO] Port 8025: cooling_down - waiting=5s[0m
[0;32m[2025-08-04 07:44:58] [INFO] Port 8026: restart_strategy - phase=quick, interval=5s[0m
[0;34m开始重启端口 8027 的服务...[0m
原因: consecutive_health_failures
当前重启次数: 0
{"timestamp":"2025-08-04 07:44:58","level":"ERROR","port":8028,"event":"process_dead","details":""}
[0;31m[2025-08-04 07:44:58][0m Port 8028: process_dead - 
{"timestamp":"2025-08-04 07:44:58","level":"INFO","port":8028,"event":"triggering_restart","details":"reason=consecutive_health_failures, attempt=2"}
[0;32m[2025-08-04 07:44:58][0m Port 8028: triggering_restart
[0;32m[2025-08-04 07:44:58] [INFO] Port 8027: progressive_restart_started - reason=consecutive_health_failures, attempt=1[0m
[0;32m[2025-08-04 07:44:58] [INFO] Port 8026: cooling_down - waiting=5s[0m
[0;32m[2025-08-04 07:44:58] [INFO] Port 8027: restart_strategy - phase=quick, interval=5s[0m
[0;34m开始重启端口 8028 的服务...[0m
原因: consecutive_health_failures
{"timestamp":"2025-08-04 07:44:58","level":"ERROR","port":8029,"event":"process_dead","details":""}
[0;31m[2025-08-04 07:44:58][0m Port 8029: process_dead - 
当前重启次数: 0
[0;32m[2025-08-04 07:44:58] [INFO] Port 8027: cooling_down - waiting=5s[0m
{"timestamp":"2025-08-04 07:44:58","level":"INFO","port":8029,"event":"triggering_restart","details":"reason=consecutive_health_failures, attempt=2"}
[0;32m[2025-08-04 07:44:58][0m Port 8029: triggering_restart
[0;32m[2025-08-04 07:44:58] [INFO] Port 8028: progressive_restart_started - reason=consecutive_health_failures, attempt=1[0m
[0;32m[2025-08-04 07:44:58] [INFO] Port 8028: restart_strategy - phase=quick, interval=5s[0m
[0;34m开始重启端口 8029 的服务...[0m
原因: consecutive_health_failures
当前重启次数: 0
[0;32m[2025-08-04 07:44:58] [INFO] Port 8029: progressive_restart_started - reason=consecutive_health_failures, attempt=1[0m
[0;32m[2025-08-04 07:44:58] [INFO] Port 8028: cooling_down - waiting=5s[0m
[0;32m[2025-08-04 07:44:58] [INFO] Port 8029: restart_strategy - phase=quick, interval=5s[0m
[0;32m[2025-08-04 07:44:58] [INFO] Port 8029: cooling_down - waiting=5s[0m
{"timestamp":"2025-08-04 07:44:58","level":"ERROR","port":8030,"event":"process_dead","details":""}
[0;31m[2025-08-04 07:44:58][0m Port 8030: process_dead - 
{"timestamp":"2025-08-04 07:44:58","level":"INFO","port":8030,"event":"triggering_restart","details":"reason=consecutive_health_failures, attempt=2"}
[0;32m[2025-08-04 07:44:58][0m Port 8030: triggering_restart
[0;34m开始重启端口 8030 的服务...[0m
原因: consecutive_health_failures
当前重启次数: 0
[0;32m[2025-08-04 07:44:58] [INFO] Port 8030: progressive_restart_started - reason=consecutive_health_failures, attempt=1[0m
[0;32m[2025-08-04 07:44:58] [INFO] Port 8030: restart_strategy - phase=quick, interval=5s[0m
[0;32m[2025-08-04 07:44:58] [INFO] Port 8030: cooling_down - waiting=5s[0m
[0;32m[2025-08-04 07:45:03] [INFO] Port 8000: cleaning_resources - force=false[0m
[0;32m[2025-08-04 07:45:03] [INFO] Port 8001: cleaning_resources - force=false[0m
[0;32m[2025-08-04 07:45:03] [INFO] Port 8001: killing_existing_process - pid=209874[0m
[0;32m[2025-08-04 07:45:03] [INFO] Port 8002: cleaning_resources - force=false[0m
[0;32m[2025-08-04 07:45:03] [INFO] Port 8003: cleaning_resources - force=false[0m
[0;32m[2025-08-04 07:45:03] [INFO] Port 8000: starting_new_process - attempt=1[0m
[0;32m[2025-08-04 07:45:03] [INFO] Port 8000: process_started - pid=213967[0m
[0;32m[2025-08-04 07:45:03] [INFO] Port 8000: verifying_restart - timeout=30s[0m
[0;32m[2025-08-04 07:45:03] [INFO] Port 8002: starting_new_process - attempt=1[0m
[0;32m[2025-08-04 07:45:03] [INFO] Port 8002: process_started - pid=213992[0m
[0;32m[2025-08-04 07:45:03] [INFO] Port 8002: verifying_restart - timeout=30s[0m
[0;32m[2025-08-04 07:45:03] [INFO] Port 8003: starting_new_process - attempt=1[0m
[0;32m[2025-08-04 07:45:03] [INFO] Port 8004: cleaning_resources - force=false[0m
[0;32m[2025-08-04 07:45:03] [INFO] Port 8003: process_started - pid=214029[0m
[0;32m[2025-08-04 07:45:03] [INFO] Port 8003: verifying_restart - timeout=30s[0m
[0;32m[2025-08-04 07:45:03] [INFO] Port 8004: killing_existing_process - pid=209886[0m
[0;32m[2025-08-04 07:45:03] [INFO] Port 8005: cleaning_resources - force=false[0m
[0;32m[2025-08-04 07:45:03] [INFO] Port 8006: cleaning_resources - force=false[0m
[0;32m[2025-08-04 07:45:03] [INFO] Port 8007: cleaning_resources - force=false[0m
[0;32m[2025-08-04 07:45:03] [INFO] Port 8008: cleaning_resources - force=false[0m
[0;32m[2025-08-04 07:45:03] [INFO] Port 8009: cleaning_resources - force=false[0m
[0;32m[2025-08-04 07:45:03] [INFO] Port 8010: cleaning_resources - force=false[0m
[0;32m[2025-08-04 07:45:03] [INFO] Port 8006: starting_new_process - attempt=1[0m
[0;32m[2025-08-04 07:45:03] [INFO] Port 8011: cleaning_resources - force=false[0m
[0;32m[2025-08-04 07:45:03] [INFO] Port 8006: process_started - pid=214155[0m
[0;32m[2025-08-04 07:45:03] [INFO] Port 8006: verifying_restart - timeout=30s[0m
[0;32m[2025-08-04 07:45:03] [INFO] Port 8007: starting_new_process - attempt=1[0m
[0;32m[2025-08-04 07:45:03] [INFO] Port 8007: process_started - pid=214170[0m
[0;32m[2025-08-04 07:45:03] [INFO] Port 8012: cleaning_resources - force=false[0m
[0;32m[2025-08-04 07:45:03] [INFO] Port 8007: verifying_restart - timeout=30s[0m
[0;32m[2025-08-04 07:45:03] [INFO] Port 8013: cleaning_resources - force=false[0m
[0;32m[2025-08-04 07:45:03] [INFO] Port 8008: starting_new_process - attempt=1[0m
[0;32m[2025-08-04 07:45:03] [INFO] Port 8008: process_started - pid=214216[0m
[0;32m[2025-08-04 07:45:03] [INFO] Port 8008: verifying_restart - timeout=30s[0m
[0;32m[2025-08-04 07:45:03] [INFO] Port 8005: starting_new_process - attempt=1[0m
[0;32m[2025-08-04 07:45:03] [INFO] Port 8009: starting_new_process - attempt=1[0m
[0;32m[2025-08-04 07:45:03] [INFO] Port 8005: process_started - pid=214232[0m
[0;32m[2025-08-04 07:45:03] [INFO] Port 8009: process_started - pid=214235[0m
[0;32m[2025-08-04 07:45:03] [INFO] Port 8005: verifying_restart - timeout=30s[0m
[0;32m[2025-08-04 07:45:03] [INFO] Port 8009: verifying_restart - timeout=30s[0m
[0;32m[2025-08-04 07:45:03] [INFO] Port 8010: starting_new_process - attempt=1[0m
[0;32m[2025-08-04 07:45:03] [INFO] Port 8010: process_started - pid=214286[0m
[0;32m[2025-08-04 07:45:03] [INFO] Port 8010: verifying_restart - timeout=30s[0m
[0;32m[2025-08-04 07:45:03] [INFO] Port 8011: starting_new_process - attempt=1[0m
[0;32m[2025-08-04 07:45:03] [INFO] Port 8011: process_started - pid=214344[0m
[0;32m[2025-08-04 07:45:03] [INFO] Port 8011: verifying_restart - timeout=30s[0m
[0;32m[2025-08-04 07:45:03] [INFO] Port 8012: starting_new_process - attempt=1[0m
[0;32m[2025-08-04 07:45:03] [INFO] Port 8012: process_started - pid=214369[0m
[0;32m[2025-08-04 07:45:03] [INFO] Port 8012: verifying_restart - timeout=30s[0m
[0;32m[2025-08-04 07:45:03] [INFO] Port 8014: cleaning_resources - force=false[0m
[0;32m[2025-08-04 07:45:03] [INFO] Port 8013: starting_new_process - attempt=1[0m
[0;32m[2025-08-04 07:45:03] [INFO] Port 8014: killing_existing_process - pid=210280[0m
[0;32m[2025-08-04 07:45:03] [INFO] Port 8013: process_started - pid=214452[0m
[0;32m[2025-08-04 07:45:03] [INFO] Port 8013: verifying_restart - timeout=30s[0m
[0;32m[2025-08-04 07:45:03] [INFO] Port 8015: cleaning_resources - force=false[0m
[0;32m[2025-08-04 07:45:03] [INFO] Port 8016: cleaning_resources - force=false[0m
[0;32m[2025-08-04 07:45:03] [INFO] Port 8017: cleaning_resources - force=false[0m
[0;32m[2025-08-04 07:45:03] [INFO] Port 8018: cleaning_resources - force=false[0m
[0;32m[2025-08-04 07:45:03] [INFO] Port 8019: cleaning_resources - force=false[0m
[0;32m[2025-08-04 07:45:03] [INFO] Port 8020: cleaning_resources - force=false[0m
[0;32m[2025-08-04 07:45:03] [INFO] Port 8021: cleaning_resources - force=false[0m
[0;32m[2025-08-04 07:45:03] [INFO] Port 8015: starting_new_process - attempt=1[0m
[0;32m[2025-08-04 07:45:03] [INFO] Port 8015: process_started - pid=214648[0m
[0;32m[2025-08-04 07:45:03] [INFO] Port 8016: starting_new_process - attempt=1[0m
[0;32m[2025-08-04 07:45:03] [INFO] Port 8015: verifying_restart - timeout=30s[0m
[0;32m[2025-08-04 07:45:03] [INFO] Port 8016: process_started - pid=214660[0m
[0;32m[2025-08-04 07:45:03] [INFO] Port 8016: verifying_restart - timeout=30s[0m
[0;32m[2025-08-04 07:45:03] [INFO] Port 8022: cleaning_resources - force=false[0m
[0;32m[2025-08-04 07:45:03] [INFO] Port 8017: starting_new_process - attempt=1[0m
[0;32m[2025-08-04 07:45:03] [INFO] Port 8017: process_started - pid=214703[0m
[0;32m[2025-08-04 07:45:03] [INFO] Port 8017: verifying_restart - timeout=30s[0m
[0;32m[2025-08-04 07:45:03] [INFO] Port 8023: cleaning_resources - force=false[0m
[0;32m[2025-08-04 07:45:03] [INFO] Port 8018: starting_new_process - attempt=1[0m
[0;32m[2025-08-04 07:45:03] [INFO] Port 8018: process_started - pid=214734[0m
[0;32m[2025-08-04 07:45:03] [INFO] Port 8018: verifying_restart - timeout=30s[0m
[0;32m[2025-08-04 07:45:03] [INFO] Port 8024: cleaning_resources - force=false[0m
[0;32m[2025-08-04 07:45:03] [INFO] Port 8019: starting_new_process - attempt=1[0m
[0;32m[2025-08-04 07:45:03] [INFO] Port 8019: process_started - pid=214759[0m
[0;32m[2025-08-04 07:45:03] [INFO] Port 8019: verifying_restart - timeout=30s[0m
[0;32m[2025-08-04 07:45:03] [INFO] Port 8025: cleaning_resources - force=false[0m
[0;32m[2025-08-04 07:45:03] [INFO] Port 8026: cleaning_resources - force=false[0m
[0;32m[2025-08-04 07:45:03] [INFO] Port 8021: starting_new_process - attempt=1[0m
[0;32m[2025-08-04 07:45:03] [INFO] Port 8021: process_started - pid=214865[0m
[0;32m[2025-08-04 07:45:03] [INFO] Port 8021: verifying_restart - timeout=30s[0m
[0;32m[2025-08-04 07:45:03] [INFO] Port 8027: cleaning_resources - force=false[0m
[0;32m[2025-08-04 07:45:03] [INFO] Port 8022: starting_new_process - attempt=1[0m
[0;32m[2025-08-04 07:45:03] [INFO] Port 8022: process_started - pid=214917[0m
[0;32m[2025-08-04 07:45:03] [INFO] Port 8028: cleaning_resources - force=false[0m
[0;32m[2025-08-04 07:45:03] [INFO] Port 8022: verifying_restart - timeout=30s[0m
[0;32m[2025-08-04 07:45:03] [INFO] Port 8023: starting_new_process - attempt=1[0m
[0;32m[2025-08-04 07:45:03] [INFO] Port 8023: process_started - pid=214953[0m
[0;32m[2025-08-04 07:45:03] [INFO] Port 8023: verifying_restart - timeout=30s[0m
[0;32m[2025-08-04 07:45:03] [INFO] Port 8029: cleaning_resources - force=false[0m
[0;32m[2025-08-04 07:45:03] [INFO] Port 8024: starting_new_process - attempt=1[0m
[0;32m[2025-08-04 07:45:03] [INFO] Port 8020: starting_new_process - attempt=1[0m
[0;32m[2025-08-04 07:45:03] [INFO] Port 8024: process_started - pid=215004[0m
[0;32m[2025-08-04 07:45:03] [INFO] Port 8024: verifying_restart - timeout=30s[0m
[0;32m[2025-08-04 07:45:03] [INFO] Port 8020: process_started - pid=215008[0m
[0;32m[2025-08-04 07:45:03] [INFO] Port 8020: verifying_restart - timeout=30s[0m
[0;32m[2025-08-04 07:45:03] [INFO] Port 8025: starting_new_process - attempt=1[0m
[0;32m[2025-08-04 07:45:03] [INFO] Port 8025: process_started - pid=215073[0m
[0;32m[2025-08-04 07:45:03] [INFO] Port 8025: verifying_restart - timeout=30s[0m
[0;32m[2025-08-04 07:45:03] [INFO] Port 8026: starting_new_process - attempt=1[0m
[0;32m[2025-08-04 07:45:03] [INFO] Port 8026: process_started - pid=215121[0m
[0;32m[2025-08-04 07:45:03] [INFO] Port 8026: verifying_restart - timeout=30s[0m
[0;32m[2025-08-04 07:45:03] [INFO] Port 8027: starting_new_process - attempt=1[0m
[0;32m[2025-08-04 07:45:03] [INFO] Port 8027: process_started - pid=215169[0m
[0;32m[2025-08-04 07:45:03] [INFO] Port 8027: verifying_restart - timeout=30s[0m
[0;32m[2025-08-04 07:45:03] [INFO] Port 8028: starting_new_process - attempt=1[0m
[0;32m[2025-08-04 07:45:03] [INFO] Port 8028: process_started - pid=215233[0m
[0;32m[2025-08-04 07:45:03] [INFO] Port 8028: verifying_restart - timeout=30s[0m
[0;32m[2025-08-04 07:45:03] [INFO] Port 8030: cleaning_resources - force=false[0m
[0;32m[2025-08-04 07:45:03] [INFO] Port 8030: killing_existing_process - pid=210769[0m
[0;32m[2025-08-04 07:45:03] [INFO] Port 8029: starting_new_process - attempt=1[0m
[0;32m[2025-08-04 07:45:03] [INFO] Port 8029: process_started - pid=215289[0m
[0;32m[2025-08-04 07:45:03] [INFO] Port 8029: verifying_restart - timeout=30s[0m
[0;31m[2025-08-04 07:45:05] [ERROR] Port 8005: restart_verification_failed - timeout_reached[0m
[0;31m[2025-08-04 07:45:05] [ERROR] Port 8011: restart_verification_failed - timeout_reached[0m
[0;31m[2025-08-04 07:45:05] [ERROR] Port 8005: restart_failed - attempt=1[0m
[0;31m❌ 重启失败[0m
[0;31m[2025-08-04 07:45:05] [ERROR] Port 8011: restart_failed - attempt=1[0m
[0;31m❌ 重启失败[0m
[0;31m[2025-08-04 07:45:05] [ERROR] Port 8006: restart_verification_failed - timeout_reached[0m
[0;31m[2025-08-04 07:45:05] [ERROR] Port 8006: restart_failed - attempt=1[0m
[0;31m❌ 重启失败[0m
[0;31m[2025-08-04 07:45:05] [ERROR] Port 8013: restart_verification_failed - timeout_reached[0m
[0;31m[2025-08-04 07:45:05] [ERROR] Port 8020: restart_verification_failed - timeout_reached[0m
[0;31m[2025-08-04 07:45:05] [ERROR] Port 8013: restart_failed - attempt=1[0m
[0;31m❌ 重启失败[0m
[0;31m[2025-08-04 07:45:05] [ERROR] Port 8020: restart_failed - attempt=1[0m
[0;31m❌ 重启失败[0m
[0;31m[2025-08-04 07:45:05] [ERROR] Port 8000: restart_verification_failed - timeout_reached[0m
[0;31m[2025-08-04 07:45:05] [ERROR] Port 8000: restart_failed - attempt=1[0m
[0;31m❌ 重启失败[0m
[0;31m[2025-08-04 07:45:05] [ERROR] Port 8017: restart_verification_failed - timeout_reached[0m
[0;31m[2025-08-04 07:45:05] [ERROR] Port 8017: restart_failed - attempt=1[0m
[0;31m❌ 重启失败[0m
[0;31m[2025-08-04 07:45:05] [ERROR] Port 8007: restart_verification_failed - timeout_reached[0m
[0;31m[2025-08-04 07:45:05] [ERROR] Port 8007: restart_failed - attempt=1[0m
[0;31m❌ 重启失败[0m
[0;31m[2025-08-04 07:45:05] [ERROR] Port 8003: restart_verification_failed - timeout_reached[0m
[0;31m[2025-08-04 07:45:05] [ERROR] Port 8003: restart_failed - attempt=1[0m
[0;31m❌ 重启失败[0m
[0;31m[2025-08-04 07:45:05] [ERROR] Port 8008: restart_verification_failed - timeout_reached[0m
[0;31m[2025-08-04 07:45:05] [ERROR] Port 8008: restart_failed - attempt=1[0m
[0;31m❌ 重启失败[0m
[0;31m[2025-08-04 07:45:05] [ERROR] Port 8028: restart_verification_failed - timeout_reached[0m
[0;31m[2025-08-04 07:45:05] [ERROR] Port 8028: restart_failed - attempt=1[0m
[0;31m❌ 重启失败[0m
[0;31m[2025-08-04 07:45:05] [ERROR] Port 8010: restart_verification_failed - timeout_reached[0m
[0;31m[2025-08-04 07:45:05] [ERROR] Port 8010: restart_failed - attempt=1[0m
[0;31m❌ 重启失败[0m
[0;31m[2025-08-04 07:45:05] [ERROR] Port 8009: restart_verification_failed - timeout_reached[0m
[0;31m[2025-08-04 07:45:05] [ERROR] Port 8023: restart_verification_failed - timeout_reached[0m
[0;31m[2025-08-04 07:45:05] [ERROR] Port 8009: restart_failed - attempt=1[0m
[0;31m[2025-08-04 07:45:05] [ERROR] Port 8023: restart_failed - attempt=1[0m
[0;31m❌ 重启失败[0m
[0;31m❌ 重启失败[0m
[0;31m[2025-08-04 07:45:05] [ERROR] Port 8002: restart_verification_failed - timeout_reached[0m
[0;31m[2025-08-04 07:45:05] [ERROR] Port 8002: restart_failed - attempt=1[0m
[0;31m❌ 重启失败[0m
[0;31m[2025-08-04 07:45:05] [ERROR] Port 8016: restart_verification_failed - timeout_reached[0m
[0;31m[2025-08-04 07:45:05] [ERROR] Port 8021: restart_verification_failed - timeout_reached[0m
[0;31m[2025-08-04 07:45:05] [ERROR] Port 8016: restart_failed - attempt=1[0m
[0;31m❌ 重启失败[0m
[0;31m[2025-08-04 07:45:05] [ERROR] Port 8021: restart_failed - attempt=1[0m
[0;31m❌ 重启失败[0m
[0;31m[2025-08-04 07:45:05] [ERROR] Port 8027: restart_verification_failed - timeout_reached[0m
[0;31m[2025-08-04 07:45:05] [ERROR] Port 8027: restart_failed - attempt=1[0m
[0;31m❌ 重启失败[0m
[0;31m[2025-08-04 07:45:05] [ERROR] Port 8018: restart_verification_failed - timeout_reached[0m
[0;31m[2025-08-04 07:45:05] [ERROR] Port 8018: restart_failed - attempt=1[0m
[0;31m❌ 重启失败[0m
[0;31m[2025-08-04 07:45:05] [ERROR] Port 8026: restart_verification_failed - timeout_reached[0m
[0;31m[2025-08-04 07:45:05] [ERROR] Port 8026: restart_failed - attempt=1[0m
[0;31m❌ 重启失败[0m
[0;31m[2025-08-04 07:45:05] [ERROR] Port 8012: restart_verification_failed - timeout_reached[0m
[0;31m[2025-08-04 07:45:05] [ERROR] Port 8012: restart_failed - attempt=1[0m
[0;31m❌ 重启失败[0m
[0;31m[2025-08-04 07:45:05] [ERROR] Port 8019: restart_verification_failed - timeout_reached[0m
[0;31m[2025-08-04 07:45:05] [ERROR] Port 8019: restart_failed - attempt=1[0m
[0;31m❌ 重启失败[0m
[0;31m[2025-08-04 07:45:05] [ERROR] Port 8024: restart_verification_failed - timeout_reached[0m
[0;31m[2025-08-04 07:45:05] [ERROR] Port 8024: restart_failed - attempt=1[0m
[0;31m❌ 重启失败[0m
[0;31m[2025-08-04 07:45:05] [ERROR] Port 8015: restart_verification_failed - timeout_reached[0m
[0;31m[2025-08-04 07:45:05] [ERROR] Port 8015: restart_failed - attempt=1[0m
[0;31m❌ 重启失败[0m
[0;31m[2025-08-04 07:45:05] [ERROR] Port 8022: restart_verification_failed - timeout_reached[0m
[0;31m[2025-08-04 07:45:05] [ERROR] Port 8022: restart_failed - attempt=1[0m
[0;31m❌ 重启失败[0m
[0;31m[2025-08-04 07:45:05] [ERROR] Port 8025: restart_verification_failed - timeout_reached[0m
[0;31m[2025-08-04 07:45:05] [ERROR] Port 8025: restart_failed - attempt=1[0m
[0;31m❌ 重启失败[0m
[0;31m[2025-08-04 07:45:05] [ERROR] Port 8029: restart_verification_failed - timeout_reached[0m
[0;31m[2025-08-04 07:45:05] [ERROR] Port 8029: restart_failed - attempt=1[0m
[0;31m❌ 重启失败[0m
[0;32m[2025-08-04 07:45:05] [INFO] Port 8000: restart_verified - success=true[0m
[0;32m[2025-08-04 07:45:05] [INFO] Port 8000: restart_successful - attempt=1[0m
[0;32m✅ 重启成功[0m
[0;32m[2025-08-04 07:45:05] [INFO] Port 8002: restart_verified - success=true[0m
[0;32m[2025-08-04 07:45:05] [INFO] Port 8002: restart_successful - attempt=1[0m
[0;32m✅ 重启成功[0m
[0;32m[2025-08-04 07:45:05] [INFO] Port 8003: restart_verified - success=true[0m
[0;32m[2025-08-04 07:45:05] [INFO] Port 8003: restart_successful - attempt=1[0m
[0;32m✅ 重启成功[0m
[0;32m[2025-08-04 07:45:05] [INFO] Port 8006: restart_verified - success=true[0m
[0;32m[2025-08-04 07:45:05] [INFO] Port 8006: restart_successful - attempt=1[0m
[0;32m✅ 重启成功[0m
[0;32m[2025-08-04 07:45:05] [INFO] Port 8007: restart_verified - success=true[0m
[0;32m[2025-08-04 07:45:05] [INFO] Port 8007: restart_successful - attempt=1[0m
[0;32m✅ 重启成功[0m
[0;32m[2025-08-04 07:45:05] [INFO] Port 8008: restart_verified - success=true[0m
[0;32m[2025-08-04 07:45:05] [INFO] Port 8008: restart_successful - attempt=1[0m
[0;32m✅ 重启成功[0m
[0;32m[2025-08-04 07:45:05] [INFO] Port 8005: restart_verified - success=true[0m
[0;32m[2025-08-04 07:45:05] [INFO] Port 8005: restart_successful - attempt=1[0m
[0;32m✅ 重启成功[0m
[0;32m[2025-08-04 07:45:05] [INFO] Port 8009: restart_verified - success=true[0m
[0;32m[2025-08-04 07:45:05] [INFO] Port 8009: restart_successful - attempt=1[0m
[0;32m✅ 重启成功[0m
[0;32m[2025-08-04 07:45:05] [INFO] Port 8010: restart_verified - success=true[0m
[0;32m[2025-08-04 07:45:05] [INFO] Port 8010: restart_successful - attempt=1[0m
[0;32m✅ 重启成功[0m
[0;32m[2025-08-04 07:45:05] [INFO] Port 8011: restart_verified - success=true[0m
[0;32m[2025-08-04 07:45:05] [INFO] Port 8011: restart_successful - attempt=1[0m
[0;32m✅ 重启成功[0m
[0;32m[2025-08-04 07:45:05] [INFO] Port 8012: restart_verified - success=true[0m
[0;32m[2025-08-04 07:45:05] [INFO] Port 8012: restart_successful - attempt=1[0m
[0;32m✅ 重启成功[0m
[0;32m[2025-08-04 07:45:05] [INFO] Port 8013: restart_verified - success=true[0m
[0;32m[2025-08-04 07:45:05] [INFO] Port 8013: restart_successful - attempt=1[0m
[0;32m✅ 重启成功[0m
[0;32m[2025-08-04 07:45:05] [INFO] Port 8015: restart_verified - success=true[0m
[0;32m[2025-08-04 07:45:05] [INFO] Port 8015: restart_successful - attempt=1[0m
[0;32m✅ 重启成功[0m
[0;32m[2025-08-04 07:45:05] [INFO] Port 8016: restart_verified - success=true[0m
[0;32m[2025-08-04 07:45:05] [INFO] Port 8016: restart_successful - attempt=1[0m
[0;32m✅ 重启成功[0m
[0;32m[2025-08-04 07:45:05] [INFO] Port 8017: restart_verified - success=true[0m
[0;32m[2025-08-04 07:45:05] [INFO] Port 8017: restart_successful - attempt=1[0m
[0;32m✅ 重启成功[0m
[0;32m[2025-08-04 07:45:05] [INFO] Port 8018: restart_verified - success=true[0m
[0;32m[2025-08-04 07:45:05] [INFO] Port 8018: restart_successful - attempt=1[0m
[0;32m✅ 重启成功[0m
[0;32m[2025-08-04 07:45:05] [INFO] Port 8019: restart_verified - success=true[0m
[0;32m[2025-08-04 07:45:05] [INFO] Port 8019: restart_successful - attempt=1[0m
[0;32m✅ 重启成功[0m
[0;32m[2025-08-04 07:45:05] [INFO] Port 8021: restart_verified - success=true[0m
[0;32m[2025-08-04 07:45:05] [INFO] Port 8021: restart_successful - attempt=1[0m
[0;32m✅ 重启成功[0m
[0;32m[2025-08-04 07:45:05] [INFO] Port 8022: restart_verified - success=true[0m
[0;32m[2025-08-04 07:45:05] [INFO] Port 8022: restart_successful - attempt=1[0m
[0;32m✅ 重启成功[0m
[0;32m[2025-08-04 07:45:05] [INFO] Port 8023: restart_verified - success=true[0m
[0;32m[2025-08-04 07:45:05] [INFO] Port 8023: restart_successful - attempt=1[0m
[0;32m✅ 重启成功[0m
[0;32m[2025-08-04 07:45:05] [INFO] Port 8024: restart_verified - success=true[0m
[0;32m[2025-08-04 07:45:05] [INFO] Port 8020: restart_verified - success=true[0m
[0;32m[2025-08-04 07:45:05] [INFO] Port 8024: restart_successful - attempt=1[0m
[0;32m✅ 重启成功[0m
[0;32m[2025-08-04 07:45:05] [INFO] Port 8020: restart_successful - attempt=1[0m
[0;32m✅ 重启成功[0m
[0;32m[2025-08-04 07:45:05] [INFO] Port 8025: restart_verified - success=true[0m
[0;32m[2025-08-04 07:45:05] [INFO] Port 8025: restart_successful - attempt=1[0m
[0;32m✅ 重启成功[0m
[0;32m[2025-08-04 07:45:05] [INFO] Port 8026: restart_verified - success=true[0m
[0;32m[2025-08-04 07:45:05] [INFO] Port 8026: restart_successful - attempt=1[0m
[0;32m✅ 重启成功[0m
[0;32m[2025-08-04 07:45:05] [INFO] Port 8027: restart_verified - success=true[0m
[0;32m[2025-08-04 07:45:05] [INFO] Port 8027: restart_successful - attempt=1[0m
[0;32m✅ 重启成功[0m
[0;32m[2025-08-04 07:45:05] [INFO] Port 8028: restart_verified - success=true[0m
[0;32m[2025-08-04 07:45:05] [INFO] Port 8028: restart_successful - attempt=1[0m
[0;32m✅ 重启成功[0m
[0;32m[2025-08-04 07:45:05] [INFO] Port 8029: restart_verified - success=true[0m
[0;32m[2025-08-04 07:45:05] [INFO] Port 8029: restart_successful - attempt=1[0m
[0;32m✅ 重启成功[0m
Terminated

[0;31m🛑 停止进程监控守护程序...[0m

[0;31m🛑 停止进程监控守护程序...[0m
{"timestamp":"2025-08-04 07:45:05","level":"INFO","port":supervisor,"event":"supervisor_stopping","details":""}
[0;32m[2025-08-04 07:45:05][0m Port supervisor: supervisor_stopping
